P2
# Written by pgmio::pgmwrite
384 384
255
255 125 125 126 127 127 127 126 124 121 121 121 121 126 128 122 
125 126 123 123 127 123 119 122 116 123 125 126 125 124 123 116 
121 121 121 120 117 115 114 115 115 117 120 122 122 123 123 123 
115 117 116 111 107 110 112 113 113 115 120 124 127 124 117 111 
123 122 122 121 116 111 114 120 125 126 121 112 110 114 115 113 
 99 106 113 114 115 117 121 123 114 115 114 116 114 112 107 104 
115 115 112 116 123 122 116 118 111 115 113 106 101 104 112 118 
117 120 125 122 117 122 124 118 118 105  94 100 115 117 116 121 
123 121 120 117 117 118 115 114 104 111 116 115 115 119 121 120 
111 111 112 116 111  98  99 115 117 124 121 122 117 111 116 114 
115 123 112 104 114 116 111 119 120 119 115 109 109 111 114 114 
111 114 112 109 111 117 117 110 116 109 107 113 116 114 111 111 
111 115 118 117 114 112 114 116 116 121 118 120 118 118 118 100 
 99 105 107 107 109 114 114 112 113 112 112 109 103 100 108 117 
121 119 117 117 122 124 123 121 112 101  99 110 117 115 113 116 
120 108 105 115 124 124 123 126 124 125 126 127 128 125 120 114 
118 114 107 101 103 108 112 113 109 109 110 112 114 114 112 110 
106 112  99 104 104 104 114  93  89 106 117 122 126 124 121 122 
124 119 123 122 118 121 124 126 124 124 124 122 120 120 123 126 
128 131 129 126 128 127 122 120 118 120 117 120 116 115 126 123 
126 117 113 116 120 120 118 120 119 123 126 126 123 121 120 119 
118 117 117 118 118 121 125 129 126 124 123 121 120 121 121 123 
120 124 127 128 123 121 120 120 121 122 121 118 120 124 126 124 
120 120 118 121 121 120 121 109 106 126 110  94  95  94  98 103 
130   0   0   0   0   0   0   0   0   0   0   0   0   0   0   0 
  0   0   0   0   0   0   0   1   2   1   1   1   1   1   1   2 
  1   0   0   0   0   0   0   0   0   0   0   0   0   0   0   0 
  0   0   0   0   0   0   0   0   0   0   0   0   0   0   0   0 
  0   0   0   0   0   0   0   0   0   0   0   0   0   0   0   0 
  0   0   0   0   0   0   0   0   0   0   1   1   1   1   0   1 
  1   0   0   0   0   0   0   1   1   0   0   0   0   0   0   1 
  1   0   0   0   0   0   0   0   0   0   0   0   0   0   0   0 
  1   1   1   1   1   1   1   1   0   0   0   0   0   0   0   0 
  0   0   0   0   0   0   0   0   0   0   0   0   0   0   0   0 
  0   0   0   0   0   0   0   0   0   0   0   0   0   0   0   0 
  0   0   0   0   0   0   0   0   0   0   0   0   0   0   0   0 
  0   0   0   0   0   0   0   0   0   0   0   0   0   0   0   0 
  0   0   0   0   0   0   0   0   0   0   0   0   0   0   0   0 
  0   0   0   0   0   0   0   0   0   0   0   0   0   0   0   0 
  0   0   0   0   0   0   0   1   1   0   0   0   0   0   0   1 
  1   0   0   0   0   0   0   1   1   0   0   0   0   0   0   1 
  1   0   0   0   0   0   0   1   1   0   0   0   0   0   0   1 
  1   1   1   1   1   1   1   1   1   0   0   0   0   0   0   1 
  1   0   0   0   0   0   0   0   0   0   0   0   0   0   0   0 
  0   0   0   0   0   0   0   1   1   0   0   0   0   0   0   1 
  1   0   0   0   0   0   0   1   1   0   0   0   0   0   0   1 
  1   0   1   1   1   1   0   0   0   0   0   0   0   0   0   1 
  0   1   1   1   1   1   1   0   1   0   0   0   0   0   0   0 
129   0   0   0   0   0   0   0   0   0   0   0   0   0   0   0 
  0   0   0   0   0   0   0   1   0   1   1   1   1   1   1   0 
  1   0   0   0   0   0   0   0   0   0   0   0   0   0   0   0 
  0   0   0   0   0   0   0   0   0   0   0   0   0   0   0   0 
  0   0   0   0   0   0   0   0   0   0   0   0   0   0   0   0 
  0   0   0   0   0   0   0   0   0   0   1   1   1   1   0   1 
  1   0   0   0   0   0   0   1   1   1   1   1   1   1   1   1 
  1   0   0   0   0   0   0   0   0   0   0   0   0   0   0   0 
  1   1   1   1   1   1   1   1   0   0   0   0   0   0   0   0 
  0   0   0   0   0   0   0   0   0   0   0   0   0   0   0   0 
  0   0   0   0   0   0   0   0   0   0   0   0   0   0   0   0 
  0   0   0   0   0   0   0   0   0   0   0   0   0   0   0   0 
  0   0   0   0   0   0   0   0   0   0   0   0   0   0   0   0 
  0   0   0   0   0   0   0   0   0   0   0   0   0   0   0   0 
  0   0   0   0   0   0   0   0   0   0   0   0   0   0   0   0 
  0   0   0   0   0   0   0   1   1   1   1   1   1   1   1   1 
  1   0   0   0   0   0   0   1   1   1   1   1   1   1   1   1 
  1   0   0   0   0   0   0   1   1   1   1   1   1   1   1   1 
  0   1   1   1   1   1   1   0   1   1   1   1   1   1   1   2 
  1   0   0   0   0   0   0   0   0   0   0   0   0   0   0   0 
  0   0   0   0   0   0   0   1   2   1   1   1   1   1   1   1 
  1   0   0   0   0   0   0   1   1   0   0   0   0   0   0   1 
  1   0   1   1   1   1   0   0   0   0   0   0   0   0   0   1 
  1   1   1   1   1   1   1   1   1   0   0   0   0   0   0   0 
129   0   0   0   0   0   0   0   0   0   0   0   0   0   0   0 
  0   0   0   0   0   0   0   1   1   1   1   1   1   1   1   1 
  1   0   0   0   0   0   0   0   0   0   0   0   0   0   0   0 
  0   0   0   0   0   0   0   0   0   0   0   0   0   0   0   0 
  0   0   0   0   0   0   0   0   0   0   0   0   0   0   0   0 
  0   0   0   0   0   0   0   0   0   0   1   1   1   1   0   1 
  1   0   0   0   0   0   0   0   1   1   1   1   1   1   1   1 
  0   0   0   0   0   0   0   0   0   0   0   0   0   0   0   0 
  1   1   1   1   1   1   1   1   0   0   0   0   0   0   0   0 
  0   0   0   0   0   0   0   0   0   0   0   0   0   0   0   0 
  0   0   0   0   0   0   0   0   0   0   0   0   0   0   0   0 
  0   0   0   0   0   0   0   0   0   0   0   0   0   0   0   0 
  0   0   0   0   0   0   0   0   0   0   0   0   0   0   0   0 
  0   0   0   0   0   0   0   0   0   0   0   0   0   0   0   0 
  0   0   0   0   0   0   0   0   0   0   0   0   0   0   0   0 
  0   0   0   0   0   0   0   0   1   1   1   1   1   1   1   1 
  0   0   0   0   0   0   0   0   1   1   1   1   1   1   1   1 
  0   0   0   0   0   0   0   0   1   1   1   1   1   1   1   0 
  2   1   1   0   0   1   1   2   0   1   1   1   1   1   1   0 
  1   0   0   0   0   0   0   0   0   0   0   0   0   0   0   0 
  0   0   0   0   0   0   0   1   0   1   1   1   1   1   1   1 
  0   0   0   0   0   0   0   1   1   0   0   0   0   0   0   1 
  1   0   1   1   1   1   0   0   0   0   0   0   0   0   0   0 
  1   1   1   0   0   1   1   1   0   0   0   0   0   0   0   0 
129   0   0   0   0   0   0   0   0   0   0   0   0   0   0   0 
  0   0   0   0   0   0   0   1   2   1   1   0   0   1   1   2 
  1   0   0   0   0   0   0   0   0   0   0   0   0   0   0   0 
  0   0   0   0   0   0   0   0   0   0   0   0   0   0   0   0 
  0   0   0   0   0   0   0   0   0   0   0   0   0   0   0   0 
  0   0   0   0   0   0   0   0   0   0   1   1   1   1   0   1 
  1   0   0   0   0   0   0   0   1   1   1   1   1   1   1   1 
  0   0   0   0   0   0   0   0   0   0   0   0   0   0   0   0 
  1   1   1   1   1   1   1   1   0   0   0   0   0   0   0   0 
  0   0   0   0   0   0   0   0   0   0   0   0   0   0   0   0 
  0   0   0   0   0   0   0   0   0   0   0   0   0   0   0   0 
  0   0   0   0   0   0   0   0   0   0   0   0   0   0   0   0 
  0   0   0   0   0   0   0   0   0   0   0   0   0   0   0   0 
  0   0   0   0   0   0   0   0   0   0   0   0   0   0   0   0 
  0   0   0   0   0   0   0   0   0   0   0   0   0   0   0   0 
  0   0   0   0   0   0   0   0   1   1   1   1   1   1   1   1 
  0   0   0   0   0   0   0   0   1   1   1   1   1   1   1   1 
  0   0   0   0   0   0   0   0   1   1   1   1   1   1   1   1 
  1   1   1   1   1   1   1   1   1   1   1   1   1   1   1   1 
  1   0   0   0   0   0   0   0   0   0   0   0   0   0   0   0 
  0   0   0   0   0   0   0   1   1   1   1   1   1   1   1   1 
  0   0   0   0   0   0   0   1   1   0   0   0   0   0   0   1 
  1   0   1   1   1   1   0   0   0   0   0   0   0   0   0   0 
  0   1   1   1   1   1   1   0   0   0   0   0   0   0   0   0 
128   0   0   0   0   0   0   0   0   0   0   0   0   0   0   0 
  0   0   0   0   0   0   0   0   1   1   1   1   1   1   1   1 
  0   0   0   0   0   0   0   0   0   0   0   0   0   0   0   0 
  0   0   0   0   0   0   0   0   0   0   0   0   0   0   0   0 
  0   0   0   0   0   0   0   0   0   0   0   0   0   0   0   0 
  0   0   0   0   0   0   0   0   0   0   1   1   1   1   0   1 
  1   0   0   0   0   0   0   1   1   1   1   1   1   1   1   1 
  1   0   0   0   0   0   0   0   0   0   0   0   0   0   0   0 
  1   1   1   1   1   1   1   1   0   0   0   0   0   0   0   0 
  0   0   0   0   0   0   0   0   0   0   0   0   0   0   0   0 
  0   0   0   0   0   0   0   0   0   0   0   0   0   0   0   0 
  0   0   0   0   0   0   0   0   0   0   0   0   0   0   0   0 
  0   0   0   0   0   0   0   0   0   0   0   0   0   0   0   0 
  0   0   0   0   0   0   0   0   0   0   0   0   0   0   0   0 
  0   0   0   0   0   0   0   0   0   0   0   0   0   0   0   0 
  0   0   0   0   0   0   0   1   1   1   1   1   1   1   1   1 
  1   0   0   0   0   0   0   1   1   1   1   1   1   1   1   1 
  1   0   0   0   0   0   0   1   1   1   1   1   1   1   1   1 
  1   1   1   1   1   1   1   1   1   1   1   1   1   1   1   1 
  0   0   0   0   0   0   0   0   0   0   0   0   0   0   0   0 
  0   0   0   0   0   0   0   0   1   1   1   1   1   1   1   1 
  1   0   0   0   0   0   0   1   1   0   0   0   0   0   0   1 
  1   0   1   1   1   1   0   0   0   0   0   0   0   0   0   0 
  1   1   1   1   1   1   1   1   0   0   0   0   0   0   0   0 
128   0   0   0   0   0   0   0   0   0   0   0   0   0   0   0 
  0   0   0   0   0   0   0   0   1   1   1   1   1   1   1   1 
  0   0   0   0   0   0   0   0   0   0   0   0   0   0   0   0 
  0   0   0   0   0   0   0   0   0   0   0   0   0   0   0   0 
  0   0   0   0   0   0   0   0   0   0   0   0   0   0   0   0 
  0   0   0   0   0   0   0   0   0   0   1   1   1   1   0   1 
  1   0   0   0   0   0   0   1   1   0   0   0   0   0   0   1 
  1   0   0   0   0   0   0   0   0   0   0   0   0   0   0   0 
  1   1   1   1   1   1   1   1   0   0   0   0   0   0   0   0 
  0   0   0   0   0   0   0   0   0   0   0   0   0   0   0   0 
  0   0   0   0   0   0   0   0   0   0   0   0   0   0   0   0 
  0   0   0   0   0   0   0   0   0   0   0   0   0   0   0   0 
  0   0   0   0   0   0   0   0   0   0   0   0   0   0   0   0 
  0   0   0   0   0   0   0   0   0   0   0   0   0   0   0   0 
  0   0   0   0   0   0   0   0   0   0   0   0   0   0   0   0 
  0   0   0   0   0   0   0   1   1   0   0   0   0   0   0   1 
  1   0   0   0   0   0   0   1   1   0   0   0   0   0   0   1 
  1   0   0   0   0   0   0   1   1   0   0   0   0   0   0   1 
  2   1   1   1   1   1   1   2   1   0   0   0   0   0   0   0 
  0   0   0   0   0   0   0   0   0   0   0   0   0   0   0   0 
  0   0   0   0   0   0   0   0   0   0   0   0   0   0   0   1 
  1   0   0   0   0   0   0   1   1   0   0   0   0   0   0   1 
  1   0   1   1   1   1   0   0   0   0   0   0   0   0   0   1 
  2   1   1   1   1   1   1   2   1   0   0   0   0   0   0   0 
128   0   0   0   0   0   0   0   0   0   0   0   0   0   0   0 
  0   0   0   0   0   0   0   0   1   1   0   2   2   0   1   1 
  1   0   0   1   1   0   0   1   1   1   1   0   0   1   1   1 
  0   0   0   0   0   0   0   0   1   1   1   1   1   1   1   1 
  0   0   0   0   0   0   0   0   1   1   1   1   1   1   1   1 
  1   1   1   1   1   1   1   1   1   1   1   1   1   1   1   1 
  1   0   0   0   0   0   0   1   1   1   1   1   1   1   1   1 
  1   0   0   0   0   0   0   0   0   0   0   0   0   0   0   0 
  1   1   0   2   2   0   1   1   0   0   0   0   0   0   0   0 
  0   0   0   0   0   0   0   0   1   1   1   0   0   1   1   1 
  1   1   1   1   1   1   1   1   0   0   0   0   0   0   0   0 
  1   1   1   1   1   1   1   1   1   1   1   1   1   1   1   1 
  0   0   0   0   0   0   0   0   1   1   1   1   1   1   1   1 
  0   0   0   0   0   0   0   0   1   1   1   1   1   1   1   1 
  1   1   1   1   1   1   1   1   0   0   0   0   0   0   0   0 
  0   0   0   1   1   1   1   2   1   0   0   0   0   0   0   1 
  1   1   1   1   1   1   1   1   1   0   0   0   0   0   0   1 
  2   1   1   1   1   0   0   0   1   0   0   0   0   0   0   1 
  2   1   1   1   1   1   1   2   1   1   0   1   1   1   1   0 
  1   1   1   1   1   1   1   1   0   0   0   0   0   0   0   0 
  0   0   0   0   0   0   0   0   0   0   0   0   0   0   0   1 
  1   1   1   1   1   1   1   1   1   0   0   0   0   0   0   1 
  2   1   2   0   1   1   0   0   0   0   0   0   0   0   0   1 
  2   0   1   1   1   1   0   2   1   0   0   0   0   0   0   0 
127   0   0   0   0   0   0   0   0   0   0   0   0   0   0   0 
  0   0   0   0   0   0   0   0   0   1   1   1   1   1   1   1 
  2   1   1   1   1   1   1   1   1   1   1   1   1   1   1   1 
  1   0   0   0   0   0   0   1   1   1   1   1   1   1   1   1 
  1   0   0   0   0   0   0   1   1   1   1   1   1   1   1   1 
  1   1   1   1   1   1   1   1   1   1   1   0   0   1   1   1 
  0   0   0   0   0   0   0   0   1   1   1   1   1   1   1   1 
  0   0   0   0   0   0   0   0   0   0   0   0   0   0   0   0 
  0   1   1   1   1   1   1   0   0   0   0   0   0   0   0   0 
  0   0   0   0   0   0   0   1   3   0   1   1   1   1   0   2 
  0   1   1   1   1   1   1   1   1   0   0   0   0   0   0   1 
  1   1   1   1   1   1   1   1   1   1   1   1   1   1   1   1 
  1   0   0   0   0   0   0   1   2   1   1   1   1   1   1   2 
  1   0   0   0   0   0   0   1   1   1   1   1   1   1   1   1 
  1   1   1   1   1   1   1   1   1   0   0   0   0   0   0   0 
  0   0   1   1   0   2   1   2   1   0   0   0   0   0   0   0 
  1   1   1   1   1   1   1   1   0   0   0   0   0   0   0   1 
  2   1   2   0   1   1   1   3   1   0   0   0   0   0   0   0 
  1   0   0   1   1   0   0   1   3   1   0   1   1   1   1   1 
  2   1   1   1   1   1   1   2   1   0   0   0   0   0   0   0 
  0   0   0   0   0   0   0   0   0   0   0   0   0   0   0   0 
  1   1   1   1   1   1   1   1   0   0   0   0   0   0   0   0 
  1   1   1   1   1   0   0   0   0   0   0   0   0   0   0   1 
  2   1   1   0   0   1   1   2   1   0   0   0   0   0   0   0 
127   0   0   0   0   0   0   0   0   0   0   0   0   0   0   0 
  0   0   0   0   0   0   0   0   0   0   0   0   0   0   0   1 
  1   1   1   1   1   1   1   1   0   0   1   1   1   1   0   1 
  1   0   0   0   0   0   0   1   1   0   0   0   0   0   0   1 
  1   0   0   0   0   0   0   1   1   0   0   0   0   0   0   0 
  0   0   0   0   0   0   0   0   0   0   0   0   0   0   0   0 
  0   0   0   0   0   0   0   0   0   0   0   0   0   0   0   0 
  0   0   0   0   0   0   0   0   0   0   0   0   0   0   0   0 
  0   0   0   0   0   0   0   0   0   0   0   0   0   0   0   0 
  0   0   0   0   0   0   0   1   2   1   1   1   1   1   1   2 
  1   0   0   0   0   0   0   1   1   0   0   0   0   0   0   1 
  1   0   0   0   0   0   0   0   0   0   0   0   0   0   0   1 
  1   0   0   0   0   0   0   0   1   1   1   1   1   1   1   1 
  0   0   0   0   0   0   0   1   1   0   0   0   0   0   0   0 
  0   0   0   0   0   0   0   1   1   0   0   0   0   0   0   0 
  0   0   1   1   1   1   0   1   1   0   0   0   0   0   0   0 
  0   0   0   0   0   0   0   0   0   0   0   0   0   0   0   1 
  2   2   1   0   0   1   2   1   1   0   0   0   0   0   0   0 
  0   0   0   0   0   0   0   1   2   0   0   1   0   0   1   1 
  1   0   0   0   0   0   0   1   1   0   0   0   0   0   0   0 
  0   0   0   0   0   0   0   0   0   0   0   0   0   0   0   0 
  0   0   0   0   0   0   0   0   0   0   0   0   0   0   0   0 
  0   0   0   0   0   0   0   0   0   0   0   0   0   0   0   1 
  1   0   0   0   0   0   0   1   1   0   0   0   0   0   0   0 
127   0   0   0   0   0   0   0   0   0   0   0   0   0   0   0 
  0   0   0   0   0   0   0   0   0   0   0   0   0   0   0   1 
  1   1   1   1   1   1   1   1   0   0   1   1   1   1   0   1 
  1   1   1   1   1   1   1   1   1   0   0   0   0   0   0   1 
  1   1   1   1   1   1   1   1   1   0   0   0   0   0   0   0 
  0   0   0   0   0   0   0   0   0   0   0   0   0   0   0   0 
  0   0   0   0   0   0   0   0   0   0   0   0   0   0   0   0 
  0   0   0   0   0   0   0   0   0   0   0   0   0   0   0   0 
  0   0   0   0   0   0   0   0   0   0   0   0   0   0   0   0 
  0   0   0   0   0   0   0   1   0   1   1   1   1   1   1   1 
  1   1   1   1   1   1   1   1   1   0   0   0   0   0   0   1 
  1   0   0   0   0   0   0   0   0   0   0   0   0   0   0   1 
  1   0   0   0   0   0   0   0   1   1   1   1   1   1   1   1 
  1   1   1   1   1   1   1   1   1   0   0   0   0   0   0   0 
  0   0   0   0   0   0   0   1   1   1   1   1   1   1   1   1 
  1   1   1   0   0   1   1   1   1   0   0   0   0   0   0   0 
  0   0   0   0   0   0   0   0   0   0   0   0   0   0   0   1 
  1   2   1   0   0   1   2   2   1   0   0   0   0   0   0   0 
  0   0   0   0   0   0   0   1   2   0   0   1   0   0   1   1 
  2   1   1   1   1   1   1   2   1   0   0   0   0   0   0   0 
  0   0   0   0   0   0   0   0   0   0   0   0   0   0   0   0 
  0   0   0   0   0   0   0   0   0   0   0   0   0   0   0   0 
  0   0   0   0   0   0   0   0   0   0   0   0   0   0   0   1 
  1   1   1   1   1   1   1   1   1   0   0   0   0   0   0   0 
126   0   0   0   0   0   0   0   0   0   0   0   0   0   0   0 
  0   0   0   0   0   0   0   0   0   0   0   0   0   0   0   1 
  1   1   1   1   1   1   1   1   0   0   1   1   1   1   0   0 
  1   1   1   1   1   1   1   1   0   0   0   0   0   0   0   0 
  1   1   1   1   1   1   1   1   0   0   0   0   0   0   0   0 
  0   0   0   0   0   0   0   0   0   0   0   0   0   0   0   0 
  0   0   0   0   0   0   0   0   0   0   0   0   0   0   0   0 
  0   0   0   0   0   0   0   0   0   0   0   0   0   0   0   0 
  0   0   0   0   0   0   0   0   0   0   0   0   0   0   0   0 
  0   0   0   0   0   0   0   1   1   1   1   1   1   1   1   1 
  1   1   1   1   1   1   1   1   0   0   0   0   0   0   0   1 
  1   0   0   0   0   0   0   0   0   0   0   0   0   0   0   1 
  1   0   0   0   0   0   0   1   1   1   1   1   1   1   1   1 
  1   1   1   1   1   1   1   1   0   0   0   0   0   0   0   0 
  0   0   0   0   0   0   0   0   1   1   1   1   1   1   1   1 
  1   1   0   0   0   0   1   1   0   0   0   0   0   0   0   0 
  0   0   0   0   0   0   0   0   0   0   0   0   0   0   0   1 
  2   1   1   1   1   1   0   1   1   0   0   0   0   0   0   0 
  0   0   0   0   0   0   0   1   2   0   0   1   0   0   1   0 
  0   1   1   1   1   1   1   0   1   0   0   0   0   0   0   0 
  0   0   0   0   0   0   0   0   0   0   0   0   0   0   0   0 
  0   0   0   0   0   0   0   0   0   0   0   0   0   0   0   0 
  0   0   0   0   0   0   0   0   0   0   0   0   0   0   0   0 
  1   1   1   1   1   1   1   1   0   0   0   0   0   0   0   0 
126   0   0   0   0   0   0   0   0   0   0   0   0   0   0   0 
  0   0   0   0   0   0   0   0   0   0   0   0   0   0   0   1 
  1   1   1   1   1   1   1   1   0   0   1   1   1   1   0   0 
  1   1   1   1   1   1   1   1   0   0   0   0   0   0   0   0 
  1   1   1   1   1   1   1   1   0   0   0   0   0   0   0   0 
  0   0   0   0   0   0   0   0   0   0   0   0   0   0   0   0 
  0   0   0   0   0   0   0   0   0   0   0   0   0   0   0   0 
  0   0   0   0   0   0   0   0   0   0   0   0   0   0   0   0 
  0   0   0   0   0   0   0   0   0   0   0   0   0   0   0   0 
  0   0   0   0   0   0   0   1   2   1   1   0   0   1   1   2 
  0   1   1   1   1   1   1   1   0   0   0   0   0   0   0   1 
  1   0   0   0   0   0   0   0   0   0   0   0   0   0   0   1 
  1   0   0   0   0   0   0   1   1   1   1   1   1   1   1   1 
  1   1   1   1   1   1   1   1   0   0   0   0   0   0   0   0 
  0   0   0   0   0   0   0   0   1   1   1   1   1   1   1   1 
  1   1   0   0   0   0   1   1   0   0   0   0   0   0   0   0 
  0   0   0   0   0   0   0   0   0   0   0   0   0   0   0   1 
  2   1   1   1   1   1   0   1   1   0   0   0   0   0   0   0 
  0   0   0   0   0   0   0   1   2   0   0   1   0   0   1   0 
  1   1   1   1   1   1   1   1   1   0   0   0   0   0   0   0 
  0   0   0   0   0   0   0   0   0   0   0   0   0   0   0   0 
  0   0   0   0   0   0   0   0   0   0   0   0   0   0   0   0 
  0   0   0   0   0   0   0   0   0   0   0   0   0   0   0   0 
  1   1   1   1   1   1   1   1   0   0   0   0   0   0   0   0 
126   0   0   0   0   0   0   0   0   0   0   0   0   0   0   0 
  0   0   0   0   0   0   0   0   0   0   0   0   0   0   0   1 
  1   1   1   1   1   1   1   1   0   0   1   1   1   1   0   1 
  1   1   1   1   1   1   1   1   1   0   0   0   0   0   0   1 
  1   1   1   1   1   1   1   1   1   0   0   0   0   0   0   0 
  0   0   0   0   0   0   0   0   0   0   0   0   0   0   0   0 
  0   0   0   0   0   0   0   0   0   0   0   0   0   0   0   0 
  0   0   0   0   0   0   0   0   0   0   0   0   0   0   0   0 
  0   0   0   0   0   0   0   0   0   0   0   0   0   0   0   0 
  0   0   0   0   0   0   0   0   1   1   1   1   1   1   1   0 
  1   1   1   1   1   1   1   1   1   0   0   0   0   0   0   1 
  1   0   0   0   0   0   0   0   0   0   0   0   0   0   0   1 
  1   0   0   0   0   0   0   0   1   1   1   1   1   1   1   2 
  2   1   1   1   1   1   1   1   1   0   0   0   0   0   0   0 
  0   0   0   0   0   0   0   1   1   1   1   1   1   1   1   1 
  1   1   1   0   0   1   1   1   1   0   0   0   0   0   0   0 
  0   0   0   0   0   0   0   0   0   0   0   0   0   0   0   1 
  1   2   1   0   0   1   2   2   1   0   0   0   0   0   0   0 
  0   0   0   0   0   0   0   1   2   0   0   1   0   0   1   1 
  1   1   1   1   1   1   1   1   0   0   0   0   0   0   0   0 
  0   0   0   0   0   0   0   0   0   0   0   0   0   0   0   0 
  0   0   0   0   0   0   0   0   0   0   0   0   0   0   0   0 
  0   0   0   0   0   0   0   0   0   0   0   0   0   0   0   1 
  1   1   1   1   1   1   1   1   1   0   0   0   0   0   0   0 
125   0   0   0   0   0   0   0   0   0   0   0   0   0   0   0 
  0   0   0   0   0   0   0   0   0   0   0   0   0   0   0   1 
  1   1   1   1   1   1   1   1   0   0   1   1   1   1   0   1 
  1   0   0   0   0   0   0   1   1   0   0   0   0   0   0   1 
  1   0   0   0   0   0   0   1   1   0   0   0   0   0   0   0 
  0   0   0   0   0   0   0   0   0   0   0   0   0   0   0   0 
  0   0   0   0   0   0   0   0   0   0   0   0   0   0   0   0 
  0   0   0   0   0   0   0   0   0   0   0   0   0   0   0   0 
  0   0   0   0   0   0   0   0   0   0   0   0   0   0   0   0 
  0   0   0   0   0   0   0   0   1   1   1   1   1   1   1   1 
  1   0   0   0   0   0   0   1   1   0   0   0   0   0   0   1 
  1   0   0   0   0   0   0   0   0   0   0   0   0   0   0   1 
  1   0   0   0   0   0   0   0   1   1   1   1   1   1   1   1 
  1   0   0   0   0   0   0   1   1   0   0   0   0   0   0   0 
  0   0   0   0   0   0   0   1   1   0   0   0   0   0   0   0 
  0   0   1   1   1   1   0   1   1   0   0   0   0   0   0   0 
  0   0   0   0   0   0   0   0   0   0   0   0   0   0   0   1 
  2   2   1   0   0   1   2   1   1   0   0   0   0   0   0   0 
  0   0   0   0   0   0   0   1   2   0   0   1   0   0   1   1 
  0   0   0   0   0   0   0   0   0   0   0   0   0   0   0   0 
  0   0   0   0   0   0   0   0   0   0   0   0   0   0   0   0 
  0   0   0   0   0   0   0   0   0   0   0   0   0   0   0   0 
  0   0   0   0   0   0   0   0   0   0   0   0   0   0   0   1 
  1   0   0   0   0   0   0   1   1   0   0   0   0   0   0   0 
124   1   1   1   1   1   1   1   1   1   1   1   1   1   1   1 
  1   1   1   1   1   1   1   1   1   1   1   1   1   1   1   0 
  2   0   1   1   1   1   0   2   1   1   2   0   1   1   0   1 
  1   1   1   1   1   1   1   1   1   0   0   0   0   0   0   1 
  1   1   1   1   1   1   1   1   0   1   1   1   1   1   1   1 
  0   0   0   0   0   0   0   0   0   0   0   0   0   0   0   0 
  0   0   0   0   0   0   0   0   0   0   0   0   0   0   0   0 
  1   1   1   1   1   1   1   1   1   1   1   1   1   1   1   1 
  1   0   0   1   1   0   0   1   0   0   0   0   0   0   0   0 
  1   1   1   1   1   1   1   1   1   1   1   1   1   1   1   2 
  1   0   0   0   0   0   0   1   1   0   0   0   0   0   0   1 
  1   0   0   0   0   0   0   0   0   0   0   0   0   0   0   1 
  1   0   0   0   0   0   0   1   2   2   2   2   2   2   2   3 
  3   1   1   1   1   1   1   2   1   0   0   0   0   0   0   0 
  1   1   1   1   1   1   1   1   1   1   1   1   1   1   1   1 
  1   1   1   1   1   1   1   1   1   0   0   0   0   0   0   0 
  0   0   0   0   0   0   0   0   1   1   1   1   1   1   1   1 
  1   1   2   1   1   2   0   3   1   0   0   0   0   0   0   0 
  0   1   1   1   1   1   1   1   3   1   0   1   1   1   1   1 
  0   0   0   0   0   0   0   0   0   0   0   0   0   0   0   0 
  1   1   1   1   1   1   1   1   0   0   0   0   0   0   0   0 
  0   0   0   0   0   0   0   0   0   0   0   0   0   0   0   0 
  1   1   1   1   1   1   1   1   1   1   1   1   1   1   1   1 
  1   0   0   0   0   0   0   1   1   0   0   0   0   0   0   0 
126   1   1   1   1   1   1   1   1   1   1   1   1   1   1   1 
  1   1   1   1   1   1   1   1   1   1   1   1   1   1   1   1 
  1   1   1   0   0   1   1   1   1   1   1   1   1   0   0   0 
  1   1   1   1   1   1   1   1   0   0   0   0   0   0   0   0 
  1   1   1   1   1   1   1   0   1   1   1   1   1   1   1   1 
  1   0   0   0   0   0   0   0   0   0   0   0   0   0   0   0 
  0   0   0   0   0   0   0   0   0   0   0   0   0   0   0   1 
  1   1   1   1   1   1   1   1   1   1   1   1   1   1   1   1 
  1   1   1   1   1   1   1   2   1   0   0   0   0   0   0   1 
  1   1   1   1   1   1   1   1   1   0   0   1   1   0   0   1 
  0   0   0   0   0   0   0   1   1   0   0   0   0   0   0   1 
  1   0   0   0   0   0   0   0   0   0   0   0   0   0   0   1 
  1   0   0   0   0   0   0   1   2   1   1   1   1   1   1   2 
  2   1   1   1   1   1   1   2   1   0   0   0   0   0   0   1 
  2   1   1   1   1   1   1   2   1   1   1   1   1   1   1   1 
  1   1   1   0   0   1   1   1   0   0   0   0   0   0   0   0 
  0   0   0   0   0   0   0   1   1   1   1   1   1   1   1   1 
  1   1   1   0   0   1   1   1   0   0   0   0   0   0   0   0 
  1   1   0   2   2   0   1   1   1   1   0   1   1   1   1   0 
  0   0   0   0   0   0   0   0   0   0   0   0   0   0   0   1 
  1   1   1   1   1   1   1   1   1   0   0   0   0   0   0   0 
  0   0   0   0   0   0   0   0   0   0   0   0   0   0   0   1 
  1   1   1   1   1   1   1   1   1   1   1   1   1   1   1   1 
  0   0   0   0   0   0   0   1   1   0   0   0   0   0   0   0 
124   0   0   0   0   0   0   0   0   0   0   0   0   0   0   0 
  0   0   0   0   0   0   0   0   0   0   0   0   0   0   0   0 
  0   0   0   0   0   0   0   0   0   0   0   0   0   0   0   0 
  0   0   0   0   0   0   0   0   0   0   0   0   0   0   0   0 
  0   0   0   0   0   0   0   1   1   0   0   0   0   0   0   1 
  1   0   0   0   0   0   0   0   0   0   0   0   0   0   0   0 
  0   0   0   0   0   0   0   0   0   0   0   0   0   0   0   1 
  1   0   0   0   0   0   0   0   0   0   0   0   0   0   0   0 
  1   1   1   1   1   1   1   1   1   0   0   0   0   0   0   1 
  1   0   0   0   0   0   0   0   0   0   0   0   0   0   0   0 
  0   0   0   0   0   0   0   1   1   0   0   0   0   0   0   1 
  1   0   0   0   0   0   0   0   0   0   0   0   0   0   0   1 
  1   0   0   0   0   0   0   1   1   0   0   0   0   0   0   1 
  1   0   0   0   0   0   0   1   1   0   0   0   0   0   0   0 
  0   0   0   0   0   0   0   0   0   0   0   0   0   0   0   0 
  0   0   0   0   0   0   0   0   0   0   0   0   0   0   0   0 
  0   0   0   0   0   0   0   1   1   0   0   0   0   0   0   1 
  1   0   0   0   0   0   0   0   0   0   0   0   0   0   0   0 
  1   1   1   1   1   1   1   1   0   0   0   0   0   0   0   0 
  0   0   0   0   0   0   0   0   0   0   0   0   0   0   0   1 
  1   0   0   0   0   0   0   1   1   0   0   0   0   0   0   0 
  0   0   0   0   0   0   0   0   0   0   0   0   0   0   0   1 
  1   0   0   0   0   0   0   0   0   0   0   0   0   0   0   0 
  0   0   0   0   0   0   0   1   1   0   0   0   0   0   0   0 
124   0   0   0   0   0   0   0   0   0   0   0   0   0   0   0 
  0   0   0   0   0   0   0   0   0   0   0   0   0   0   0   0 
  0   0   0   0   0   0   0   0   0   0   0   0   0   0   0   0 
  0   0   0   0   0   0   0   0   0   0   0   0   0   0   0   0 
  0   0   0   0   0   0   0   1   1   1   1   1   1   1   1   1 
  1   0   0   0   0   0   0   0   0   0   0   0   0   0   0   0 
  0   0   0   0   0   0   0   0   0   0   0   0   0   0   0   1 
  1   0   0   0   0   0   0   0   0   0   0   0   0   0   0   0 
  1   1   1   1   1   1   1   1   1   1   1   1   1   1   1   1 
  1   0   0   0   0   0   0   0   0   0   0   0   0   0   0   0 
  0   0   0   0   0   0   0   1   1   1   1   1   1   1   1   1 
  1   0   0   0   0   0   0   0   0   0   0   0   0   0   0   1 
  1   1   1   1   1   1   1   1   1   0   0   0   0   0   0   1 
  1   1   1   1   1   1   1   1   0   1   1   1   1   1   1   0 
  2   1   1   1   1   1   1   2   0   1   1   1   1   1   1   1 
  1   1   1   1   1   1   1   1   1   1   1   1   1   1   1   1 
  1   1   1   1   1   1   1   1   1   0   0   0   0   0   0   1 
  1   1   1   1   1   1   1   1   0   0   0   0   0   0   0   0 
  1   1   1   1   1   1   1   1   1   1   1   1   1   1   1   1 
  0   0   0   0   0   0   0   0   0   0   0   0   0   0   0   1 
  1   0   0   0   0   0   0   1   1   1   1   1   1   1   1   1 
  1   1   1   1   1   1   1   1   1   1   1   1   1   1   1   1 
  1   0   0   0   0   0   0   0   0   0   0   0   0   0   0   0 
  0   0   0   0   0   0   0   1   1   1   1   1   1   1   1   1 
124   0   0   0   0   0   0   0   0   0   0   0   0   0   0   0 
  0   0   0   0   0   0   0   0   0   0   0   0   0   0   0   0 
  0   0   0   0   0   0   0   0   0   0   0   0   0   0   0   0 
  0   0   0   0   0   0   0   0   0   0   0   0   0   0   0   0 
  0   0   0   0   0   0   0   0   1   1   1   1   1   1   1   1 
  0   0   0   0   0   0   0   0   0   0   0   0   0   0   0   0 
  0   0   0   0   0   0   0   0   0   0   0   0   0   0   0   1 
  1   0   0   0   0   0   0   0   0   0   0   0   0   0   0   0 
  1   1   1   1   1   1   1   1   1   1   1   1   1   1   1   1 
  0   0   0   0   0   0   0   0   0   0   0   0   0   0   0   0 
  0   0   0   0   0   0   0   0   1   1   1   1   1   1   1   1 
  0   0   0   0   0   0   0   0   0   0   0   0   0   0   0   0 
  1   1   1   1   1   1   1   1   0   0   0   0   0   0   0   0 
  1   1   1   1   1   1   1   0   1   1   1   1   1   1   1   1 
  1   1   1   1   1   1   1   1   1   1   1   1   1   1   1   1 
  1   1   1   1   1   1   1   1   1   1   1   1   1   1   1   1 
  1   1   1   1   1   1   1   1   0   0   0   0   0   0   0   0 
  1   1   1   1   1   1   1   1   1   0   0   0   0   0   0   0 
  1   1   1   1   1   1   1   1   1   1   1   1   1   1   1   1 
  1   0   0   0   0   0   0   0   0   0   0   0   0   0   0   1 
  1   0   0   0   0   0   0   0   1   1   1   1   1   1   1   1 
  1   1   1   1   1   1   1   1   1   1   1   1   1   1   1   1 
  0   0   0   0   0   0   0   0   0   0   0   0   0   0   0   0 
  0   0   0   0   0   0   0   0   1   1   1   1   1   1   1   1 
123   0   0   0   0   0   0   0   0   0   0   0   0   0   0   0 
  0   0   0   0   0   0   0   0   0   0   0   0   0   0   0   0 
  0   0   0   0   0   0   0   0   0   0   0   0   0   0   0   0 
  0   0   0   0   0   0   0   0   0   0   0   0   0   0   0   0 
  0   0   0   0   0   0   0   0   1   1   1   1   1   1   1   1 
  0   0   0   0   0   0   0   0   0   0   0   0   0   0   0   0 
  0   0   0   0   0   0   0   0   0   0   0   0   0   0   0   1 
  1   0   0   0   0   0   0   0   0   0   0   0   0   0   0   0 
  1   1   1   1   1   1   1   1   1   1   1   1   1   1   1   1 
  0   0   0   0   0   0   0   0   0   0   0   0   0   0   0   0 
  0   0   0   0   0   0   0   0   1   1   1   1   1   1   1   1 
  0   0   0   0   0   0   0   0   0   0   0   0   0   0   0   0 
  1   1   1   1   1   1   1   1   0   0   0   0   0   0   0   0 
  1   1   1   1   1   1   1   1   0   1   1   1   1   1   1   1 
  1   1   1   1   1   1   1   1   1   1   1   1   1   1   1   1 
  1   1   1   1   1   1   1   1   1   1   1   1   1   1   1   1 
  1   1   1   1   1   1   1   1   0   0   0   0   0   0   0   0 
  1   1   1   1   1   1   1   0   1   0   0   0   0   0   0   0 
  1   1   1   1   1   1   1   1   0   1   1   1   1   1   1   0 
  1   0   0   0   0   0   0   0   0   0   0   0   0   0   0   1 
  1   0   0   0   0   0   0   0   1   1   1   1   1   1   1   1 
  1   1   1   1   1   1   1   1   1   1   1   1   1   1   1   1 
  0   0   0   0   0   0   0   0   0   0   0   0   0   0   0   0 
  0   0   0   0   0   0   0   0   1   1   1   1   1   1   1   1 
123   0   0   0   0   0   0   0   0   0   0   0   0   0   0   0 
  0   0   0   0   0   0   0   0   0   0   0   0   0   0   0   0 
  0   0   0   0   0   0   0   0   0   0   0   0   0   0   0   0 
  0   0   0   0   0   0   0   0   0   0   0   0   0   0   0   0 
  0   0   0   0   0   0   0   1   1   1   1   1   1   1   1   1 
  1   0   0   0   0   0   0   0   0   0   0   0   0   0   0   0 
  0   0   0   0   0   0   0   0   0   0   0   0   0   0   0   1 
  1   0   0   0   0   0   0   0   0   0   0   0   0   0   0   0 
  1   1   1   1   1   1   1   0   1   1   1   1   1   1   1   1 
  1   0   0   0   0   0   0   0   0   0   0   0   0   0   0   0 
  0   0   0   0   0   0   0   1   1   1   1   1   1   1   1   1 
  1   0   0   0   0   0   0   0   0   0   0   0   0   0   0   1 
  1   1   1   1   1   1   1   1   1   0   0   0   0   0   0   1 
  1   1   1   1   1   1   1   0   1   1   1   1   1   1   1   0 
  2   1   1   1   1   1   1   2   0   1   1   1   1   1   1   1 
  1   1   1   1   1   1   1   1   1   1   1   1   1   1   1   1 
  1   1   1   1   1   1   1   1   1   0   0   0   0   0   0   1 
  1   1   1   1   1   1   1   2   1   0   0   0   0   0   0   0 
  1   1   1   1   1   1   1   2   2   1   1   1   1   1   1   2 
  1   0   0   0   0   0   0   0   0   0   0   0   0   0   0   1 
  1   0   0   0   0   0   0   1   1   1   1   1   1   1   1   1 
  1   1   1   1   1   1   1   1   1   1   1   1   1   1   1   1 
  1   0   0   0   0   0   0   0   0   0   0   0   0   0   0   0 
  0   0   0   0   0   0   0   1   1   1   1   1   1   1   1   1 
123   0   0   0   0   0   0   0   0   0   0   0   0   0   0   0 
  0   0   0   0   0   0   0   0   0   0   0   0   0   0   0   0 
  0   0   0   0   0   0   0   0   0   0   0   0   0   0   0   0 
  0   0   0   0   0   0   0   0   0   0   0   0   0   0   0   0 
  0   0   0   0   0   0   0   1   1   0   0   0   0   0   0   1 
  1   0   0   0   0   0   0   0   0   0   0   0   0   0   0   0 
  0   0   0   0   0   0   0   0   0   0   0   0   0   0   0   1 
  1   0   0   0   0   0   0   0   0   0   0   0   0   0   0   0 
  1   1   1   1   1   1   1   0   1   0   0   0   0   0   0   1 
  1   0   0   0   0   0   0   0   0   0   0   0   0   0   0   0 
  0   0   0   0   0   0   0   1   1   0   0   0   0   0   0   1 
  1   0   0   0   0   0   0   0   0   0   0   0   0   0   0   1 
  1   0   0   0   0   0   0   1   1   0   0   0   0   0   0   1 
  1   0   0   0   0   0   0   1   1   0   0   0   0   0   0   0 
  0   0   0   0   0   0   0   0   0   0   0   0   0   0   0   0 
  0   0   0   0   0   0   0   0   0   0   0   0   0   0   0   0 
  0   0   0   0   0   0   0   1   1   0   0   0   0   0   0   1 
  1   0   0   0   0   0   0   1   1   0   0   0   0   0   0   0 
  1   1   1   1   1   1   1   2   1   0   0   0   0   0   0   1 
  1   0   0   0   0   0   0   0   0   0   0   0   0   0   0   1 
  1   0   0   0   0   0   0   1   1   0   0   0   0   0   0   0 
  0   0   0   0   0   0   0   0   0   0   0   0   0   0   0   1 
  1   0   0   0   0   0   0   0   0   0   0   0   0   0   0   0 
  0   0   0   0   0   0   0   1   1   0   0   0   0   0   0   0 
122   1   1   1   1   1   1   1   0   0   0   0   0   0   0   0 
  0   0   0   0   0   0   0   0   0   1   1   1   1   1   1   0 
  1   0   0   1   1   0   0   1   0   0   0   1   1   1   1   1 
  1   1   1   1   1   1   1   1   0   0   0   0   0   0   0   0 
  1   1   1   1   1   1   1   1   1   0   0   0   0   0   0   1 
  1   1   1   1   1   1   1   1   1   1   1   1   1   1   1   1 
  0   0   0   0   0   0   0   0   0   0   0   0   0   0   0   1 
  1   0   0   0   0   0   0   0   1   1   1   1   1   1   1   1 
  1   1   0   2   2   0   1   0   1   0   0   0   0   0   0   1 
  1   1   1   1   1   1   1   1   0   1   1   1   1   1   1   0 
  1   1   1   1   1   1   1   1   1   0   0   0   0   0   0   1 
  1   1   1   1   1   1   1   1   1   1   1   1   1   1   1   1 
  1   0   0   0   0   0   0   1   1   1   1   1   1   1   1   1 
  1   0   0   0   0   0   0   1   1   1   1   1   1   1   1   1 
  1   1   1   1   1   1   1   1   1   1   1   1   1   1   1   1 
  1   1   1   1   1   1   1   1   1   1   1   1   1   1   1   1 
  1   1   1   1   1   1   1   1   1   0   0   0   0   0   0   1 
  1   1   1   1   1   1   1   2   2   1   1   1   1   1   1   1 
  1   1   1   1   1   1   1   2   2   1   1   1   1   1   1   2 
  2   1   1   1   1   1   1   1   1   1   1   1   1   1   1   1 
  1   0   0   0   0   0   0   1   1   1   1   1   1   1   1   1 
  1   1   1   1   1   1   1   1   1   1   1   1   1   1   1   1 
  1   0   0   0   0   0   0   0   0   0   0   0   0   0   0   0 
  0   0   0   0   0   0   0   1   1   1   1   1   1   1   1   1 
123   1   1   1   1   1   1   1   1   0   0   0   0   0   0   0 
  0   0   0   0   0   0   0   0   1   1   0   2   2   0   1   0 
  2   1   1   1   1   1   1   2   1   0   1   1   0   2   1   2 
  0   1   1   1   1   1   1   1   1   0   0   0   0   0   0   1 
  1   1   1   1   1   1   1   1   0   0   0   0   0   0   0   0 
  1   1   1   1   1   1   1   1   1   1   1   1   1   1   1   1 
  1   0   0   0   0   0   0   0   0   0   0   0   0   0   0   1 
  1   0   0   0   0   0   0   1   1   1   1   1   1   1   1   1 
  1   1   1   1   1   1   1   1   1   0   0   0   0   0   0   0 
  1   1   1   1   1   1   1   1   1   1   1   1   1   1   1   1 
  1   1   1   1   1   1   1   1   0   0   0   0   0   0   0   0 
  1   1   1   1   1   1   1   1   1   1   1   1   1   1   1   1 
  0   0   0   0   0   0   0   0   1   1   1   1   1   1   1   1 
  0   0   0   0   0   0   0   0   1   1   1   1   1   1   1   1 
  0   0   0   0   0   0   0   0   1   1   1   1   1   1   1   1 
  1   1   1   1   1   1   1   1   1   1   1   1   1   1   1   1 
  1   1   1   1   1   1   1   1   0   0   0   0   0   0   0   0 
  1   1   1   1   1   1   1   1   1   1   1   1   1   1   1   1 
  1   0   0   1   1   0   0   1   1   1   1   1   1   1   1   1 
  1   1   1   1   1   1   1   1   1   1   1   1   1   1   1   1 
  0   0   0   0   0   0   0   0   1   1   1   1   1   1   1   1 
  1   1   1   1   1   1   1   1   1   1   1   1   1   1   1   1 
  0   0   0   0   0   0   0   0   0   0   0   0   0   0   0   0 
  0   0   0   0   0   0   0   0   1   1   1   1   1   1   1   1 
122   0   0   0   0   0   0   1   1   0   0   0   0   0   0   0 
  0   0   0   0   0   0   0   0   1   1   1   1   1   1   1   0 
  1   1   1   1   1   1   1   1   1   0   1   1   1   1   0   1 
  1   0   0   0   0   0   0   1   1   0   0   0   0   0   0   1 
  1   0   0   0   0   0   0   0   0   0   0   0   0   0   0   0 
  0   0   0   0   0   0   0   0   0   0   0   0   0   0   0   1 
  1   0   0   0   0   0   0   0   0   0   0   0   0   0   0   1 
  1   0   0   0   0   0   0   1   1   0   0   0   0   0   0   1 
  1   0   0   0   0   0   0   1   1   0   0   0   0   0   0   0 
  0   0   0   0   0   0   0   1   1   1   0   0   0   0   1   1 
  1   0   0   0   0   0   0   0   0   0   0   0   0   0   0   0 
  0   0   0   0   0   0   0   0   0   0   0   0   0   0   0   0 
  0   0   0   0   0   0   0   0   0   0   0   0   0   0   0   0 
  0   0   0   0   0   0   0   0   0   0   0   0   0   0   0   0 
  0   0   0   0   0   0   0   0   0   0   0   0   0   0   0   0 
  0   0   0   0   0   0   0   0   0   0   0   0   0   0   0   0 
  0   0   0   0   0   0   0   0   0   0   0   0   0   0   0   0 
  0   0   0   0   0   0   0   0   0   0   0   0   0   0   0   0 
  0   0   0   0   0   0   0   0   0   0   0   0   0   0   0   0 
  0   0   0   0   0   0   0   0   0   0   0   0   0   0   0   0 
  0   0   0   0   0   0   0   0   0   0   0   0   0   0   0   0 
  0   0   0   0   0   0   0   0   0   0   0   0   0   0   0   0 
  0   0   0   0   0   0   0   0   0   0   0   0   0   0   0   0 
  0   0   0   0   0   0   0   0   0   0   0   0   0   0   0   0 
122   0   0   0   0   0   0   1   1   0   0   0   0   0   0   0 
  0   0   0   0   0   0   0   0   1   1   1   1   1   1   1   0 
  1   1   1   1   1   1   1   1   1   0   1   1   1   1   0   1 
  1   0   0   0   0   0   0   1   1   1   1   1   1   1   1   1 
  1   0   0   0   0   0   0   0   0   0   0   0   0   0   0   0 
  0   0   0   0   0   0   0   0   0   0   0   0   0   0   0   1 
  1   1   1   1   1   1   1   1   1   1   1   1   1   1   1   1 
  0   1   1   1   1   1   1   0   1   1   1   1   1   1   1   1 
  0   1   1   1   1   1   1   1   1   0   0   0   0   0   0   0 
  0   0   0   0   0   0   0   1   1   1   0   0   0   0   1   1 
  1   0   0   0   0   0   0   0   0   0   0   0   0   0   0   0 
  0   0   0   0   0   0   0   0   0   0   0   0   0   0   0   0 
  0   0   0   0   0   0   0   0   0   0   0   0   0   0   0   0 
  0   0   0   0   0   0   0   0   0   0   0   0   0   0   0   0 
  0   0   0   0   0   0   0   0   0   0   0   0   0   0   0   0 
  0   0   0   0   0   0   0   0   0   0   0   0   0   0   0   0 
  0   0   0   0   0   0   0   0   0   0   0   0   0   0   0   0 
  0   0   0   0   0   0   0   0   0   0   0   0   0   0   0   0 
  0   0   0   0   0   0   0   0   0   0   0   0   0   0   0   0 
  0   0   0   0   0   0   0   0   0   0   0   0   0   0   0   0 
  0   0   0   0   0   0   0   0   0   0   0   0   0   0   0   0 
  0   0   0   0   0   0   0   0   0   0   0   0   0   0   0   0 
  0   0   0   0   0   0   0   0   0   0   0   0   0   0   0   0 
  0   0   0   0   0   0   0   0   0   0   0   0   0   0   0   0 
122   0   0   0   0   0   0   1   1   0   0   0   0   0   0   0 
  0   0   0   0   0   0   0   0   1   1   1   1   1   1   1   0 
  1   1   1   1   1   1   1   1   1   0   1   1   1   1   0   1 
  1   0   0   0   0   0   0   0   1   1   1   1   1   1   1   1 
  0   0   0   0   0   0   0   0   0   0   0   0   0   0   0   0 
  0   0   0   0   0   0   0   0   0   0   0   0   0   0   0   0 
  1   1   1   1   1   1   1   1   1   1   1   1   1   1   1   0 
  1   1   1   1   1   1   1   1   0   1   1   1   1   1   1   0 
  1   1   1   1   1   1   1   1   0   0   0   0   0   0   0   0 
  0   0   0   0   0   0   0   1   1   1   0   0   0   0   1   1 
  1   0   0   0   0   0   0   0   0   0   0   0   0   0   0   0 
  0   0   0   0   0   0   0   0   0   0   0   0   0   0   0   0 
  0   0   0   0   0   0   0   0   0   0   0   0   0   0   0   0 
  0   0   0   0   0   0   0   0   0   0   0   0   0   0   0   0 
  0   0   0   0   0   0   0   0   0   0   0   0   0   0   0   0 
  0   0   0   0   0   0   0   0   0   0   0   0   0   0   0   0 
  0   0   0   0   0   0   0   0   0   0   0   0   0   0   0   0 
  0   0   0   0   0   0   0   0   0   0   0   0   0   0   0   0 
  0   0   0   0   0   0   0   0   0   0   0   0   0   0   0   0 
  0   0   0   0   0   0   0   0   0   0   0   0   0   0   0   0 
  0   0   0   0   0   0   0   0   0   0   0   0   0   0   0   0 
  0   0   0   0   0   0   0   0   0   0   0   0   0   0   0   0 
  0   0   0   0   0   0   0   0   0   0   0   0   0   0   0   0 
  0   0   0   0   0   0   0   0   0   0   0   0   0   0   0   0 
121   0   0   0   0   0   0   1   1   0   0   0   0   0   0   0 
  0   0   0   0   0   0   0   0   1   1   1   1   1   1   1   0 
  1   1   1   1   1   1   1   1   1   0   1   1   1   1   0   1 
  1   0   0   0   0   0   0   0   1   1   1   1   1   1   1   1 
  0   0   0   0   0   0   0   0   0   0   0   0   0   0   0   0 
  0   0   0   0   0   0   0   0   0   0   0   0   0   0   0   0 
  1   1   1   1   1   1   1   1   1   1   1   1   1   1   1   1 
  1   0   0   0   0   0   0   1   1   1   1   1   1   1   1   1 
  0   1   1   1   1   1   1   1   0   0   0   0   0   0   0   0 
  0   0   0   0   0   0   0   1   1   1   0   0   0   0   1   1 
  1   0   0   0   0   0   0   0   0   0   0   0   0   0   0   0 
  0   0   0   0   0   0   0   0   0   0   0   0   0   0   0   0 
  0   0   0   0   0   0   0   0   0   0   0   0   0   0   0   0 
  0   0   0   0   0   0   0   0   0   0   0   0   0   0   0   0 
  0   0   0   0   0   0   0   0   0   0   0   0   0   0   0   0 
  0   0   0   0   0   0   0   0   0   0   0   0   0   0   0   0 
  0   0   0   0   0   0   0   0   0   0   0   0   0   0   0   0 
  0   0   0   0   0   0   0   0   0   0   0   0   0   0   0   0 
  0   0   0   0   0   0   0   0   0   0   0   0   0   0   0   0 
  0   0   0   0   0   0   0   0   0   0   0   0   0   0   0   0 
  0   0   0   0   0   0   0   0   0   0   0   0   0   0   0   0 
  0   0   0   0   0   0   0   0   0   0   0   0   0   0   0   0 
  0   0   0   0   0   0   0   0   0   0   0   0   0   0   0   0 
  0   0   0   0   0   0   0   0   0   0   0   0   0   0   0   0 
121   0   0   0   0   0   0   1   1   0   0   0   0   0   0   0 
  0   0   0   0   0   0   0   0   1   1   1   1   1   1   1   0 
  1   1   1   1   1   1   1   1   1   0   1   1   1   1   0   1 
  1   0   0   0   0   0   0   1   1   1   1   1   1   1   1   1 
  1   0   0   0   0   0   0   0   0   0   0   0   0   0   0   0 
  0   0   0   0   0   0   0   0   0   0   0   0   0   0   0   1 
  1   1   1   1   1   1   1   1   1   1   1   1   1   1   1   1 
  0   0   0   0   0   0   0   0   1   1   1   1   1   1   1   0 
  1   1   1   1   1   1   1   1   1   0   0   0   0   0   0   0 
  0   0   0   0   0   0   0   1   1   1   0   0   0   0   1   1 
  1   0   0   0   0   0   0   0   0   0   0   0   0   0   0   0 
  0   0   0   0   0   0   0   0   0   0   0   0   0   0   0   0 
  0   0   0   0   0   0   0   0   0   0   0   0   0   0   0   0 
  0   0   0   0   0   0   0   0   0   0   0   0   0   0   0   0 
  0   0   0   0   0   0   0   0   0   0   0   0   0   0   0   0 
  0   0   0   0   0   0   0   0   0   0   0   0   0   0   0   0 
  0   0   0   0   0   0   0   0   0   0   0   0   0   0   0   0 
  0   0   0   0   0   0   0   0   0   0   0   0   0   0   0   0 
  0   0   0   0   0   0   0   0   0   0   0   0   0   0   0   0 
  0   0   0   0   0   0   0   0   0   0   0   0   0   0   0   0 
  0   0   0   0   0   0   0   0   0   0   0   0   0   0   0   0 
  0   0   0   0   0   0   0   0   0   0   0   0   0   0   0   0 
  0   0   0   0   0   0   0   0   0   0   0   0   0   0   0   0 
  0   0   0   0   0   0   0   0   0   0   0   0   0   0   0   0 
121   0   0   0   0   0   0   1   1   0   0   0   0   0   0   0 
  0   0   0   0   0   0   0   0   1   1   1   1   1   1   1   0 
  1   1   1   1   1   1   1   1   1   0   1   1   1   1   0   1 
  1   0   0   0   0   0   0   1   1   0   0   0   0   0   0   1 
  1   0   0   0   0   0   0   0   0   0   0   0   0   0   0   0 
  0   0   0   0   0   0   0   0   0   0   0   0   0   0   0   1 
  1   0   0   0   0   0   0   0   0   0   0   0   0   0   0   0 
  1   0   0   0   0   0   0   0   0   0   0   0   0   0   0   1 
  1   0   0   0   0   0   0   1   1   0   0   0   0   0   0   0 
  0   0   0   0   0   0   0   1   1   1   0   0   0   0   1   1 
  1   0   0   0   0   0   0   0   0   0   0   0   0   0   0   0 
  0   0   0   0   0   0   0   0   0   0   0   0   0   0   0   0 
  0   0   0   0   0   0   0   0   0   0   0   0   0   0   0   0 
  0   0   0   0   0   0   0   0   0   0   0   0   0   0   0   0 
  0   0   0   0   0   0   0   0   0   0   0   0   0   0   0   0 
  0   0   0   0   0   0   0   0   0   0   0   0   0   0   0   0 
  0   0   0   0   0   0   0   0   0   0   0   0   0   0   0   0 
  0   0   0   0   0   0   0   0   0   0   0   0   0   0   0   0 
  0   0   0   0   0   0   0   0   0   0   0   0   0   0   0   0 
  0   0   0   0   0   0   0   0   0   0   0   0   0   0   0   0 
  0   0   0   0   0   0   0   0   0   0   0   0   0   0   0   0 
  0   0   0   0   0   0   0   0   0   0   0   0   0   0   0   0 
  0   0   0   0   0   0   0   0   0   0   0   0   0   0   0   0 
  0   0   0   0   0   0   0   0   0   0   0   0   0   0   0   0 
121   1   1   1   1   1   1   1   1   0   0   0   0   0   0   0 
  0   0   0   1   1   1   1   1   1   1   1   1   1   1   1   1 
  2   0   1   1   1   1   0   2   0   1   1   1   1   1   1   1 
  1   1   1   1   1   1   1   1   1   1   1   1   1   1   1   1 
  1   1   1   1   1   1   1   1   0   0   0   0   0   0   0   0 
  1   1   1   1   1   1   1   1   1   1   1   1   1   1   1   1 
  1   0   0   0   0   0   0   0   0   0   0   0   0   0   0   1 
  2   1   0   0   0   0   0   0   0   0   0   0   0   0   0   1 
  1   1   1   1   1   1   1   1   1   0   0   0   0   0   0   0 
  0   0   0   0   0   0   0   1   2   1   0   0   0   0   1   2 
  1   0   0   0   0   0   0   0   0   0   0   0   0   0   0   0 
  0   0   0   0   0   0   0   0   0   0   0   0   0   0   0   0 
  0   0   0   0   0   0   0   0   0   0   0   0   0   0   0   0 
  0   0   0   0   0   0   0   0   0   0   0   0   0   0   0   0 
  0   0   0   0   0   0   0   0   0   0   0   0   0   0   0   0 
  0   0   0   0   0   0   0   0   0   0   0   0   0   0   0   0 
  0   0   0   0   0   0   0   0   0   0   0   0   0   0   0   0 
  0   0   0   0   0   0   0   0   0   0   0   0   0   0   0   0 
  0   0   0   0   0   0   0   0   0   0   0   0   0   0   0   0 
  0   0   0   0   0   0   0   0   0   0   0   0   0   0   0   0 
  0   0   0   0   0   0   0   0   0   0   0   0   0   0   0   0 
  0   0   0   0   0   0   0   0   0   0   0   0   0   0   0   0 
  1   1   1   1   1   1   1   1   0   1   1   1   1   1   1   0 
  0   0   0   0   0   0   0   0   0   0   0   0   0   0   0   0 
118   1   1   1   1   1   1   1   0   0   0   0   0   0   0   0 
  0   0   1   1   0   2   1   2   0   0   0   1   1   0   0   1 
  1   1   1   0   0   1   1   1   1   1   1   0   0   1   1   1 
  1   1   1   1   1   1   1   1   1   1   1   1   1   1   1   1 
  1   1   1   1   1   1   1   1   1   0   0   0   0   0   0   1 
  1   1   1   1   1   1   1   1   1   1   1   1   1   1   1   1 
  0   0   0   0   0   0   0   0   0   0   0   0   0   0   0   0 
  1   0   0   0   0   0   0   0   0   0   0   0   0   0   0   0 
  1   1   1   1   1   1   1   1   0   0   0   0   0   0   0   0 
  0   0   0   0   0   0   0   0   1   0   0   0   0   0   0   1 
  0   0   0   0   0   0   0   0   0   0   0   0   0   0   0   0 
  0   0   0   0   0   0   0   0   0   0   0   0   0   0   0   0 
  0   0   0   0   0   0   0   0   0   0   0   0   0   0   0   0 
  0   0   0   0   0   0   0   0   0   0   0   0   0   0   0   0 
  0   0   0   0   0   0   0   0   0   0   0   0   0   0   0   0 
  0   0   0   0   0   0   0   0   0   0   0   0   0   0   0   0 
  0   0   0   0   0   0   0   0   0   0   0   0   0   0   0   0 
  0   0   0   0   0   0   0   0   0   0   0   0   0   0   0   0 
  0   0   0   0   0   0   0   0   0   0   0   0   0   0   0   0 
  0   0   0   0   0   0   0   0   0   0   0   0   0   0   0   0 
  0   0   0   0   0   0   0   0   0   0   0   0   0   0   0   0 
  0   0   0   0   0   0   0   0   0   0   0   0   0   0   0   1 
  1   1   1   1   1   1   1   1   1   1   0   2   2   0   1   1 
  0   0   0   0   0   0   0   0   0   0   0   0   0   0   0   0 
119   0   0   0   0   0   0   0   0   0   0   0   0   0   0   0 
  0   0   1   1   1   1   0   1   1   0   0   0   0   0   0   0 
  0   0   0   0   0   0   0   0   0   0   0   0   0   0   0   1 
  1   0   0   0   0   0   0   1   1   0   0   0   0   0   0   1 
  1   0   0   0   0   0   0   1   1   0   0   0   0   0   0   1 
  1   0   0   0   0   0   0   0   0   0   0   0   0   0   0   0 
  0   0   0   0   0   0   0   0   0   0   0   0   0   0   0   0 
  0   0   0   0   0   0   0   0   0   0   0   0   0   0   0   0 
  0   0   0   0   0   0   0   0   0   0   0   0   0   0   0   0 
  0   0   0   0   0   0   0   0   0   0   0   0   0   0   0   0 
  0   0   0   0   0   0   0   0   0   0   0   0   0   0   0   0 
  0   0   0   0   0   0   0   0   0   0   0   0   0   0   0   0 
  0   0   0   0   0   0   0   0   0   0   0   0   0   0   0   0 
  0   0   0   0   0   0   0   0   0   0   0   0   0   0   0   0 
  0   0   0   0   0   0   0   0   0   0   0   0   0   0   0   0 
  0   0   0   0   0   0   0   0   0   0   0   0   0   0   0   0 
  0   0   0   0   0   0   0   0   0   0   0   0   0   0   0   0 
  0   0   0   0   0   0   0   0   0   0   0   0   0   0   0   0 
  0   0   0   0   0   0   0   0   0   0   0   0   0   0   0   0 
  0   0   0   0   0   0   0   0   0   0   0   0   0   0   0   0 
  0   0   0   0   0   0   0   0   0   0   0   0   0   0   0   0 
  0   0   0   0   0   0   0   0   0   0   0   0   0   0   0   1 
  1   0   0   0   0   0   0   1   1   1   1   1   1   1   1   1 
  0   0   0   0   0   0   0   0   0   0   0   0   0   0   0   0 
118   1   1   1   1   1   1   1   1   1   1   1   1   1   1   1 
  0   0   1   1   1   1   0   1   1   0   0   0   0   0   0   0 
  0   0   0   0   0   0   0   0   0   0   0   0   0   0   0   1 
  1   0   0   0   0   0   0   1   1   0   0   0   0   0   0   1 
  1   0   0   0   0   0   0   1   1   0   0   0   0   0   0   1 
  1   0   0   0   0   0   0   0   0   0   0   0   0   0   0   0 
  0   0   0   0   0   0   0   0   0   0   0   0   0   0   0   0 
  0   0   0   0   0   0   0   0   0   0   0   0   0   0   0   0 
  0   0   0   0   0   0   0   0   0   0   0   0   0   0   0   0 
  0   0   0   0   0   0   0   0   0   0   0   0   0   0   0   0 
  0   0   0   0   0   0   0   0   0   0   0   0   0   0   0   0 
  0   0   0   0   0   0   0   0   0   0   0   0   0   0   0   0 
  0   0   0   0   0   0   0   0   0   0   0   0   0   0   0   0 
  0   0   0   0   0   0   0   0   0   0   0   0   0   0   0   0 
  0   0   0   0   0   0   0   0   0   0   0   0   0   0   0   0 
  0   0   0   0   0   0   0   0   0   0   0   0   0   0   0   0 
  0   0   0   0   0   0   0   0   0   0   0   0   0   0   0   0 
  0   0   0   0   0   0   0   0   0   0   0   0   0   0   0   0 
  0   0   0   0   0   0   0   0   0   0   0   0   0   0   0   0 
  0   0   0   0   0   0   0   0   0   0   0   0   0   0   0   0 
  0   0   0   0   0   0   0   0   0   0   0   0   0   0   0   0 
  0   0   0   0   0   0   0   0   0   0   0   0   0   0   0   1 
  1   0   0   0   0   0   0   1   1   1   1   1   1   1   1   1 
  0   0   0   0   0   0   0   0   0   0   0   0   0   0   0   0 
119   1   1   1   1   1   1   1   1   1   1   1   1   1   1   1 
  1   0   1   1   1   1   0   1   1   0   0   0   0   0   0   0 
  0   0   0   0   0   0   0   0   0   0   0   0   0   0   0   1 
  1   0   0   0   0   0   0   1   1   0   0   0   0   0   0   1 
  1   0   0   0   0   0   0   1   1   0   0   0   0   0   0   1 
  1   0   0   0   0   0   0   0   0   0   0   0   0   0   0   0 
  0   0   0   0   0   0   0   0   0   0   0   0   0   0   0   0 
  0   0   0   0   0   0   0   0   0   0   0   0   0   0   0   0 
  0   0   0   0   0   0   0   0   0   0   0   0   0   0   0   0 
  0   0   0   0   0   0   0   0   0   0   0   0   0   0   0   0 
  0   0   0   0   0   0   0   0   0   0   0   0   0   0   0   0 
  0   0   0   0   0   0   0   0   0   0   0   0   0   0   0   0 
  0   0   0   0   0   0   0   0   0   0   0   0   0   0   0   0 
  0   0   0   0   0   0   0   0   0   0   0   0   0   0   0   0 
  0   0   0   0   0   0   0   0   0   0   0   0   0   0   0   0 
  0   0   0   0   0   0   0   0   0   0   0   0   0   0   0   0 
  0   0   0   0   0   0   0   0   0   0   0   0   0   0   0   0 
  0   0   0   0   0   0   0   0   0   0   0   0   0   0   0   0 
  0   0   0   0   0   0   0   0   0   0   0   0   0   0   0   0 
  0   0   0   0   0   0   0   0   0   0   0   0   0   0   0   0 
  0   0   0   0   0   0   0   0   0   0   0   0   0   0   0   0 
  0   0   0   0   0   0   0   0   0   0   0   0   0   0   0   1 
  1   0   0   0   0   0   0   1   1   1   1   1   1   1   1   1 
  0   0   0   0   0   0   0   0   0   0   0   0   0   0   0   0 
118   1   1   1   1   1   1   1   1   1   1   1   1   1   1   0 
  1   0   1   1   1   1   0   1   1   0   0   0   0   0   0   0 
  0   0   0   0   0   0   0   0   0   0   0   0   0   0   0   1 
  1   0   0   0   0   0   0   1   1   0   0   0   0   0   0   1 
  1   0   0   0   0   0   0   1   1   0   0   0   0   0   0   1 
  1   0   0   0   0   0   0   0   0   0   0   0   0   0   0   0 
  0   0   0   0   0   0   0   0   0   0   0   0   0   0   0   0 
  0   0   0   0   0   0   0   0   0   0   0   0   0   0   0   0 
  0   0   0   0   0   0   0   0   0   0   0   0   0   0   0   0 
  0   0   0   0   0   0   0   0   0   0   0   0   0   0   0   0 
  0   0   0   0   0   0   0   0   0   0   0   0   0   0   0   0 
  0   0   0   0   0   0   0   0   0   0   0   0   0   0   0   0 
  0   0   0   0   0   0   0   0   0   0   0   0   0   0   0   0 
  0   0   0   0   0   0   0   0   0   0   0   0   0   0   0   0 
  0   0   0   0   0   0   0   0   0   0   0   0   0   0   0   0 
  0   0   0   0   0   0   0   0   0   0   0   0   0   0   0   0 
  0   0   0   0   0   0   0   0   0   0   0   0   0   0   0   0 
  0   0   0   0   0   0   0   0   0   0   0   0   0   0   0   0 
  0   0   0   0   0   0   0   0   0   0   0   0   0   0   0   0 
  0   0   0   0   0   0   0   0   0   0   0   0   0   0   0   0 
  0   0   0   0   0   0   0   0   0   0   0   0   0   0   0   0 
  0   0   0   0   0   0   0   0   0   0   0   0   0   0   0   1 
  1   0   0   0   0   0   0   1   1   1   1   1   1   1   1   1 
  0   0   0   0   0   0   0   0   0   0   0   0   0   0   0   0 
119   1   1   1   1   1   1   1   1   1   1   1   1   1   1   2 
  1   0   1   1   1   1   0   1   1   0   0   0   0   0   0   0 
  0   0   0   0   0   0   0   0   0   0   0   0   0   0   0   1 
  1   0   0   0   0   0   0   1   1   0   0   0   0   0   0   1 
  1   0   0   0   0   0   0   1   1   0   0   0   0   0   0   1 
  1   0   0   0   0   0   0   0   0   0   0   0   0   0   0   0 
  0   0   0   0   0   0   0   0   0   0   0   0   0   0   0   0 
  0   0   0   0   0   0   0   0   0   0   0   0   0   0   0   0 
  0   0   0   0   0   0   0   0   0   0   0   0   0   0   0   0 
  0   0   0   0   0   0   0   0   0   0   0   0   0   0   0   0 
  0   0   0   0   0   0   0   0   0   0   0   0   0   0   0   0 
  0   0   0   0   0   0   0   0   0   0   0   0   0   0   0   0 
  0   0   0   0   0   0   0   0   0   0   0   0   0   0   0   0 
  0   0   0   0   0   0   0   0   0   0   0   0   0   0   0   0 
  0   0   0   0   0   0   0   0   0   0   0   0   0   0   0   0 
  0   0   0   0   0   0   0   0   0   0   0   0   0   0   0   0 
  0   0   0   0   0   0   0   0   0   0   0   0   0   0   0   0 
  0   0   0   0   0   0   0   0   0   0   0   0   0   0   0   0 
  0   0   0   0   0   0   0   0   0   0   0   0   0   0   0   0 
  0   0   0   0   0   0   0   0   0   0   0   0   0   0   0   0 
  0   0   0   0   0   0   0   0   0   0   0   0   0   0   0   0 
  0   0   0   0   0   0   0   0   0   0   0   0   0   0   0   1 
  1   0   0   0   0   0   0   1   1   1   1   1   1   1   1   1 
  0   0   0   0   0   0   0   0   0   0   0   0   0   0   0   0 
118   0   0   0   0   0   0   0   0   0   0   0   0   0   0   1 
  1   0   1   1   1   1   0   1   1   0   0   0   0   0   0   0 
  0   0   0   0   0   0   0   0   0   0   0   0   0   0   0   1 
  1   0   0   0   0   0   0   1   1   0   0   0   0   0   0   1 
  1   0   0   0   0   0   0   1   1   0   0   0   0   0   0   1 
  1   0   0   0   0   0   0   0   0   0   0   0   0   0   0   0 
  0   0   0   0   0   0   0   0   0   0   0   0   0   0   0   0 
  0   0   0   0   0   0   0   0   0   0   0   0   0   0   0   0 
  0   0   0   0   0   0   0   0   0   0   0   0   0   0   0   0 
  0   0   0   0   0   0   0   0   0   0   0   0   0   0   0   0 
  0   0   0   0   0   0   0   0   0   0   0   0   0   0   0   0 
  0   0   0   0   0   0   0   0   0   0   0   0   0   0   0   0 
  0   0   0   0   0   0   0   0   0   0   0   0   0   0   0   0 
  0   0   0   0   0   0   0   0   0   0   0   0   0   0   0   0 
  0   0   0   0   0   0   0   0   0   0   0   0   0   0   0   0 
  0   0   0   0   0   0   0   0   0   0   0   0   0   0   0   0 
  0   0   0   0   0   0   0   0   0   0   0   0   0   0   0   0 
  0   0   0   0   0   0   0   0   0   0   0   0   0   0   0   0 
  0   0   0   0   0   0   0   0   0   0   0   0   0   0   0   0 
  0   0   0   0   0   0   0   0   0   0   0   0   0   0   0   0 
  0   0   0   0   0   0   0   0   0   0   0   0   0   0   0   0 
  0   0   0   0   0   0   0   0   0   0   0   0   0   0   0   1 
  1   0   0   0   0   0   0   1   1   1   1   1   1   1   1   1 
  0   0   0   0   0   0   0   0   0   0   0   0   0   0   0   0 
118   0   0   0   0   0   0   0   0   0   0   0   0   0   0   1 
  2   1   1   1   1   1   1   1   1   1   1   1   1   1   1   1 
  1   1   1   1   1   1   1   1   1   1   1   1   1   1   1   1 
  1   1   1   1   1   1   1   1   1   1   1   1   1   1   1   1 
  1   0   0   0   0   0   0   1   1   1   1   1   1   1   1   1 
  1   0   0   0   0   0   0   0   0   0   0   0   0   0   0   0 
  0   0   0   0   0   0   0   0   0   0   0   0   0   0   0   0 
  0   0   0   0   0   0   0   0   0   0   0   0   0   0   0   0 
  0   0   0   0   0   0   0   0   0   0   0   0   0   0   0   0 
  0   0   0   0   0   0   0   0   0   0   0   0   0   0   0   0 
  0   0   0   0   0   0   0   0   0   0   0   0   0   0   0   0 
  0   0   0   0   0   0   0   0   0   0   0   0   0   0   0   0 
  0   0   0   0   0   0   0   0   0   0   0   0   0   0   0   0 
  0   0   0   0   0   0   0   0   0   0   0   0   0   0   0   0 
  0   0   0   0   0   0   0   0   0   0   0   0   0   0   0   0 
  0   0   0   0   0   0   0   0   0   0   0   0   0   0   0   0 
  0   0   0   0   0   0   0   0   0   0   0   0   0   0   0   0 
  0   0   0   0   0   0   0   0   0   0   0   0   0   0   0   0 
  0   0   0   0   0   0   0   0   0   0   0   0   0   0   0   0 
  0   0   0   0   0   0   0   0   1   1   1   1   1   1   1   1 
  1   1   1   0   0   1   1   1   0   0   0   0   0   0   0   0 
  0   0   0   0   0   0   0   0   0   0   0   0   0   0   0   1 
  1   0   0   1   1   0   0   1   2   1   1   1   1   1   1   1 
  0   0   0   1   1   1   1   1   1   1   1   1   1   1   1   1 
117   0   0   0   0   0   0   0   0   0   0   0   0   0   0   1 
  0   1   1   0   0   1   1   1   1   1   1   1   1   1   1   1 
  1   1   1   1   1   1   1   1   1   1   1   1   1   1   1   1 
  1   1   1   1   1   1   1   1   1   1   1   1   1   1   1   1 
  0   0   0   0   0   0   0   0   1   1   1   1   1   1   1   1 
  0   0   0   0   0   0   0   0   0   0   0   0   0   0   0   0 
  0   0   0   0   0   0   0   0   0   0   0   0   0   0   0   0 
  0   0   0   0   0   0   0   0   0   0   0   0   0   0   0   0 
  0   0   0   0   0   0   0   0   0   0   0   0   0   0   0   0 
  0   0   0   0   0   0   0   0   0   0   0   0   0   0   0   0 
  0   0   0   0   0   0   0   0   0   0   0   0   0   0   0   0 
  0   0   0   0   0   0   0   0   0   0   0   0   0   0   0   0 
  0   0   0   0   0   0   0   0   0   0   0   0   0   0   0   0 
  0   0   0   0   0   0   0   0   0   0   0   0   0   0   0   0 
  0   0   0   0   0   0   0   0   0   0   0   0   0   0   0   0 
  0   0   0   0   0   0   0   0   0   0   0   0   0   0   0   0 
  0   0   0   0   0   0   0   0   0   0   0   0   0   0   0   0 
  0   0   0   0   0   0   0   0   0   0   0   0   0   0   0   0 
  0   0   0   0   0   0   0   0   0   0   0   0   0   0   0   0 
  0   0   0   0   0   0   0   1   1   1   1   1   1   1   1   1 
  1   1   1   1   1   1   1   1   1   0   0   0   0   0   0   0 
  0   0   0   0   0   0   0   0   0   0   0   0   0   0   0   0 
  1   1   1   1   1   1   1   2   1   0   0   1   1   0   0   1 
  1   0   1   1   0   2   1   2   0   1   1   1   1   1   1   1 
117   0   0   0   0   0   0   0   0   0   0   0   0   0   0   1 
  1   0   0   0   0   0   0   1   1   0   0   0   0   0   0   0 
  0   0   0   0   0   0   0   0   0   0   0   0   0   0   0   1 
  1   0   0   0   0   0   0   1   1   0   0   0   0   0   0   0 
  0   0   0   0   0   0   0   0   0   0   0   0   0   0   0   0 
  0   0   0   0   0   0   0   0   0   0   0   0   0   0   0   0 
  0   0   0   0   0   0   0   0   0   0   0   0   0   0   0   0 
  0   0   0   0   0   0   0   0   0   0   0   0   0   0   0   0 
  0   0   0   0   0   0   0   0   0   0   0   0   0   0   0   0 
  0   0   0   0   0   0   0   0   0   0   0   0   0   0   0   0 
  0   0   0   0   0   0   0   0   0   0   0   0   0   0   0   0 
  0   0   0   0   0   0   0   0   0   0   0   0   0   0   0   0 
  0   0   0   0   0   0   0   0   0   0   0   0   0   0   0   0 
  0   0   0   0   0   0   0   0   0   0   0   0   0   0   0   0 
  0   0   0   0   0   0   0   0   0   0   0   0   0   0   0   0 
  0   0   0   0   0   0   0   0   0   0   0   0   0   0   0   0 
  0   0   0   0   0   0   0   0   0   0   0   0   0   0   0   0 
  0   0   0   0   0   0   0   0   0   0   0   0   0   0   0   0 
  0   0   0   0   0   0   0   0   0   0   0   0   0   0   0   0 
  0   0   0   0   0   0   0   1   1   0   0   0   0   0   0   0 
  0   0   1   1   1   1   0   1   1   0   0   0   0   0   0   0 
  0   0   0   0   0   0   0   0   0   0   0   0   0   0   0   0 
  1   1   1   1   1   1   1   1   1   0   0   0   0   0   0   1 
  1   0   1   1   1   1   0   1   1   0   0   0   0   0   0   0 
117   0   0   0   0   0   0   0   0   0   0   0   0   0   0   1 
  1   0   0   0   0   0   0   1   1   0   0   0   0   0   0   0 
  0   0   0   0   0   0   0   0   0   0   0   0   0   0   0   1 
  1   0   0   0   0   0   0   1   1   0   0   0   0   0   0   0 
  0   0   0   0   0   0   0   0   0   0   0   0   0   0   0   0 
  0   0   0   0   0   0   0   0   0   0   0   0   0   0   0   0 
  0   0   0   0   0   0   0   0   0   0   0   0   0   0   0   0 
  0   0   0   0   0   0   0   0   0   0   0   0   0   0   0   0 
  0   0   0   0   0   0   0   0   0   0   0   0   0   0   0   0 
  0   0   0   0   0   0   0   0   0   0   0   0   0   0   0   0 
  0   0   0   0   0   0   0   0   0   0   0   0   0   0   0   0 
  0   0   0   0   0   0   0   0   0   0   0   0   0   0   0   0 
  0   0   0   0   0   0   0   0   0   0   0   0   0   0   0   0 
  0   0   0   0   0   0   0   0   0   0   0   0   0   0   0   0 
  0   0   0   0   0   0   0   0   0   0   0   0   0   0   0   0 
  0   0   0   0   0   0   0   0   0   0   0   0   0   0   0   0 
  0   0   0   0   0   0   0   0   0   0   0   0   0   0   0   0 
  0   0   0   0   0   0   0   0   0   0   0   0   0   0   0   0 
  0   0   0   0   0   0   0   0   0   0   0   0   0   0   0   0 
  0   0   0   0   0   0   0   1   1   0   0   0   0   0   0   0 
  0   0   1   1   1   1   0   1   1   0   0   0   0   0   0   0 
  0   0   0   0   0   0   0   0   0   0   0   0   0   0   0   0 
  1   1   1   1   1   1   1   1   1   0   0   0   0   0   0   1 
  1   0   1   1   1   1   0   1   1   0   0   0   0   0   0   0 
116   0   0   0   0   0   0   0   0   0   0   0   0   0   0   1 
  1   0   0   0   0   0   0   1   1   0   0   0   0   0   0   0 
  0   0   0   0   0   0   0   0   0   0   0   0   0   0   0   1 
  1   0   0   0   0   0   0   1   1   0   0   0   0   0   0   0 
  0   0   0   0   0   0   0   0   0   0   0   0   0   0   0   0 
  0   0   0   0   0   0   0   0   0   0   0   0   0   0   0   0 
  0   0   0   0   0   0   0   0   0   0   0   0   0   0   0   0 
  0   0   0   0   0   0   0   0   0   0   0   0   0   0   0   0 
  0   0   0   0   0   0   0   0   0   0   0   0   0   0   0   0 
  0   0   0   0   0   0   0   0   0   0   0   0   0   0   0   0 
  0   0   0   0   0   0   0   0   0   0   0   0   0   0   0   0 
  0   0   0   0   0   0   0   0   0   0   0   0   0   0   0   0 
  0   0   0   0   0   0   0   0   0   0   0   0   0   0   0   0 
  0   0   0   0   0   0   0   0   0   0   0   0   0   0   0   0 
  0   0   0   0   0   0   0   0   0   0   0   0   0   0   0   0 
  0   0   0   0   0   0   0   0   0   0   0   0   0   0   0   0 
  0   0   0   0   0   0   0   0   0   0   0   0   0   0   0   0 
  0   0   0   0   0   0   0   0   0   0   0   0   0   0   0   0 
  0   0   0   0   0   0   0   0   0   0   0   0   0   0   0   0 
  0   0   0   0   0   0   0   1   1   0   0   0   0   0   0   0 
  0   0   1   1   1   1   0   1   1   0   0   0   0   0   0   0 
  0   0   0   0   0   0   0   0   0   0   0   0   0   0   0   0 
  1   1   1   1   1   1   1   1   1   0   0   0   0   0   0   1 
  1   0   1   1   1   1   0   1   1   0   0   0   0   0   0   0 
116   0   0   0   0   0   0   0   0   0   0   0   0   0   0   1 
  1   0   0   0   0   0   0   1   1   0   0   0   0   0   0   0 
  0   0   0   0   0   0   0   0   0   0   0   0   0   0   0   1 
  1   0   0   0   0   0   0   1   1   0   0   0   0   0   0   0 
  0   0   0   0   0   0   0   0   0   0   0   0   0   0   0   0 
  0   0   0   0   0   0   0   0   0   0   0   0   0   0   0   0 
  0   0   0   0   0   0   0   0   0   0   0   0   0   0   0   0 
  0   0   0   0   0   0   0   0   0   0   0   0   0   0   0   0 
  0   0   0   0   0   0   0   0   0   0   0   0   0   0   0   0 
  0   0   0   0   0   0   0   0   0   0   0   0   0   0   0   0 
  0   0   0   0   0   0   0   0   0   0   0   0   0   0   0   0 
  0   0   0   0   0   0   0   0   0   0   0   0   0   0   0   0 
  0   0   0   0   0   0   0   0   0   0   0   0   0   0   0   0 
  0   0   0   0   0   0   0   0   0   0   0   0   0   0   0   0 
  0   0   0   0   0   0   0   0   0   0   0   0   0   0   0   0 
  0   0   0   0   0   0   0   0   0   0   0   0   0   0   0   0 
  0   0   0   0   0   0   0   0   0   0   0   0   0   0   0   0 
  0   0   0   0   0   0   0   0   0   0   0   0   0   0   0   0 
  0   0   0   0   0   0   0   0   0   0   0   0   0   0   0   0 
  0   0   0   0   0   0   0   1   1   0   0   0   0   0   0   0 
  0   0   1   1   1   1   0   1   1   0   0   0   0   0   0   0 
  0   0   0   0   0   0   0   0   0   0   0   0   0   0   0   0 
  1   1   1   1   1   1   1   1   1   0   0   0   0   0   0   1 
  1   0   1   1   1   1   0   1   1   0   0   0   0   0   0   0 
116   0   0   0   0   0   0   0   0   0   0   0   0   0   0   1 
  1   0   0   0   0   0   0   1   1   0   0   0   0   0   0   0 
  0   0   0   0   0   0   0   0   0   0   0   0   0   0   0   1 
  1   0   0   0   0   0   0   1   1   0   0   0   0   0   0   0 
  0   0   0   0   0   0   0   0   0   0   0   0   0   0   0   0 
  0   0   0   0   0   0   0   0   0   0   0   0   0   0   0   0 
  0   0   0   0   0   0   0   0   0   0   0   0   0   0   0   0 
  0   0   0   0   0   0   0   0   0   0   0   0   0   0   0   0 
  0   0   0   0   0   0   0   0   0   0   0   0   0   0   0   0 
  0   0   0   0   0   0   0   0   0   0   0   0   0   0   0   0 
  0   0   0   0   0   0   0   0   0   0   0   0   0   0   0   0 
  0   0   0   0   0   0   0   0   0   0   0   0   0   0   0   0 
  0   0   0   0   0   0   0   0   0   0   0   0   0   0   0   0 
  0   0   0   0   0   0   0   0   0   0   0   0   0   0   0   0 
  0   0   0   0   0   0   0   0   0   0   0   0   0   0   0   0 
  0   0   0   0   0   0   0   0   0   0   0   0   0   0   0   0 
  0   0   0   0   0   0   0   0   0   0   0   0   0   0   0   0 
  0   0   0   0   0   0   0   0   0   0   0   0   0   0   0   0 
  0   0   0   0   0   0   0   0   0   0   0   0   0   0   0   0 
  0   0   0   0   0   0   0   1   1   0   0   0   0   0   0   0 
  0   0   1   1   1   1   0   1   1   0   0   0   0   0   0   0 
  0   0   0   0   0   0   0   0   0   0   0   0   0   0   0   0 
  1   1   1   1   1   1   1   1   1   0   0   0   0   0   0   1 
  1   0   1   1   1   1   0   1   1   0   0   0   0   0   0   0 
115   0   0   0   0   0   0   0   0   0   0   0   0   0   0   1 
  1   0   0   0   0   0   0   1   1   0   0   0   0   0   0   0 
  0   0   0   0   0   0   0   0   0   0   0   0   0   0   0   1 
  1   0   0   0   0   0   0   1   1   0   0   0   0   0   0   0 
  0   0   0   0   0   0   0   0   0   0   0   0   0   0   0   0 
  0   0   0   0   0   0   0   0   0   0   0   0   0   0   0   0 
  0   0   0   0   0   0   0   0   0   0   0   0   0   0   0   0 
  0   0   0   0   0   0   0   0   0   0   0   0   0   0   0   0 
  0   0   0   0   0   0   0   0   0   0   0   0   0   0   0   0 
  0   0   0   0   0   0   0   0   0   0   0   0   0   0   0   0 
  0   0   0   0   0   0   0   0   0   0   0   0   0   0   0   0 
  0   0   0   0   0   0   0   0   0   0   0   0   0   0   0   0 
  0   0   0   0   0   0   0   0   0   0   0   0   0   0   0   0 
  0   0   0   0   0   0   0   0   0   0   0   0   0   0   0   0 
  0   0   0   0   0   0   0   0   0   0   0   0   0   0   0   0 
  0   0   0   0   0   0   0   0   0   0   0   0   0   0   0   0 
  0   0   0   0   0   0   0   0   0   0   0   0   0   0   0   0 
  0   0   0   0   0   0   0   0   0   0   0   0   0   0   0   0 
  0   0   0   0   0   0   0   0   0   0   0   0   0   0   0   0 
  0   0   0   0   0   0   0   1   1   0   0   0   0   0   0   0 
  0   0   1   1   1   1   0   1   1   0   0   0   0   0   0   0 
  0   0   0   0   0   0   0   0   0   0   0   0   0   0   0   0 
  1   1   1   1   1   1   1   1   1   0   0   0   0   0   0   1 
  1   0   1   1   1   1   0   1   1   0   0   0   0   0   0   0 
115   0   0   0   0   0   0   0   0   0   0   0   0   0   0   1 
  1   1   1   1   1   1   1   1   1   0   0   0   0   0   0   0 
  0   0   0   0   0   0   0   0   0   0   0   0   0   0   0   1 
  1   1   1   1   1   1   1   1   1   0   0   0   0   0   0   0 
  0   0   0   0   0   0   0   0   0   0   0   0   0   0   0   0 
  0   0   0   0   0   0   0   0   0   0   0   0   0   0   0   0 
  0   0   0   0   0   0   0   0   1   1   1   1   1   1   1   1 
  0   0   0   0   0   0   0   0   0   0   0   0   0   0   0   0 
  0   0   0   0   0   0   0   0   0   0   0   0   0   0   0   0 
  0   0   0   0   0   0   0   0   0   0   0   0   0   0   0   0 
  0   0   0   1   1   1   1   1   1   1   1   1   1   0   0   0 
  1   1   1   0   0   1   1   1   1   1   1   1   1   1   1   1 
  0   0   0   0   0   0   0   0   1   1   1   1   1   1   1   1 
  1   1   1   1   1   1   1   1   0   0   0   0   0   0   0   0 
  0   0   0   0   0   0   0   0   0   0   0   0   0   0   0   0 
  0   0   0   0   0   0   0   0   0   0   0   0   0   0   0   0 
  1   1   1   1   1   1   1   1   1   1   1   1   1   1   1   1 
  1   1   1   1   1   1   1   1   1   1   1   1   1   1   1   1 
  1   1   1   1   1   1   1   1   1   1   1   1   1   1   1   1 
  0   0   0   0   0   0   0   1   1   0   0   0   0   0   0   0 
  0   0   1   1   0   2   1   2   0   1   1   1   1   1   1   1 
  1   1   1   1   1   1   1   1   1   1   1   1   1   1   1   1 
  1   1   1   1   1   1   1   2   1   0   0   0   0   0   0   1 
  1   1   1   1   1   1   1   1   1   0   0   0   0   0   0   0 
115   0   0   0   0   0   0   0   0   0   0   0   0   0   0   0 
  1   1   1   1   1   1   1   1   0   0   0   0   0   0   0   0 
  0   0   0   0   0   0   0   0   0   0   0   0   0   0   0   0 
  1   1   1   1   1   1   1   1   0   0   0   0   0   0   0   0 
  0   0   0   0   0   0   0   0   0   0   0   0   0   0   0   0 
  0   0   0   0   0   0   0   0   0   0   0   0   0   0   0   0 
  0   0   0   0   0   0   0   1   1   1   1   1   1   1   1   1 
  1   0   0   0   0   0   0   0   0   0   0   0   0   0   0   0 
  0   0   0   0   0   0   0   0   0   0   0   0   0   0   0   0 
  0   0   0   0   0   0   0   0   0   0   0   0   0   0   0   0 
  0   0   1   1   0   2   1   1   1   1   2   0   1   1   0   1 
  1   1   1   1   1   1   1   1   1   1   1   1   1   1   1   1 
  1   0   0   0   0   0   0   1   1   1   1   1   1   1   1   1 
  1   1   1   1   1   1   1   1   1   0   0   0   0   0   0   0 
  0   0   0   0   0   0   0   0   0   0   0   0   0   0   0   0 
  0   0   0   0   0   0   0   0   0   0   0   0   0   0   0   1 
  1   1   1   1   1   1   1   1   1   1   1   1   1   1   1   1 
  1   1   1   1   1   1   1   1   1   1   1   1   1   1   1   1 
  1   1   1   1   1   1   1   1   1   1   1   1   1   1   1   1 
  1   0   0   0   0   0   0   1   1   0   0   0   0   0   0   0 
  0   0   0   1   1   1   1   1   1   1   1   1   1   1   1   1 
  1   1   1   1   1   1   1   1   1   1   1   1   1   1   1   1 
  1   0   0   1   1   0   0   1   0   0   0   0   0   0   0   0 
  1   1   1   0   0   1   1   1   0   0   0   0   0   0   0   0 
114   0   0   0   0   0   0   0   0   0   0   0   0   0   0   0 
  0   0   0   0   0   0   0   0   0   0   0   0   0   0   0   0 
  0   0   0   0   0   0   0   0   0   0   0   0   0   0   0   0 
  0   0   0   0   0   0   0   0   0   0   0   0   0   0   0   0 
  0   0   0   0   0   0   0   0   0   0   0   0   0   0   0   0 
  0   0   0   0   0   0   0   0   0   0   0   0   0   0   0   0 
  0   0   0   0   0   0   0   1   1   0   0   0   0   0   0   1 
  1   0   0   0   0   0   0   0   0   0   0   0   0   0   0   0 
  0   0   0   0   0   0   0   0   0   0   0   0   0   0   0   0 
  0   0   0   0   0   0   0   0   0   0   0   0   0   0   0   0 
  0   0   1   1   1   1   0   0   0   0   1   1   1   1   0   1 
  1   0   1   1   1   1   0   0   0   0   0   0   0   0   0   1 
  1   0   0   0   0   0   0   1   1   0   0   0   0   0   0   0 
  0   0   0   0   0   0   0   1   1   0   0   0   0   0   0   0 
  0   0   0   0   0   0   0   0   0   0   0   0   0   0   0   0 
  0   0   0   0   0   0   0   0   0   0   0   0   0   0   0   1 
  1   0   0   0   0   0   0   0   0   0   0   0   0   0   0   0 
  0   0   0   0   0   0   0   0   0   0   0   0   0   0   0   0 
  0   0   0   0   0   0   0   0   0   0   0   0   0   0   0   1 
  1   0   0   0   0   0   0   1   1   0   0   0   0   0   0   0 
  0   0   0   0   0   0   0   0   0   0   0   0   0   0   0   0 
  0   0   0   0   0   0   0   0   0   0   0   0   0   0   0   0 
  0   0   0   0   0   0   0   0   0   0   0   0   0   0   0   0 
  0   0   0   0   0   0   0   0   0   0   0   0   0   0   0   0 
114   0   0   0   0   0   0   0   0   0   0   0   0   0   0   0 
  0   0   0   0   0   0   0   0   0   0   0   0   0   0   0   0 
  0   0   0   0   0   0   0   0   0   0   0   0   0   0   0   0 
  0   0   0   0   0   0   0   0   0   0   0   0   0   0   0   0 
  0   0   0   0   0   0   0   0   0   0   0   0   0   0   0   0 
  0   0   0   0   0   0   0   0   0   0   0   0   0   0   0   0 
  0   0   0   0   0   0   0   1   1   1   1   1   1   1   1   1 
  1   0   0   0   0   0   0   0   0   0   0   0   0   0   0   0 
  0   0   0   0   0   0   0   0   0   0   0   0   0   0   0   0 
  0   0   0   0   0   0   0   0   0   0   0   0   0   0   0   0 
  0   0   1   1   1   1   0   0   0   0   1   1   1   1   0   1 
  1   0   1   1   1   1   0   0   0   0   0   0   0   0   0   1 
  1   0   0   0   0   0   0   1   1   0   0   0   0   0   0   0 
  0   0   0   0   0   0   0   1   1   0   0   0   0   0   0   0 
  0   0   0   0   0   0   0   0   0   0   0   0   0   0   0   0 
  0   0   0   0   0   0   0   0   0   0   0   0   0   0   0   1 
  1   0   0   0   0   0   0   0   0   0   0   0   0   0   0   0 
  0   0   0   0   0   0   0   0   0   0   0   0   0   0   0   0 
  0   0   0   0   0   0   0   0   0   0   0   0   0   0   0   1 
  1   0   0   0   0   0   0   1   1   0   0   0   0   0   0   0 
  0   0   0   0   0   0   0   0   0   0   0   0   0   0   0   0 
  0   0   0   0   0   0   0   0   0   0   0   0   0   0   0   0 
  0   0   0   0   0   0   0   0   0   0   0   0   0   0   0   0 
  0   0   0   0   0   0   0   0   0   0   0   0   0   0   0   0 
114   0   0   0   0   0   0   0   0   0   0   0   0   0   0   0 
  0   0   0   0   0   0   0   0   0   0   0   0   0   0   0   0 
  0   0   0   0   0   0   0   0   0   0   0   0   0   0   0   0 
  0   0   0   0   0   0   0   0   0   0   0   0   0   0   0   0 
  0   0   0   0   0   0   0   0   0   0   0   0   0   0   0   0 
  0   0   0   0   0   0   0   0   0   0   0   0   0   0   0   0 
  0   0   0   0   0   0   0   0   1   1   1   1   1   1   1   1 
  0   0   0   0   0   0   0   0   0   0   0   0   0   0   0   0 
  0   0   0   0   0   0   0   0   0   0   0   0   0   0   0   0 
  0   0   0   0   0   0   0   0   0   0   0   0   0   0   0   0 
  0   0   1   1   1   1   0   0   0   0   1   1   1   1   0   1 
  1   0   1   1   1   1   0   0   0   0   0   0   0   0   0   1 
  1   0   0   0   0   0   0   1   1   0   0   0   0   0   0   0 
  0   0   0   0   0   0   0   1   1   0   0   0   0   0   0   0 
  0   0   0   0   0   0   0   0   0   0   0   0   0   0   0   0 
  0   0   0   0   0   0   0   0   0   0   0   0   0   0   0   1 
  1   0   0   0   0   0   0   0   0   0   0   0   0   0   0   0 
  0   0   0   0   0   0   0   0   0   0   0   0   0   0   0   0 
  0   0   0   0   0   0   0   0   0   0   0   0   0   0   0   1 
  1   0   0   0   0   0   0   1   1   0   0   0   0   0   0   0 
  0   0   0   0   0   0   0   0   0   0   0   0   0   0   0   0 
  0   0   0   0   0   0   0   0   0   0   0   0   0   0   0   0 
  0   0   0   0   0   0   0   0   0   0   0   0   0   0   0   0 
  0   0   0   0   0   0   0   0   0   0   0   0   0   0   0   0 
113   0   0   0   0   0   0   0   0   0   0   0   0   0   0   0 
  0   0   0   0   0   0   0   0   0   0   0   0   0   0   0   0 
  0   0   0   0   0   0   0   0   0   0   0   0   0   0   0   0 
  0   0   0   0   0   0   0   0   0   0   0   0   0   0   0   0 
  0   0   0   0   0   0   0   0   0   0   0   0   0   0   0   0 
  0   0   0   0   0   0   0   0   0   0   0   0   0   0   0   0 
  0   0   0   0   0   0   0   0   1   1   1   1   1   1   1   1 
  0   0   0   0   0   0   0   0   0   0   0   0   0   0   0   0 
  0   0   0   0   0   0   0   0   0   0   0   0   0   0   0   0 
  0   0   0   0   0   0   0   0   0   0   0   0   0   0   0   0 
  0   0   1   1   1   1   0   0   0   0   1   1   1   1   0   1 
  1   0   1   1   1   1   0   0   0   0   0   0   0   0   0   1 
  1   0   0   0   0   0   0   1   1   0   0   0   0   0   0   0 
  0   0   0   0   0   0   0   1   1   0   0   0   0   0   0   0 
  0   0   0   0   0   0   0   0   0   0   0   0   0   0   0   0 
  0   0   0   0   0   0   0   0   0   0   0   0   0   0   0   1 
  1   0   0   0   0   0   0   0   0   0   0   0   0   0   0   0 
  0   0   0   0   0   0   0   0   0   0   0   0   0   0   0   0 
  0   0   0   0   0   0   0   0   0   0   0   0   0   0   0   1 
  1   0   0   0   0   0   0   1   1   0   0   0   0   0   0   0 
  0   0   0   0   0   0   0   0   0   0   0   0   0   0   0   0 
  0   0   0   0   0   0   0   0   0   0   0   0   0   0   0   0 
  0   0   0   0   0   0   0   0   0   0   0   0   0   0   0   0 
  0   0   0   0   0   0   0   0   0   0   0   0   0   0   0   0 
112   0   0   0   0   0   0   0   0   0   0   0   0   0   0   0 
  0   0   0   0   0   0   0   0   0   0   0   0   0   0   0   0 
  0   0   0   0   0   0   0   0   0   0   0   0   0   0   0   0 
  0   0   0   0   0   0   0   0   0   0   0   0   0   0   0   0 
  0   0   0   0   0   0   0   0   0   0   0   0   0   0   0   0 
  0   0   0   0   0   0   0   0   0   0   0   0   0   0   0   0 
  0   0   0   0   0   0   0   1   1   1   1   1   1   1   1   1 
  1   0   0   0   0   0   0   0   0   0   0   0   0   0   0   0 
  0   0   0   0   0   0   0   0   0   0   0   0   0   0   0   0 
  0   0   0   0   0   0   0   0   0   0   0   0   0   0   0   0 
  0   0   1   1   1   1   0   0   0   0   1   1   1   1   0   1 
  1   0   1   1   1   1   0   0   0   0   0   0   0   0   0   1 
  1   0   0   0   0   0   0   1   1   0   0   0   0   0   0   0 
  0   0   0   0   0   0   0   1   1   0   0   0   0   0   0   0 
  0   0   0   0   0   0   0   0   0   0   0   0   0   0   0   0 
  0   0   0   0   0   0   0   0   0   0   0   0   0   0   0   1 
  1   0   0   0   0   0   0   0   0   0   0   0   0   0   0   0 
  0   0   0   0   0   0   0   0   0   0   0   0   0   0   0   0 
  0   0   0   0   0   0   0   0   0   0   0   0   0   0   0   1 
  1   0   0   0   0   0   0   1   1   0   0   0   0   0   0   0 
  0   0   0   0   0   0   0   0   0   0   0   0   0   0   0   0 
  0   0   0   0   0   0   0   0   0   0   0   0   0   0   0   0 
  0   0   0   0   0   0   0   0   0   0   0   0   0   0   0   0 
  0   0   0   0   0   0   0   0   0   0   0   0   0   0   0   0 
112   0   0   0   0   0   0   0   0   0   0   0   0   0   0   0 
  0   0   0   0   0   0   0   0   0   0   0   0   0   0   0   0 
  0   0   0   0   0   0   0   0   0   0   0   0   0   0   0   0 
  0   0   0   0   0   0   0   0   0   0   0   0   0   0   0   0 
  0   0   0   0   0   0   0   0   0   0   0   0   0   0   0   0 
  0   0   0   0   0   0   0   0   0   0   0   0   0   0   0   0 
  0   0   0   0   0   0   0   1   1   0   0   0   0   0   0   1 
  1   0   0   0   0   0   0   0   0   0   0   0   0   0   0   0 
  0   0   0   0   0   0   0   0   0   0   0   0   0   0   0   0 
  0   0   0   0   0   0   0   0   0   0   0   0   0   0   0   0 
  0   0   1   1   1   1   0   0   0   0   1   1   1   1   0   1 
  1   0   1   1   1   1   0   0   0   0   0   0   0   0   0   1 
  1   0   0   0   0   0   0   1   1   0   0   0   0   0   0   0 
  0   0   0   0   0   0   0   1   1   0   0   0   0   0   0   0 
  0   0   0   0   0   0   0   0   0   0   0   0   0   0   0   0 
  0   0   0   0   0   0   0   0   0   0   0   0   0   0   0   1 
  1   0   0   0   0   0   0   0   0   0   0   0   0   0   0   0 
  0   0   0   0   0   0   0   0   0   0   0   0   0   0   0   0 
  0   0   0   0   0   0   0   0   0   0   0   0   0   0   0   1 
  1   0   0   0   0   0   0   1   1   0   0   0   0   0   0   0 
  0   0   0   0   0   0   0   0   0   0   0   0   0   0   0   0 
  0   0   0   0   0   0   0   0   0   0   0   0   0   0   0   0 
  0   0   0   0   0   0   0   0   0   0   0   0   0   0   0   0 
  0   0   0   0   0   0   0   0   0   0   0   0   0   0   0   0 
112   0   0   0   0   0   0   0   0   0   0   0   0   0   0   0 
  0   0   0   0   0   0   0   0   0   0   0   0   0   0   0   0 
  0   0   0   0   0   0   0   0   0   0   0   0   0   0   0   0 
  0   0   0   0   0   0   0   0   1   1   1   1   1   1   1   1 
  1   1   1   1   1   1   1   1   0   0   0   0   0   0   0   0 
  0   0   0   0   0   0   0   0   0   0   0   0   0   0   0   0 
  0   0   0   0   0   0   0   1   1   0   0   0   0   0   0   1 
  1   1   1   0   0   1   1   1   0   0   0   0   0   0   0   0 
  0   0   0   0   0   0   0   0   0   0   0   0   0   0   0   0 
  1   1   1   1   1   1   1   1   1   1   1   1   1   1   1   1 
  0   0   1   1   0   2   1   1   1   1   2   0   1   1   0   1 
  2   1   2   0   1   1   0   0   0   0   0   0   0   0   0   1 
  1   1   1   1   1   1   1   1   1   1   1   1   1   1   1   1 
  0   0   0   0   0   0   0   1   1   1   1   1   1   1   1   1 
  1   1   1   1   1   1   1   1   0   1   1   1   1   1   1   0 
  0   0   0   0   0   0   0   0   0   0   0   0   0   0   0   1 
  1   1   1   1   1   1   1   1   0   0   0   0   0   0   0   0 
  0   0   0   0   0   0   0   0   0   0   0   0   0   0   0   0 
  0   0   0   0   0   0   0   0   1   1   1   1   1   1   1   1 
  1   0   0   0   0   0   0   1   1   0   0   0   0   0   0   0 
  1   0   0   1   1   0   0   1   1   1   1   1   1   1   1   1 
  1   0   0   1   1   0   0   1   0   0   0   0   0   0   0   0 
  1   1   1   1   1   1   1   1   0   0   0   0   0   0   0   0 
  0   0   0   0   0   0   0   0   1   1   1   1   1   0   0   0 
111   0   0   0   0   0   0   0   0   0   0   0   0   0   0   0 
  0   0   0   0   0   0   0   0   0   0   0   0   0   0   0   0 
  0   0   0   0   0   0   0   0   0   0   0   0   0   0   0   0 
  0   0   0   0   0   0   0   1   1   1   1   1   1   1   1   2 
  2   1   1   1   1   1   1   1   1   0   0   0   0   0   0   0 
  0   0   0   0   0   0   0   0   0   0   0   0   0   0   0   0 
  0   0   0   0   0   0   0   1   1   0   0   0   0   0   0   0 
  1   1   1   1   1   1   1   1   1   0   0   0   0   0   0   0 
  0   0   0   0   0   0   0   0   0   0   0   0   0   0   0   1 
  1   1   1   1   1   1   1   1   1   1   1   1   1   1   1   1 
  1   0   0   1   1   1   1   1   1   1   1   1   1   0   0   1 
  2   1   1   1   1   0   0   0   0   0   0   0   0   0   0   0 
  1   1   1   1   1   1   1   1   1   1   1   1   1   1   1   1 
  1   0   0   0   0   0   0   0   1   1   1   1   1   1   1   1 
  1   1   1   1   1   1   1   1   1   1   0   2   2   0   1   1 
  0   0   0   0   0   0   0   0   0   0   0   0   0   0   0   0 
  1   1   1   1   1   1   1   1   1   0   0   0   0   0   0   0 
  1   1   1   1   1   1   1   1   0   0   0   0   0   0   0   0 
  0   0   0   0   0   0   0   1   1   1   1   1   1   1   1   1 
  0   0   0   0   0   0   0   1   1   0   0   0   0   0   0   1 
  2   1   1   1   1   1   1   1   1   1   1   1   1   1   1   1 
  1   1   1   1   1   1   1   2   1   0   0   0   0   0   0   1 
  1   1   1   1   1   1   1   1   1   0   0   0   0   0   0   0 
  0   0   0   0   0   0   0   1   2   1   2   0   1   1   0   1 
111   0   0   0   0   0   0   0   0   0   0   0   0   0   0   0 
  0   0   0   0   0   0   0   0   0   0   0   0   0   0   0   0 
  0   0   0   0   0   0   0   0   0   0   0   0   0   0   0   0 
  0   0   0   0   0   0   0   1   1   0   0   0   0   0   0   1 
  1   0   0   0   0   0   0   1   1   0   0   0   0   0   0   0 
  0   0   0   0   0   0   0   0   0   0   0   0   0   0   0   0 
  0   0   0   0   0   0   0   1   1   0   0   0   0   0   0   0 
  0   0   1   1   1   1   0   1   1   0   0   0   0   0   0   0 
  0   0   0   0   0   0   0   0   0   0   0   0   0   0   0   1 
  1   0   0   0   0   0   0   0   0   0   0   0   0   0   0   1 
  1   0   0   0   0   0   0   0   0   0   0   0   0   0   0   1 
  1   0   0   0   0   0   0   0   0   0   0   0   0   0   0   0 
  0   0   0   0   0   0   0   1   1   0   0   0   0   0   0   1 
  1   0   0   0   0   0   0   0   0   0   0   0   0   0   0   0 
  0   0   0   0   0   0   0   1   1   1   1   1   1   1   1   1 
  0   0   0   0   0   0   0   0   0   0   0   0   0   0   0   0 
  0   0   0   0   0   0   0   1   1   0   0   0   0   0   0   1 
  1   1   1   1   1   1   1   1   1   0   0   0   0   0   0   0 
  0   0   0   0   0   0   0   1   1   0   0   0   0   0   0   0 
  0   0   0   0   0   0   0   1   1   0   0   0   0   0   0   1 
  1   1   1   1   1   1   1   1   0   0   0   0   0   0   0   0 
  1   1   1   1   1   1   1   1   1   0   0   0   0   0   0   1 
  1   0   0   0   0   0   0   1   1   0   0   0   0   0   0   0 
  0   0   0   0   0   0   0   1   1   1   1   0   1   1   0   1 
111   0   0   0   0   0   0   0   0   0   0   0   0   0   0   0 
  0   0   0   0   0   0   0   0   0   0   0   0   0   0   0   0 
  0   0   0   0   0   0   0   0   0   0   0   0   0   0   0   0 
  0   0   0   0   0   0   0   1   1   1   1   1   1   1   1   2 
  1   0   0   0   0   0   0   1   1   0   0   0   0   0   0   0 
  0   0   0   0   0   0   0   0   0   0   0   0   0   0   0   0 
  0   0   0   0   0   0   0   1   1   0   0   0   0   0   0   0 
  0   0   1   1   1   1   0   1   1   0   0   0   0   0   0   0 
  0   0   0   0   0   0   0   0   1   1   1   1   1   1   1   1 
  1   0   0   0   0   0   0   0   0   0   0   0   0   0   0   1 
  1   0   0   0   0   0   0   0   0   0   0   0   0   0   0   1 
  1   0   0   0   0   0   0   0   0   0   0   0   0   0   0   0 
  0   0   0   0   0   0   0   1   1   0   0   0   0   0   0   1 
  1   0   0   0   0   0   0   0   0   0   0   0   0   0   0   0 
  0   0   0   0   0   0   0   1   1   1   1   1   1   1   1   1 
  1   1   1   1   1   1   1   1   0   0   0   0   0   0   0   0 
  1   1   1   1   1   1   1   1   1   0   0   0   0   0   0   1 
  0   1   1   1   1   1   1   0   1   0   0   0   0   0   0   0 
  0   0   0   0   0   0   0   1   1   1   1   1   1   1   1   1 
  1   1   1   1   1   1   1   1   1   0   0   0   0   0   0   1 
  1   1   1   1   1   1   1   1   1   1   1   1   1   1   1   1 
  1   1   1   1   1   1   1   1   1   0   0   0   0   0   0   1 
  1   1   1   1   1   1   1   1   0   1   1   1   1   1   1   1 
  0   0   0   0   0   0   0   1   2   1   0   1   1   0   1   0 
110   0   0   0   0   0   0   0   0   0   0   0   0   0   0   0 
  0   0   0   0   0   0   0   0   0   0   0   0   0   0   0   0 
  0   0   0   0   0   0   0   0   0   0   0   0   0   0   0   0 
  0   0   0   0   0   0   0   0   1   1   1   1   1   1   1   0 
  1   0   0   0   0   0   0   1   1   0   0   0   0   0   0   0 
  0   0   0   0   0   0   0   0   0   0   0   0   0   0   0   0 
  0   0   0   0   0   0   0   1   1   0   0   0   0   0   0   0 
  0   0   1   1   1   1   0   1   1   0   0   0   0   0   0   0 
  0   0   0   0   0   0   0   1   1   1   1   1   1   1   1   1 
  0   0   0   0   0   0   0   0   0   0   0   0   0   0   0   1 
  1   0   0   0   0   0   0   0   0   0   0   0   0   0   0   1 
  1   0   0   0   0   0   0   0   0   0   0   0   0   0   0   0 
  0   0   0   0   0   0   0   1   1   0   0   0   0   0   0   1 
  1   0   0   0   0   0   0   0   0   0   0   0   0   0   0   0 
  0   0   0   0   0   0   0   1   1   1   1   1   1   1   1   1 
  1   1   1   1   1   1   1   1   1   0   0   0   0   0   0   1 
  1   1   1   1   1   1   1   1   0   0   0   0   0   0   0   1 
  2   1   1   1   1   1   1   2   1   0   0   0   0   0   0   0 
  0   0   0   0   0   0   0   0   1   1   1   1   1   1   1   1 
  1   1   1   1   1   1   1   1   0   0   0   0   0   0   0   1 
  1   1   1   1   1   1   1   1   1   1   1   1   1   1   1   1 
  1   1   1   1   1   1   1   1   1   0   0   0   0   0   0   0 
  1   1   1   1   1   1   1   0   1   1   1   1   1   1   1   1 
  1   0   0   0   0   0   0   1   0   0   1   1   0   1   1   1 
110   0   0   0   0   0   0   0   0   0   0   0   0   0   0   0 
  0   0   0   0   0   0   0   0   0   0   0   0   0   0   0   0 
  0   0   0   0   0   0   0   0   0   0   0   0   0   0   0   0 
  0   0   0   0   0   0   0   0   1   1   1   1   1   1   1   1 
  1   0   0   0   0   0   0   1   1   0   0   0   0   0   0   0 
  0   0   0   0   0   0   0   0   0   0   0   0   0   0   0   0 
  0   0   0   0   0   0   0   1   1   0   0   0   0   0   0   0 
  0   0   1   1   1   1   0   1   1   0   0   0   0   0   0   0 
  0   0   0   0   0   0   0   1   0   1   1   1   1   1   1   1 
  0   0   0   0   0   0   0   0   0   0   0   0   0   0   0   1 
  1   0   0   0   0   0   0   0   0   0   0   0   0   0   0   1 
  1   0   0   0   0   0   0   0   0   0   0   0   0   0   0   0 
  0   0   0   0   0   0   0   1   1   0   0   0   0   0   0   1 
  1   0   0   0   0   0   0   0   0   0   0   0   0   0   0   0 
  0   0   0   0   0   0   0   1   1   1   1   1   1   1   1   1 
  0   1   1   1   1   1   1   0   1   0   0   0   0   0   0   1 
  0   1   1   1   1   1   1   1   0   0   0   0   0   0   0   1 
  2   1   1   1   1   1   1   2   1   0   0   0   0   0   0   0 
  0   0   0   0   0   0   0   0   1   1   1   1   1   1   1   1 
  1   1   1   1   1   1   1   1   0   0   0   0   0   0   0   1 
  1   1   1   1   1   1   1   1   0   1   1   1   1   1   1   0 
  1   1   1   1   1   1   1   1   1   0   0   0   0   0   0   0 
  1   1   1   1   1   1   1   1   0   1   1   1   1   1   1   0 
  1   0   0   0   0   0   0   1   1   1   1   0   1   1   0   0 
110   0   0   0   0   0   0   0   0   0   0   0   0   0   0   0 
  0   0   0   0   0   0   0   0   0   0   0   0   0   0   0   0 
  0   0   0   0   0   0   0   0   0   0   0   0   0   0   0   0 
  0   0   0   0   0   0   0   1   1   1   1   1   1   1   1   1 
  0   0   0   0   0   0   0   1   1   0   0   0   0   0   0   0 
  0   0   0   0   0   0   0   0   0   0   0   0   0   0   0   0 
  0   0   0   0   0   0   0   1   1   0   0   0   0   0   0   0 
  0   0   1   1   1   1   0   1   1   0   0   0   0   0   0   0 
  0   0   0   0   0   0   0   1   2   1   1   1   1   1   1   1 
  1   0   0   0   0   0   0   0   0   0   0   0   0   0   0   1 
  1   0   0   0   0   0   0   0   0   0   0   0   0   0   0   1 
  1   0   0   0   0   0   0   0   0   0   0   0   0   0   0   0 
  0   0   0   0   0   0   0   1   1   0   0   0   0   0   0   1 
  1   0   0   0   0   0   0   0   0   0   0   0   0   0   0   0 
  0   0   0   0   0   0   0   1   1   1   1   1   1   1   1   2 
  2   1   1   1   1   1   1   2   1   0   0   0   0   0   0   1 
  2   1   1   1   1   1   1   1   1   0   0   0   0   0   0   1 
  0   1   1   1   1   1   1   0   1   0   0   0   0   0   0   0 
  0   0   0   0   0   0   0   1   1   1   1   1   1   1   1   1 
  1   1   1   1   1   1   1   1   1   0   0   0   0   0   0   1 
  1   1   1   1   1   1   1   2   2   1   1   1   1   1   1   2 
  2   1   1   1   1   1   1   1   1   0   0   0   0   0   0   1 
  1   1   1   1   1   1   1   0   1   1   1   1   1   1   1   2 
  1   0   0   0   0   0   0   0   1   1   0   1   1   0   1   2 
109   0   0   0   0   0   0   0   0   0   0   0   0   0   0   0 
  0   0   0   0   0   0   0   0   0   0   0   0   0   0   0   0 
  0   0   0   0   0   0   0   0   0   0   0   0   0   0   0   0 
  0   0   0   0   0   0   0   1   1   0   0   0   0   0   0   0 
  0   0   0   0   0   0   0   1   1   0   0   0   0   0   0   0 
  0   0   0   0   0   0   0   0   0   0   0   0   0   0   0   0 
  0   0   0   0   0   0   0   1   1   0   0   0   0   0   0   0 
  0   0   1   1   1   1   0   1   1   0   0   0   0   0   0   0 
  0   0   0   0   0   0   0   1   1   0   0   0   0   0   0   1 
  1   0   0   0   0   0   0   0   0   0   0   0   0   0   0   1 
  1   0   0   0   0   0   0   0   0   0   0   0   0   0   0   1 
  1   0   0   0   0   0   0   0   0   0   0   0   0   0   0   0 
  0   0   0   0   0   0   0   1   1   0   0   0   0   0   0   1 
  1   0   0   0   0   0   0   0   0   0   0   0   0   0   0   0 
  0   0   0   0   0   0   0   1   1   1   1   1   1   1   1   2 
  1   0   0   0   0   0   0   1   1   0   0   0   0   0   0   1 
  1   0   0   0   0   0   0   1   1   0   0   0   0   0   0   1 
  1   1   1   1   1   1   1   1   1   0   0   0   0   0   0   0 
  0   0   0   0   0   0   0   1   1   0   0   0   0   0   0   0 
  0   0   0   0   0   0   0   1   1   0   0   0   0   0   0   1 
  1   1   1   1   1   1   1   2   1   0   0   0   0   0   0   1 
  2   1   1   1   1   1   1   1   1   0   0   0   0   0   0   1 
  1   0   0   0   0   0   0   1   1   0   0   0   0   0   0   1 
  1   0   0   0   0   0   0   0   0   0   1   1   0   1   1   1 
109   0   0   0   0   0   0   0   0   0   0   0   0   0   0   0 
  0   0   0   0   0   0   0   0   0   0   0   0   0   0   0   0 
  0   0   0   0   0   0   0   0   0   0   0   0   0   0   0   0 
  0   0   0   0   0   0   0   1   1   1   1   1   1   1   1   1 
  0   0   0   0   0   0   0   1   2   1   1   1   1   0   0   0 
  0   0   0   0   0   0   0   0   0   0   0   0   0   0   0   0 
  0   0   0   0   0   0   0   1   1   0   0   0   0   0   0   0 
  0   0   1   1   1   1   0   1   1   0   0   0   0   0   0   0 
  1   1   1   1   1   1   1   1   2   1   1   1   1   1   1   2 
  1   0   0   0   0   0   0   0   1   0   0   1   1   0   0   1 
  1   0   0   0   0   0   0   0   0   0   0   0   0   0   0   1 
  1   0   0   0   0   0   0   0   0   0   0   0   0   0   0   0 
  1   1   1   0   0   1   1   1   1   0   0   0   0   0   0   1 
  1   0   0   1   1   0   0   1   0   0   0   0   0   0   0   0 
  0   0   0   0   0   0   0   1   1   1   0   1   1   0   1   1 
  3   1   1   0   0   0   0   2   2   1   1   1   1   1   1   2 
  1   0   0   0   0   0   0   1   1   0   0   0   0   0   0   0 
  1   1   1   1   1   1   1   1   1   1   1   1   1   1   1   1 
  1   1   1   1   1   1   1   1   1   0   0   0   0   0   0   0 
  0   0   0   0   0   0   0   1   1   1   1   1   1   1   1   0 
  2   0   1   1   1   1   0   3   1   0   0   0   0   0   0   1 
  3   0   1   1   1   1   0   2   0   1   1   1   1   1   1   1 
  1   0   0   0   0   0   0   1   1   1   1   1   1   1   1   2 
  2   1   1   1   1   1   1   1   1   1   1   1   1   2   1   1 
109   0   0   0   0   0   0   0   0   0   0   0   0   0   0   0 
  0   0   0   0   0   0   0   0   0   0   0   0   0   0   0   0 
  0   0   0   0   0   0   0   0   0   0   0   0   0   0   0   0 
  0   0   0   0   0   0   0   0   1   1   1   1   1   1   1   1 
  1   0   0   0   0   0   0   1   2   1   2   0   1   1   0   0 
  0   0   0   0   0   0   0   0   0   0   0   0   0   0   0   0 
  0   0   0   0   0   0   0   1   1   0   0   0   0   0   0   0 
  0   0   1   1   1   1   0   1   1   0   0   0   0   0   0   1 
  1   1   1   1   1   1   1   1   1   1   1   1   1   1   1   2 
  1   0   0   0   0   0   0   1   2   1   1   1   1   1   1   1 
  0   0   0   0   0   0   0   0   0   0   0   0   0   0   0   1 
  1   0   0   0   0   0   0   0   0   0   0   0   0   0   0   1 
  1   1   1   1   1   1   1   1   0   0   0   0   0   0   0   0 
  1   1   1   1   1   1   1   2   1   0   0   0   0   0   0   0 
  0   0   0   0   0   0   0   1   2   0   1   0   0   1   0   1 
  2   1   1   1   0   0   1   2   2   1   1   1   1   1   1   1 
  0   0   0   0   0   0   0   1   1   0   0   0   0   0   0   1 
  1   1   1   1   1   1   1   1   1   1   1   1   1   1   1   1 
  1   1   1   1   1   1   1   1   0   0   0   0   0   0   0   0 
  0   0   0   0   0   0   0   0   1   1   1   1   1   1   1   1 
  1   1   1   0   0   1   1   1   0   0   0   0   0   0   0   0 
  1   1   1   0   0   1   1   1   1   1   1   1   1   1   1   1 
  0   0   0   0   0   0   0   0   1   1   1   1   1   1   1   1 
  1   1   1   1   1   1   1   1   1   1   1   0   0   1   1   1 
108   0   0   0   0   0   0   0   0   0   0   0   0   0   0   0 
  0   0   0   0   0   0   0   0   0   0   0   0   0   0   0   0 
  0   0   0   0   0   0   0   0   0   0   0   0   0   0   0   0 
  0   0   0   0   0   0   0   0   0   0   0   0   0   0   0   1 
  1   0   0   0   0   0   0   1   1   0   1   1   1   1   0   0 
  0   0   0   0   0   0   0   0   0   0   0   0   0   0   0   0 
  0   0   0   0   0   0   0   1   1   0   0   0   0   0   0   0 
  0   0   1   1   1   1   0   1   1   0   0   0   0   0   0   1 
  1   0   0   0   0   0   0   1   1   0   0   0   0   0   0   1 
  1   0   0   0   0   0   0   1   1   1   1   1   1   1   1   1 
  0   0   0   0   0   0   0   0   0   0   0   0   0   0   0   1 
  1   0   0   0   0   0   0   0   0   0   0   0   0   0   0   1 
  1   0   1   1   1   1   0   0   0   0   0   0   0   0   0   0 
  1   1   1   1   1   1   1   1   1   0   0   0   0   0   0   0 
  0   0   0   0   0   0   0   1   2   1   1   1   1   1   1   1 
  1   0   0   1   0   0   1   1   1   0   0   0   0   0   0   0 
  0   0   0   0   0   0   0   1   1   0   0   0   0   0   0   1 
  1   0   0   0   0   0   0   0   0   0   0   0   0   0   0   0 
  0   0   0   0   0   0   0   0   0   0   0   0   0   0   0   0 
  0   0   0   0   0   0   0   0   0   0   0   0   0   0   0   0 
  0   0   0   0   0   0   0   0   0   0   0   0   0   0   0   0 
  0   0   0   0   0   0   0   0   0   0   0   0   0   0   0   0 
  0   0   0   0   0   0   0   0   0   0   0   0   0   0   0   0 
  0   0   0   0   0   0   0   0   0   0   0   0   0   0   0   0 
108   0   0   0   0   0   0   0   0   0   0   0   0   0   0   0 
  0   0   0   0   0   0   0   0   0   0   0   0   0   0   0   0 
  0   0   0   0   0   0   0   0   0   0   0   0   0   0   0   0 
  0   0   0   0   0   0   0   0   0   0   0   0   0   0   0   1 
  1   0   0   0   0   0   0   1   1   0   1   1   1   1   0   0 
  0   0   0   0   0   0   0   0   0   0   0   0   0   0   0   0 
  0   0   0   0   0   0   0   1   1   0   0   0   0   0   0   0 
  0   0   1   1   1   1   0   1   1   0   0   0   0   0   0   1 
  1   1   1   1   1   1   1   1   0   1   1   1   1   1   1   1 
  1   0   0   0   0   0   0   1   1   1   1   1   1   1   1   1 
  1   1   1   1   1   1   1   1   0   0   0   0   0   0   0   1 
  1   0   0   0   0   0   0   0   0   0   0   0   0   0   0   1 
  1   0   1   1   1   1   0   0   0   0   0   0   0   0   0   0 
  1   1   1   1   1   1   1   1   1   0   0   0   0   0   0   0 
  0   0   0   0   0   0   0   1   0   1   1   1   1   1   1   1 
  1   0   0   1   0   0   1   1   1   0   0   0   0   0   0   0 
  0   0   0   0   0   0   0   1   1   0   0   0   0   0   0   1 
  1   0   0   0   0   0   0   0   0   0   0   0   0   0   0   0 
  0   0   0   0   0   0   0   0   0   0   0   0   0   0   0   0 
  0   0   0   0   0   0   0   0   0   0   0   0   0   0   0   0 
  0   0   0   0   0   0   0   0   0   0   0   0   0   0   0   0 
  0   0   0   0   0   0   0   0   0   0   0   0   0   0   0   0 
  0   0   0   0   0   0   0   0   0   0   0   0   0   0   0   0 
  0   0   0   0   0   0   0   0   0   0   0   0   0   0   0   0 
107   0   0   0   0   0   0   0   0   0   0   0   0   0   0   0 
  0   0   0   0   0   0   0   0   0   0   0   0   0   0   0   0 
  0   0   0   0   0   0   0   0   0   0   0   0   0   0   0   0 
  0   0   0   0   0   0   0   0   0   0   0   0   0   0   0   1 
  1   0   0   0   0   0   0   1   1   0   1   1   1   1   0   0 
  0   0   0   0   0   0   0   0   0   0   0   0   0   0   0   0 
  0   0   0   0   0   0   0   1   1   0   0   0   0   0   0   0 
  0   0   1   1   1   1   0   1   1   0   0   0   0   0   0   0 
  1   1   1   1   1   1   1   0   1   1   1   1   1   1   1   1 
  0   0   0   0   0   0   0   1   1   1   1   1   1   1   1   1 
  1   1   1   1   1   1   1   1   1   0   0   0   0   0   0   1 
  1   0   0   0   0   0   0   0   0   0   0   0   0   0   0   1 
  1   0   1   1   1   1   0   0   0   0   0   0   0   0   0   0 
  1   1   1   1   1   1   1   1   1   0   0   0   0   0   0   0 
  0   0   0   0   0   0   0   1   1   1   1   1   1   1   1   1 
  1   0   0   1   0   0   1   1   1   0   0   0   0   0   0   0 
  0   0   0   0   0   0   0   1   1   0   0   0   0   0   0   1 
  1   0   0   0   0   0   0   0   0   0   0   0   0   0   0   0 
  0   0   0   0   0   0   0   0   0   0   0   0   0   0   0   0 
  0   0   0   0   0   0   0   0   0   0   0   0   0   0   0   0 
  0   0   0   0   0   0   0   0   0   0   0   0   0   0   0   0 
  0   0   0   0   0   0   0   0   0   0   0   0   0   0   0   0 
  0   0   0   0   0   0   0   0   0   0   0   0   0   0   0   0 
  0   0   0   0   0   0   0   0   0   0   0   0   0   0   0   0 
107   0   0   0   0   0   0   0   0   0   0   0   0   0   0   0 
  0   0   0   0   0   0   0   0   0   0   0   0   0   0   0   0 
  0   0   0   0   0   0   0   0   0   0   0   0   0   0   0   0 
  0   0   0   0   0   0   0   0   0   0   0   0   0   0   0   1 
  1   0   0   0   0   0   0   1   1   0   1   1   1   1   0   0 
  0   0   0   0   0   0   0   0   0   0   0   0   0   0   0   0 
  0   0   0   0   0   0   0   1   1   0   0   0   0   0   0   0 
  0   0   1   1   1   1   0   1   1   0   0   0   0   0   0   0 
  1   1   1   1   1   1   1   1   0   1   1   1   1   1   1   1 
  0   0   0   0   0   0   0   1   1   1   1   1   1   1   1   1 
  0   1   1   1   1   1   1   0   1   0   0   0   0   0   0   1 
  1   0   0   0   0   0   0   0   0   0   0   0   0   0   0   1 
  1   0   1   1   1   1   0   0   0   0   0   0   0   0   0   0 
  1   1   1   1   1   1   1   1   1   0   0   0   0   0   0   0 
  0   0   0   0   0   0   0   1   2   1   1   0   0   1   1   1 
  1   0   0   1   0   0   1   1   1   0   0   0   0   0   0   0 
  0   0   0   0   0   0   0   1   1   0   0   0   0   0   0   1 
  1   0   0   0   0   0   0   0   0   0   0   0   0   0   0   0 
  0   0   0   0   0   0   0   0   0   0   0   0   0   0   0   0 
  0   0   0   0   0   0   0   0   0   0   0   0   0   0   0   0 
  0   0   0   0   0   0   0   0   0   0   0   0   0   0   0   0 
  0   0   0   0   0   0   0   0   0   0   0   0   0   0   0   0 
  0   0   0   0   0   0   0   0   0   0   0   0   0   0   0   0 
  0   0   0   0   0   0   0   0   0   0   0   0   0   0   0   0 
107   0   0   0   0   0   0   0   0   0   0   0   0   0   0   0 
  0   0   0   0   0   0   0   0   0   0   0   0   0   0   0   0 
  0   0   0   0   0   0   0   0   0   0   0   0   0   0   0   0 
  0   0   0   0   0   0   0   0   0   0   0   0   0   0   0   1 
  1   0   0   0   0   0   0   1   1   0   1   1   1   1   0   0 
  0   0   0   0   0   0   0   0   0   0   0   0   0   0   0   0 
  0   0   0   0   0   0   0   1   1   0   0   0   0   0   0   0 
  0   0   1   1   1   1   0   1   1   0   0   0   0   0   0   1 
  1   1   1   1   1   1   1   0   1   1   1   1   1   1   1   1 
  1   0   0   0   0   0   0   1   1   1   1   1   1   1   1   2 
  2   1   1   1   1   1   1   2   1   0   0   0   0   0   0   1 
  1   0   0   0   0   0   0   0   0   0   0   0   0   0   0   1 
  1   0   1   1   1   1   0   0   0   0   0   0   0   0   0   0 
  1   1   1   1   1   1   1   1   1   0   0   0   0   0   0   0 
  0   0   0   0   0   0   0   0   1   1   1   1   1   1   1   2 
  2   0   0   1   0   0   1   1   1   0   0   0   0   0   0   0 
  0   0   0   0   0   0   0   1   1   0   0   0   0   0   0   1 
  1   0   0   0   0   0   0   0   0   0   0   0   0   0   0   0 
  0   0   0   0   0   0   0   0   0   0   0   0   0   0   0   0 
  0   0   0   0   0   0   0   0   0   0   0   0   0   0   0   0 
  0   0   0   0   0   0   0   0   0   0   0   0   0   0   0   0 
  0   0   0   0   0   0   0   0   0   0   0   0   0   0   0   0 
  0   0   0   0   0   0   0   0   0   0   0   0   0   0   0   0 
  0   0   0   0   0   0   0   0   0   0   0   0   0   0   0   0 
106   0   0   0   0   0   0   0   0   0   0   0   0   0   0   0 
  0   0   0   0   0   0   0   0   0   0   0   0   0   0   0   0 
  0   0   0   0   0   0   0   0   0   0   0   0   0   0   0   0 
  0   0   0   0   0   0   0   0   0   0   0   0   0   0   0   1 
  1   0   0   0   0   0   0   1   1   0   1   1   1   1   0   0 
  0   0   0   0   0   0   0   0   0   0   0   0   0   0   0   0 
  0   0   0   0   0   0   0   1   1   0   0   0   0   0   0   0 
  0   0   1   1   1   1   0   1   1   0   0   0   0   0   0   1 
  1   0   0   0   0   0   0   1   1   0   0   0   0   0   0   1 
  1   0   0   0   0   0   0   1   1   1   1   1   1   1   1   2 
  1   0   0   0   0   0   0   1   1   0   0   0   0   0   0   1 
  1   0   0   0   0   0   0   0   0   0   0   0   0   0   0   1 
  1   0   1   1   1   1   0   0   0   0   0   0   0   0   0   0 
  1   1   1   1   1   1   1   1   1   0   0   0   0   0   0   0 
  0   0   0   0   0   0   0   0   1   1   1   1   1   1   1   1 
  2   0   0   1   0   0   1   1   1   0   0   0   0   0   0   0 
  0   0   0   0   0   0   0   1   1   0   0   0   0   0   0   1 
  1   0   0   0   0   0   0   0   0   0   0   0   0   0   0   0 
  0   0   0   0   0   0   0   0   0   0   0   0   0   0   0   0 
  0   0   0   0   0   0   0   0   0   0   0   0   0   0   0   0 
  0   0   0   0   0   0   0   0   0   0   0   0   0   0   0   0 
  0   0   0   0   0   0   0   0   0   0   0   0   0   0   0   0 
  0   0   0   0   0   0   0   0   0   0   0   0   0   0   0   0 
  0   0   0   0   0   0   0   0   0   0   0   0   0   0   0   0 
106   0   0   0   0   0   0   0   1   1   1   1   1   1   1   1 
  0   0   0   0   0   0   0   0   0   0   0   0   0   0   0   0 
  1   1   1   1   1   1   1   1   1   1   1   1   1   1   1   1 
  0   0   0   0   0   0   0   0   0   0   0   0   0   0   0   1 
  1   0   0   0   0   0   0   1   1   0   1   1   1   1   0   0 
  1   0   0   1   1   0   0   1   0   0   0   0   0   0   0   0 
  0   0   0   0   0   0   0   1   2   1   1   0   0   1   1   1 
  0   0   1   1   0   2   1   2   1   1   1   1   1   1   1   0 
  1   1   1   1   1   1   1   0   2   1   1   1   1   1   1   2 
  0   1   1   1   1   1   1   1   2   0   1   1   1   1   0   3 
  1   0   0   0   0   0   0   1   2   1   1   1   1   1   1   2 
  0   1   1   1   1   1   1   1   1   1   1   1   1   1   1   1 
  1   0   1   1   0   2   1   1   1   1   1   1   1   1   1   1 
  2   0   1   1   1   1   0   2   0   1   1   1   1   1   1   1 
  1   1   1   1   1   1   1   1   1   1   1   1   1   1   1   0 
  3   1   1   1   0   0   1   2   1   0   0   0   0   0   0   0 
  0   0   0   0   0   0   0   1   1   1   1   1   1   1   1   1 
  1   0   0   0   0   0   0   0   0   0   0   0   0   0   0   0 
  1   1   1   1   1   1   1   1   0   0   0   0   0   0   0   0 
  0   0   0   0   0   0   0   0   0   0   0   0   0   0   0   0 
  0   0   0   0   0   0   0   0   0   0   0   0   0   0   0   0 
  0   0   0   0   0   0   0   0   0   0   0   0   0   0   0   0 
  0   0   0   0   0   0   0   0   0   0   0   0   0   0   0   0 
  0   0   0   0   0   0   0   0   0   0   0   0   0   0   0   0 
106   0   0   0   0   0   0   1   1   1   1   1   1   1   1   1 
  1   0   0   0   0   0   0   0   0   0   0   0   0   0   0   1 
  1   1   1   1   1   1   1   1   1   1   1   1   1   1   1   1 
  1   0   0   0   0   0   0   0   0   0   0   0   0   0   0   1 
  1   0   0   0   0   0   0   1   1   0   1   1   1   1   0   1 
  2   1   1   1   1   1   1   2   1   0   0   0   0   0   0   0 
  0   0   0   0   0   0   0   1   2   0   1   1   1   1   0   3 
  1   0   0   1   1   1   1   2   2   1   1   1   1   1   1   1 
  0   1   1   1   1   1   1   1   1   1   1   1   1   1   1   1 
  1   1   1   1   1   1   1   2   2   1   1   0   0   1   1   1 
  0   0   0   0   0   0   0   0   1   1   1   1   1   1   1   1 
  1   1   1   1   1   1   1   1   1   1   1   1   1   1   1   1 
  0   0   0   1   1   1   1   2   0   1   1   1   1   1   1   0 
  2   1   1   0   0   1   1   1   1   1   1   1   1   1   1   1 
  1   1   1   1   1   1   1   1   1   0   0   1   1   0   0   1 
  2   1   1   0   0   0   0   1   0   0   0   0   0   0   0   0 
  0   0   0   0   0   0   0   0   1   1   1   1   1   1   1   1 
  0   0   0   0   0   0   0   0   0   0   0   0   0   0   0   1 
  1   1   1   1   1   1   1   1   1   0   0   0   0   0   0   0 
  0   0   0   0   0   0   0   0   0   0   0   0   0   0   0   0 
  0   0   0   0   0   0   0   0   0   0   0   0   0   0   0   0 
  0   0   0   0   0   0   0   0   0   0   0   0   0   0   0   0 
  0   0   0   0   0   0   0   0   0   0   0   0   0   0   0   0 
  0   0   0   0   0   0   0   0   0   0   0   0   0   0   0   0 
105   0   0   0   0   0   0   1   1   0   0   0   0   0   0   1 
  1   0   0   0   0   0   0   0   0   0   0   0   0   0   0   1 
  1   0   0   0   0   0   0   0   0   0   0   0   0   0   0   1 
  1   0   0   0   0   0   0   0   0   0   0   0   0   0   0   1 
  1   0   0   0   0   0   0   1   1   0   1   1   1   1   0   1 
  1   1   1   1   1   1   1   1   1   0   0   0   0   0   0   0 
  0   0   0   0   0   0   0   1   2   1   1   1   1   1   1   2 
  2   1   1   1   1   1   1   2   1   0   0   0   0   0   0   1 
  1   0   0   0   0   0   0   0   0   0   0   0   0   0   0   0 
  0   0   0   0   0   0   0   1   1   0   0   0   0   0   0   0 
  0   0   0   0   0   0   0   0   0   0   0   0   0   0   0   0 
  0   0   0   0   0   0   0   0   0   0   0   0   0   0   0   0 
  0   0   0   0   0   0   0   1   1   0   0   0   0   0   0   1 
  1   0   0   0   0   0   0   0   0   0   0   0   0   0   0   0 
  0   0   0   0   0   0   0   0   0   0   0   0   0   0   0   0 
  0   0   0   0   0   0   0   0   0   0   0   0   0   0   0   0 
  0   0   0   0   0   0   0   0   0   0   0   0   0   0   0   0 
  0   0   0   0   0   0   0   0   0   0   0   0   0   0   0   1 
  1   0   0   0   0   0   0   1   1   0   0   0   0   0   0   0 
  0   0   0   0   0   0   0   0   0   0   0   0   0   0   0   0 
  0   0   0   0   0   0   0   0   0   0   0   0   0   0   0   0 
  0   0   0   0   0   0   0   0   0   0   0   0   0   0   0   0 
  0   0   0   0   0   0   0   0   0   0   0   0   0   0   0   0 
  0   0   0   0   0   0   0   0   0   0   0   0   0   0   0   0 
105   0   0   0   0   0   0   1   1   1   1   1   1   1   1   1 
  0   1   1   1   1   1   1   1   1   1   1   1   1   1   1   0 
  1   1   1   1   1   1   1   1   1   1   1   1   1   1   1   1 
  1   0   0   0   0   0   0   0   0   0   0   0   0   0   0   1 
  1   0   0   0   0   0   0   1   1   0   1   1   1   1   0   1 
  1   1   1   1   1   1   1   1   1   0   0   0   0   0   0   0 
  1   1   1   1   1   1   1   1   1   1   1   1   1   1   1   1 
  1   1   1   1   1   1   1   0   1   1   1   1   1   1   1   1 
  0   1   1   1   1   1   1   1   1   1   1   1   1   1   1   1 
  1   1   1   1   1   1   1   2   1   0   0   0   0   0   0   0 
  0   0   0   0   0   0   0   0   0   0   0   0   0   0   0   0 
  0   0   0   0   0   0   0   0   0   0   0   0   0   0   0   0 
  0   0   0   0   0   0   0   1   1   1   1   1   1   1   1   1 
  1   0   0   0   0   0   0   0   0   0   0   0   0   0   0   0 
  0   0   0   0   0   0   0   0   0   0   0   0   0   0   0   0 
  0   0   0   0   0   0   0   0   0   0   0   0   0   0   0   0 
  0   0   0   0   0   0   0   0   0   0   0   0   0   0   0   0 
  0   0   0   0   0   0   0   0   0   0   0   0   0   0   0   1 
  1   1   1   1   1   1   1   1   1   0   0   0   0   0   0   0 
  0   0   0   0   0   0   0   0   0   0   0   0   0   0   0   0 
  0   0   0   0   0   0   0   0   0   0   0   0   0   0   0   0 
  0   0   0   0   0   0   0   0   0   0   0   0   0   0   0   0 
  0   0   0   0   0   0   0   0   0   0   0   0   0   0   0   0 
  0   0   0   0   0   0   0   0   0   0   0   0   0   0   0   0 
105   0   0   0   0   0   0   0   1   1   1   1   1   1   1   0 
  1   1   1   1   1   1   1   1   1   1   1   1   1   1   1   1 
  0   1   1   1   1   1   1   1   1   1   1   1   1   1   1   1 
  0   0   0   0   0   0   0   0   0   0   0   0   0   0   0   1 
  1   0   0   0   0   0   0   1   1   0   1   1   1   1   0   1 
  1   1   1   1   1   1   1   1   1   0   0   0   0   0   0   1 
  1   1   1   1   1   1   1   1   1   1   1   1   1   1   1   0 
  0   0   0   0   0   0   0   0   1   1   1   1   1   1   1   0 
  1   1   1   1   1   1   1   1   1   1   1   1   1   1   1   1 
  1   1   1   1   1   1   1   0   1   0   0   0   0   0   0   0 
  0   0   0   0   0   0   0   0   0   0   0   0   0   0   0   0 
  0   0   0   0   0   0   0   0   0   0   0   0   0   0   0   0 
  0   0   0   0   0   0   0   0   1   1   1   1   1   1   1   1 
  0   0   0   0   0   0   0   0   0   0   0   0   0   0   0   0 
  0   0   0   0   0   0   0   0   0   0   0   0   0   0   0   0 
  0   0   0   0   0   0   0   0   0   0   0   0   0   0   0   0 
  0   0   0   0   0   0   0   0   0   0   0   0   0   0   0   0 
  0   0   0   0   0   0   0   0   0   0   0   0   0   0   0   0 
  1   1   1   1   1   1   1   1   0   0   0   0   0   0   0   0 
  0   0   0   0   0   0   0   0   0   0   0   0   0   0   0   0 
  0   0   0   0   0   0   0   0   0   0   0   0   0   0   0   0 
  0   0   0   0   0   0   0   0   0   0   0   0   0   0   0   0 
  0   0   0   0   0   0   0   0   0   0   0   0   0   0   0   0 
  0   0   0   0   0   0   0   0   0   0   0   0   0   0   0   0 
104   0   0   0   0   0   0   0   1   1   1   1   1   1   1   1 
  0   1   1   1   1   1   1   1   1   1   1   1   1   1   1   0 
  1   1   1   1   1   1   1   1   1   1   1   1   1   1   1   1 
  0   0   0   0   0   0   0   0   0   0   0   0   0   0   0   1 
  1   0   0   0   0   0   0   1   1   0   1   1   1   1   0   1 
  1   1   1   1   1   1   1   1   1   0   0   0   0   0   0   1 
  0   1   1   1   1   1   1   0   2   1   1   0   0   1   1   1 
  1   1   1   1   1   1   1   1   1   1   1   1   1   1   1   1 
  0   1   1   1   1   1   1   1   1   1   1   1   1   1   1   1 
  1   1   1   1   1   1   1   1   1   0   0   0   0   0   0   0 
  0   0   0   0   0   0   0   0   0   0   0   0   0   0   0   0 
  0   0   0   0   0   0   0   0   0   0   0   0   0   0   0   0 
  0   0   0   0   0   0   0   0   1   1   1   1   1   1   1   1 
  0   0   0   0   0   0   0   0   0   0   0   0   0   0   0   0 
  0   0   0   0   0   0   0   0   0   0   0   0   0   0   0   0 
  0   0   0   0   0   0   0   0   0   0   0   0   0   0   0   0 
  0   0   0   0   0   0   0   0   0   0   0   0   0   0   0   0 
  0   0   0   0   0   0   0   0   0   0   0   0   0   0   0   0 
  1   1   1   1   1   1   1   1   0   0   0   0   0   0   0   0 
  0   0   0   0   0   0   0   0   0   0   0   0   0   0   0   0 
  0   0   0   0   0   0   0   0   0   0   0   0   0   0   0   0 
  0   0   0   0   0   0   0   0   0   0   0   0   0   0   0   0 
  0   0   0   0   0   0   0   0   0   0   0   0   0   0   0   0 
  0   0   0   0   0   0   0   0   0   0   0   0   0   0   0   0 
104   0   0   0   0   0   0   1   1   1   1   1   1   1   1   0 
  1   1   1   1   1   1   1   1   1   1   1   1   1   1   1   1 
  0   1   1   1   1   1   1   1   1   1   1   1   1   1   1   1 
  1   0   0   0   0   0   0   0   0   0   0   0   0   0   0   1 
  1   0   0   0   0   0   0   1   1   0   1   1   1   1   0   1 
  1   1   1   1   1   1   1   1   1   0   0   0   0   0   0   1 
  2   1   1   1   1   1   1   1   0   1   1   1   1   1   1   1 
  0   0   0   0   0   0   0   0   1   1   1   1   1   1   1   0 
  1   1   1   1   1   1   1   1   1   1   1   1   1   1   1   1 
  1   1   1   1   1   1   1   1   0   0   0   0   0   0   0   0 
  0   0   0   0   0   0   0   0   0   0   0   0   0   0   0   0 
  0   0   0   0   0   0   0   0   0   0   0   0   0   0   0   0 
  0   0   0   0   0   0   0   1   1   1   1   1   1   1   1   1 
  1   0   0   0   0   0   0   0   0   0   0   0   0   0   0   0 
  0   0   0   0   0   0   0   0   0   0   0   0   0   0   0   0 
  0   0   0   0   0   0   0   0   0   0   0   0   0   0   0   0 
  0   0   0   0   0   0   0   0   0   0   0   0   0   0   0   0 
  0   0   0   0   0   0   0   0   0   0   0   0   0   0   0   1 
  1   1   1   1   1   1   1   1   1   0   0   0   0   0   0   0 
  0   0   0   0   0   0   0   0   0   0   0   0   0   0   0   0 
  0   0   0   0   0   0   0   0   0   0   0   0   0   0   0   0 
  0   0   0   0   0   0   0   0   0   0   0   0   0   0   0   0 
  0   0   0   0   0   0   0   0   0   0   0   0   0   0   0   0 
  0   0   0   0   0   0   0   0   0   0   0   0   0   0   0   0 
104   0   0   0   0   0   0   1   1   0   0   0   0   0   0   1 
  1   0   0   0   0   0   0   0   0   0   0   0   0   0   0   1 
  1   0   0   0   0   0   0   0   0   0   0   0   0   0   0   1 
  1   0   0   0   0   0   0   0   0   0   0   0   0   0   0   1 
  1   0   0   0   0   0   0   1   1   0   1   1   1   1   0   1 
  1   1   1   1   1   1   1   1   1   0   0   0   0   0   0   1 
  1   0   0   0   0   0   0   1   1   1   1   1   1   1   1   1 
  1   0   0   0   0   0   0   1   1   0   0   0   0   0   0   1 
  1   0   0   0   0   0   0   0   0   0   0   0   0   0   0   0 
  0   0   0   0   0   0   0   0   0   0   0   0   0   0   0   0 
  0   0   0   0   0   0   0   0   0   0   0   0   0   0   0   0 
  0   0   0   0   0   0   0   0   0   0   0   0   0   0   0   0 
  0   0   0   0   0   0   0   1   1   0   0   0   0   0   0   1 
  1   0   0   0   0   0   0   0   0   0   0   0   0   0   0   0 
  0   0   0   0   0   0   0   0   0   0   0   0   0   0   0   0 
  0   0   0   0   0   0   0   0   0   0   0   0   0   0   0   0 
  0   0   0   0   0   0   0   0   0   0   0   0   0   0   0   0 
  0   0   0   0   0   0   0   0   0   0   0   0   0   0   0   1 
  1   0   0   0   0   0   0   1   1   0   0   0   0   0   0   0 
  0   0   0   0   0   0   0   0   0   0   0   0   0   0   0   0 
  0   0   0   0   0   0   0   0   0   0   0   0   0   0   0   0 
  0   0   0   0   0   0   0   0   0   0   0   0   0   0   0   0 
  0   0   0   0   0   0   0   0   0   0   0   0   0   0   0   0 
  0   0   0   0   0   0   0   0   0   0   0   0   0   0   0   0 
103   1   1   1   1   1   1   1   1   0   0   0   0   0   0   1 
  2   1   1   1   1   1   1   1   1   1   1   1   1   1   1   1 
  1   0   0   0   0   0   0   0   1   1   1   1   1   1   1   0 
  1   0   0   0   0   0   0   0   0   1   1   1   1   1   1   1 
  1   1   1   0   0   1   1   1   1   1   1   1   1   1   1   0 
  2   1   1   1   1   1   1   2   1   0   0   0   0   0   0   1 
  1   0   0   0   0   0   0   1   1   1   0   1   1   0   1   1 
  2   1   1   1   1   1   1   2   2   1   1   1   1   1   1   1 
  1   0   0   0   0   0   0   0   0   0   0   0   0   0   0   0 
  0   0   0   0   0   0   0   0   0   0   0   0   0   0   0   0 
  0   0   0   0   0   0   0   0   0   0   0   0   0   0   0   0 
  0   0   0   0   0   0   0   0   0   0   0   0   0   0   0   0 
  0   0   0   0   0   0   0   1   1   1   1   1   1   1   1   1 
  1   0   0   0   0   0   0   0   1   1   1   0   0   1   1   1 
  1   1   1   1   1   1   1   1   1   1   1   1   1   1   1   1 
  0   0   0   0   0   0   0   0   0   0   0   0   0   0   0   0 
  1   1   1   1   1   1   1   1   1   1   1   1   1   1   1   1 
  1   0   0   1   1   0   0   1   0   0   0   0   0   0   0   1 
  1   0   0   0   0   0   0   1   1   0   0   0   0   0   0   0 
  1   1   1   1   1   1   1   1   1   1   1   1   1   1   1   1 
  1   1   1   0   0   1   1   1   1   1   1   1   1   1   1   1 
  1   1   1   1   1   1   1   1   1   1   1   1   1   1   1   1 
  1   1   1   1   1   1   1   1   1   1   1   1   1   1   1   1 
  1   1   1   1   1   1   1   1   1   1   1   1   1   1   1   1 
104   1   1   1   1   1   1   1   0   0   0   0   0   0   0   1 
  2   1   1   1   1   1   1   2   0   1   1   1   1   1   1   1 
  0   0   0   0   0   0   0   1   1   1   1   1   1   1   1   2 
  1   0   0   0   0   0   0   0   1   1   0   2   2   0   1   1 
  1   1   1   1   1   1   1   1   1   1   1   0   0   1   1   1 
  0   0   0   1   1   0   0   1   0   0   0   0   0   0   0   1 
  1   0   0   0   0   0   0   1   2   0   1   0   0   1   0   2 
  1   1   1   1   1   1   1   1   1   1   1   1   1   1   1   1 
  0   0   0   0   0   0   0   0   0   0   0   0   0   0   0   0 
  0   0   0   0   0   0   0   0   0   0   0   0   0   0   0   0 
  0   0   0   0   0   0   0   0   0   0   0   0   0   0   0   0 
  0   0   0   0   0   0   0   0   0   0   0   0   0   0   0   0 
  0   0   0   0   0   0   0   0   1   1   1   1   1   1   1   1 
  0   0   0   0   0   0   0   1   1   1   1   1   1   1   1   2 
  2   1   1   1   1   1   1   1   1   1   1   1   1   1   1   1 
  1   0   0   0   0   0   0   0   0   0   0   0   0   0   0   1 
  1   1   1   1   1   1   1   1   1   1   1   1   1   1   1   1 
  1   1   1   1   1   1   1   2   1   0   0   0   0   0   0   1 
  1   0   0   0   0   0   0   1   1   0   0   0   0   0   0   1 
  1   1   1   1   1   1   1   1   1   1   1   1   1   1   1   2 
  2   1   1   1   1   1   1   1   1   1   1   1   1   1   1   1 
  1   1   1   1   1   1   1   1   1   1   1   1   1   1   1   1 
  1   1   1   1   1   1   1   1   1   1   1   1   1   1   1   1 
  1   1   1   1   1   1   1   1   1   1   1   1   1   1   1   1 
103   0   0   0   0   0   0   0   0   0   0   0   0   0   0   1 
  1   0   0   0   0   0   0   1   1   0   0   0   0   0   0   0 
  0   0   0   0   0   0   0   1   1   0   0   0   0   0   0   1 
  1   0   0   0   0   0   0   0   1   1   1   1   1   1   1   1 
  0   0   1   1   1   1   0   1   1   0   0   0   0   0   0   1 
  1   0   0   0   0   0   0   0   0   0   0   0   0   0   0   1 
  1   0   0   0   0   0   0   1   2   1   1   1   1   1   1   2 
  1   0   0   0   0   0   0   0   0   0   0   0   0   0   0   0 
  0   0   0   0   0   0   0   0   0   0   0   0   0   0   0   0 
  0   0   0   0   0   0   0   0   0   0   0   0   0   0   0   0 
  0   0   0   0   0   0   0   0   0   0   0   0   0   0   0   0 
  0   0   0   0   0   0   0   0   0   0   0   0   0   0   0   0 
  0   0   0   0   0   0   0   0   0   0   0   0   0   0   0   0 
  0   0   0   0   0   0   0   1   1   0   1   1   1   1   0   1 
  1   0   0   0   0   0   0   0   0   0   0   0   0   0   0   1 
  1   0   0   0   0   0   0   0   0   0   0   0   0   0   0   1 
  1   0   0   0   0   0   0   0   0   0   0   0   0   0   0   0 
  1   1   1   1   1   1   1   1   1   0   0   0   0   0   0   1 
  1   0   0   0   0   0   0   1   1   0   0   0   0   0   0   1 
  1   0   0   0   0   0   0   0   0   0   0   0   0   0   0   1 
  1   0   1   1   1   1   0   0   0   0   0   0   0   0   0   0 
  0   0   0   0   0   0   0   0   0   0   0   0   0   0   0   0 
  0   0   0   0   0   0   0   0   0   0   0   0   0   0   0   0 
  0   0   0   0   0   0   0   0   0   0   0   0   0   0   0   0 
103   0   0   0   0   0   0   0   0   0   0   0   0   0   0   1 
  1   1   1   1   1   1   1   1   1   0   0   0   0   0   0   0 
  0   0   0   0   0   0   0   1   1   0   0   0   0   0   0   1 
  2   1   1   1   1   1   1   1   1   1   1   1   1   1   1   1 
  0   0   1   1   1   1   0   1   1   0   0   0   0   0   0   1 
  1   1   1   1   1   1   1   1   1   1   1   1   1   1   1   2 
  1   0   0   0   0   0   0   1   0   1   1   1   1   1   1   0 
  1   0   0   0   0   0   0   0   0   0   0   0   0   0   0   0 
  0   0   0   0   0   0   0   0   0   0   0   0   0   0   0   0 
  0   0   0   0   0   0   0   0   0   0   0   0   0   0   0   0 
  0   0   0   0   0   0   0   0   0   0   0   0   0   0   0   0 
  0   0   0   0   0   0   0   0   0   0   0   0   0   0   0   0 
  0   0   0   0   0   0   0   0   0   0   0   0   0   0   0   0 
  0   0   0   0   0   0   0   1   1   0   1   1   1   1   0   1 
  2   1   1   1   1   1   1   1   1   1   1   1   1   1   1   1 
  1   0   0   0   0   0   0   0   0   0   0   0   0   0   0   1 
  1   0   0   0   0   0   0   0   0   0   0   0   0   0   0   0 
  1   1   1   1   1   1   1   1   1   0   0   0   0   0   0   1 
  1   0   0   0   0   0   0   1   1   0   0   0   0   0   0   1 
  1   0   0   0   0   0   0   0   0   0   0   0   0   0   0   1 
  1   0   1   1   1   1   0   0   0   0   0   0   0   0   0   0 
  0   0   0   0   0   0   0   0   0   0   0   0   0   0   0   0 
  0   0   0   0   0   0   0   0   0   0   0   0   0   0   0   0 
  0   0   0   0   0   0   0   0   0   0   0   0   0   0   0   0 
102   0   0   0   0   0   0   0   0   0   0   0   0   0   0   0 
  1   1   1   1   1   1   1   1   0   0   0   0   0   0   0   0 
  0   0   0   0   0   0   0   1   1   0   0   0   0   0   0   1 
  0   1   1   1   1   1   1   1   1   1   1   1   1   1   1   1 
  0   0   1   1   1   1   0   1   1   0   0   0   0   0   0   0 
  1   1   1   1   1   1   1   1   1   1   1   1   1   1   1   0 
  1   0   0   0   0   0   0   1   1   1   1   1   1   1   1   1 
  1   0   0   0   0   0   0   0   0   0   0   0   0   0   0   0 
  0   0   0   0   0   0   0   0   0   0   0   0   0   0   0   0 
  0   0   0   0   0   0   0   0   0   0   0   0   0   0   0   0 
  0   0   0   0   0   0   0   0   0   0   0   0   0   0   0   0 
  0   0   0   0   0   0   0   0   0   0   0   0   0   0   0   0 
  0   0   0   0   0   0   0   0   0   0   0   0   0   0   0   0 
  0   0   0   0   0   0   0   1   1   0   1   1   1   1   0   1 
  0   1   1   1   1   1   1   1   1   1   1   1   1   1   1   1 
  0   0   0   0   0   0   0   0   0   0   0   0   0   0   0   1 
  1   0   0   0   0   0   0   0   0   0   0   0   0   0   0   0 
  1   1   1   1   1   1   1   1   1   0   0   0   0   0   0   1 
  1   0   0   0   0   0   0   1   1   0   0   0   0   0   0   1 
  1   0   0   0   0   0   0   0   0   0   0   0   0   0   0   1 
  1   0   1   1   1   1   0   0   0   0   0   0   0   0   0   0 
  0   0   0   0   0   0   0   0   0   0   0   0   0   0   0   0 
  0   0   0   0   0   0   0   0   0   0   0   0   0   0   0   0 
  0   0   0   0   0   0   0   0   0   0   0   0   0   0   0   0 
102   0   0   0   0   0   0   0   0   0   0   0   0   0   0   0 
  1   1   1   1   1   1   1   1   0   0   0   0   0   0   0   0 
  0   0   0   0   0   0   0   1   1   0   0   0   0   0   0   1 
  1   1   1   1   1   1   1   0   1   1   1   1   1   1   1   1 
  0   0   1   1   1   1   0   1   1   0   0   0   0   0   0   0 
  1   1   1   1   1   1   1   1   1   1   1   1   1   1   1   1 
  1   0   0   0   0   0   0   1   2   1   1   0   0   1   1   2 
  1   0   0   0   0   0   0   0   0   0   0   0   0   0   0   0 
  0   0   0   0   0   0   0   0   0   0   0   0   0   0   0   0 
  0   0   0   0   0   0   0   0   0   0   0   0   0   0   0   0 
  0   0   0   0   0   0   0   0   0   0   0   0   0   0   0   0 
  0   0   0   0   0   0   0   0   0   0   0   0   0   0   0   0 
  0   0   0   0   0   0   0   0   0   0   0   0   0   0   0   0 
  0   0   0   0   0   0   0   1   1   0   1   1   1   1   0   1 
  1   1   1   1   1   1   1   1   1   1   1   1   1   1   1   1 
  0   0   0   0   0   0   0   0   0   0   0   0   0   0   0   1 
  1   0   0   0   0   0   0   0   0   0   0   0   0   0   0   0 
  1   1   1   1   1   1   1   1   1   0   0   0   0   0   0   1 
  1   0   0   0   0   0   0   1   1   0   0   0   0   0   0   1 
  1   0   0   0   0   0   0   0   0   0   0   0   0   0   0   1 
  1   0   1   1   1   1   0   0   0   0   0   0   0   0   0   0 
  0   0   0   0   0   0   0   0   0   0   0   0   0   0   0   0 
  0   0   0   0   0   0   0   0   0   0   0   0   0   0   0   0 
  0   0   0   0   0   0   0   0   0   0   0   0   0   0   0   0 
101   0   0   0   0   0   0   0   0   0   0   0   0   0   0   1 
  1   1   1   1   1   1   1   1   1   0   0   0   0   0   0   0 
  0   0   0   0   0   0   0   1   1   0   0   0   0   0   0   0 
  1   1   1   1   1   1   1   2   2   1   1   1   1   1   1   1 
  0   0   1   1   1   1   0   1   1   0   0   0   0   0   0   1 
  1   1   1   1   1   1   1   1   1   1   1   1   1   1   1   1 
  0   0   0   0   0   0   0   0   1   1   1   1   1   1   1   1 
  0   0   0   0   0   0   0   0   0   0   0   0   0   0   0   0 
  0   0   0   0   0   0   0   0   0   0   0   0   0   0   0   0 
  0   0   0   0   0   0   0   0   0   0   0   0   0   0   0   0 
  0   0   0   0   0   0   0   0   0   0   0   0   0   0   0   0 
  0   0   0   0   0   0   0   0   0   0   0   0   0   0   0   0 
  0   0   0   0   0   0   0   0   0   0   0   0   0   0   0   0 
  0   0   0   0   0   0   0   1   1   0   1   1   1   1   0   0 
  1   1   1   1   1   1   1   1   1   1   1   1   1   1   1   1 
  1   0   0   0   0   0   0   0   0   0   0   0   0   0   0   1 
  1   0   0   0   0   0   0   0   0   0   0   0   0   0   0   0 
  1   1   1   1   1   1   1   1   1   0   0   0   0   0   0   1 
  1   0   0   0   0   0   0   1   1   0   0   0   0   0   0   1 
  1   0   0   0   0   0   0   0   0   0   0   0   0   0   0   1 
  1   0   1   1   1   1   0   0   0   0   0   0   0   0   0   0 
  0   0   0   0   0   0   0   0   0   0   0   0   0   0   0   0 
  0   0   0   0   0   0   0   0   0   0   0   0   0   0   0   0 
  0   0   0   0   0   0   0   0   0   0   0   0   0   0   0   0 
101   0   0   0   0   0   0   0   0   0   0   0   0   0   0   1 
  1   0   0   0   0   0   0   1   1   0   0   0   0   0   0   0 
  0   0   0   0   0   0   0   1   1   0   0   0   0   0   0   0 
  0   0   0   0   0   0   0   1   2   1   1   1   1   1   1   1 
  0   0   1   1   1   1   0   1   1   0   0   0   0   0   0   1 
  1   0   0   0   0   0   0   0   0   0   0   0   0   0   0   0 
  0   0   0   0   0   0   0   0   1   1   1   1   1   1   1   1 
  0   0   0   0   0   0   0   0   0   0   0   0   0   0   0   0 
  0   0   0   0   0   0   0   0   0   0   0   0   0   0   0   0 
  0   0   0   0   0   0   0   0   0   0   0   0   0   0   0   0 
  0   0   0   0   0   0   0   0   0   0   0   0   0   0   0   0 
  0   0   0   0   0   0   0   0   0   0   0   0   0   0   0   0 
  0   0   0   0   0   0   0   0   0   0   0   0   0   0   0   0 
  0   0   0   0   0   0   0   1   1   0   1   1   1   1   0   0 
  0   0   0   0   0   0   0   0   0   0   0   0   0   0   0   1 
  1   0   0   0   0   0   0   0   0   0   0   0   0   0   0   1 
  1   0   0   0   0   0   0   0   0   0   0   0   0   0   0   0 
  1   1   1   1   1   1   1   1   1   0   0   0   0   0   0   1 
  1   0   0   0   0   0   0   1   1   0   0   0   0   0   0   1 
  1   0   0   0   0   0   0   0   0   0   0   0   0   0   0   1 
  1   0   1   1   1   1   0   0   0   0   0   0   0   0   0   0 
  0   0   0   0   0   0   0   0   0   0   0   0   0   0   0   0 
  0   0   0   0   0   0   0   0   0   0   0   0   0   0   0   0 
  0   0   0   0   0   0   0   0   0   0   0   0   0   0   0   0 
101   0   0   0   0   0   0   0   1   1   1   1   1   1   1   1 
  1   0   0   0   0   0   0   1   0   1   1   1   1   1   1   1 
  0   0   0   0   0   0   0   1   1   1   1   1   1   1   1   1 
  0   0   0   0   0   0   0   1   3   0   1   1   1   1   0   2 
  1   1   2   0   1   1   0   1   1   1   1   1   1   1   1   1 
  1   0   0   0   0   0   0   0   0   0   0   0   0   0   0   0 
  0   0   0   0   0   0   0   0   1   1   0   2   2   0   1   1 
  0   0   0   0   0   0   0   0   1   1   1   1   1   1   1   1 
  0   0   0   0   0   0   0   0   1   1   1   1   1   1   1   1 
  0   0   0   0   0   0   0   0   0   0   0   0   0   0   0   0 
  0   0   0   0   0   0   0   0   0   0   0   0   0   0   0   0 
  1   0   0   1   1   0   0   1   1   1   1   1   1   1   1   1 
  1   1   1   1   1   1   1   1   1   1   1   1   1   1   1   1 
  1   1   1   1   1   1   1   1   2   1   2   0   1   1   0   0 
  0   0   0   0   0   0   0   0   0   0   0   0   0   0   0   1 
  1   1   1   1   1   1   1   1   1   1   1   1   1   1   1   1 
  1   0   0   0   0   0   0   0   0   0   0   0   0   0   0   0 
  1   1   0   2   2   0   1   1   1   1   1   1   1   1   1   1 
  1   0   0   0   0   0   0   1   1   1   1   1   1   1   1   1 
  1   0   0   0   0   0   0   0   0   0   0   0   0   0   0   1 
  2   1   2   0   1   1   0   0   0   0   0   0   0   0   0   0 
  0   0   0   0   0   0   0   0   0   0   0   0   0   0   0   0 
  0   0   0   0   0   0   0   0   0   0   0   0   0   0   0   0 
  0   0   0   0   0   0   0   0   0   0   0   0   0   0   0   0 
100   0   0   0   0   0   0   1   2   1   1   1   1   1   1   1 
  0   0   0   0   0   0   0   1   2   1   1   1   1   1   1   1 
  1   0   0   0   0   0   0   0   1   1   1   1   1   1   1   1 
  1   0   0   0   0   0   0   0   1   1   1   0   0   1   1   1 
  1   1   1   1   1   0   0   0   1   1   1   1   1   1   1   1 
  0   0   0   0   0   0   0   0   0   0   0   0   0   0   0   0 
  0   0   0   0   0   0   0   0   0   1   1   1   1   1   1   0 
  0   0   0   0   0   0   0   1   1   1   1   1   1   1   1   1 
  1   0   0   0   0   0   0   1   1   1   1   1   1   1   1   1 
  1   0   0   0   0   0   0   0   0   0   0   0   0   0   0   0 
  0   0   0   0   0   0   0   0   0   0   0   0   0   0   0   1 
  2   1   1   1   1   1   1   2   2   1   1   1   1   1   1   1 
  1   1   1   1   1   1   1   1   1   1   1   1   1   1   1   2 
  2   1   1   1   1   1   1   2   2   1   1   1   1   0   0   0 
  0   0   0   0   0   0   0   0   0   0   0   0   0   0   0   0 
  1   1   1   1   1   1   1   1   1   1   1   1   1   1   1   1 
  0   0   0   0   0   0   0   0   0   0   0   0   0   0   0   0 
  0   1   1   1   1   1   1   0   1   1   1   1   1   1   1   1 
  0   0   0   0   0   0   0   0   1   1   1   1   1   1   1   1 
  0   0   0   0   0   0   0   0   0   0   0   0   0   0   0   0 
  1   1   1   1   1   0   0   0   0   0   0   0   0   0   0   0 
  0   0   0   0   0   0   0   0   0   0   0   0   0   0   0   0 
  0   0   0   0   0   0   0   0   0   0   0   0   0   0   0   0 
  0   0   0   0   0   0   0   0   0   0   0   0   0   0   0   0 
100   0   0   0   0   0   0   0   1   1   1   1   1   1   1   1 
  1   0   0   0   0   0   0   1   1   0   0   0   0   0   0   1 
  1   0   0   0   0   0   0   0   0   0   0   0   0   0   0   1 
  1   0   0   0   0   0   0   0   0   0   0   0   0   0   0   0 
  0   0   0   0   0   0   0   0   0   0   0   0   0   0   0   0 
  0   0   0   0   0   0   0   0   0   0   0   0   0   0   0   0 
  0   0   0   0   0   0   0   0   0   0   0   0   0   0   0   0 
  0   0   0   0   0   0   0   1   1   0   0   0   0   0   0   1 
  1   0   0   0   0   0   0   1   1   0   0   0   0   0   0   1 
  1   0   0   0   0   0   0   0   0   0   0   0   0   0   0   0 
  0   0   0   0   0   0   0   0   0   0   0   0   0   0   0   1 
  1   1   1   1   1   1   1   2   1   0   0   0   0   0   0   0 
  0   0   0   0   0   0   0   0   0   0   0   0   0   0   0   1 
  1   0   0   0   0   0   0   1   1   0   0   0   0   0   0   0 
  0   0   0   0   0   0   0   0   0   0   0   0   0   0   0   0 
  0   0   0   0   0   0   0   0   0   0   0   0   0   0   0   0 
  0   0   0   0   0   0   0   0   0   0   0   0   0   0   0   0 
  0   0   0   0   0   0   0   0   0   0   0   0   0   0   0   0 
  0   0   0   0   0   0   0   0   0   0   0   0   0   0   0   0 
  0   0   0   0   0   0   0   0   0   0   0   0   0   0   0   0 
  0   0   0   0   0   0   0   0   0   0   0   0   0   0   0   0 
  0   0   0   0   0   0   0   0   0   0   0   0   0   0   0   0 
  0   0   0   0   0   0   0   0   0   0   0   0   0   0   0   0 
  0   0   0   0   0   0   0   0   0   0   0   0   0   0   0   0 
100   0   0   0   0   0   0   0   1   1   1   1   1   1   1   0 
  1   0   0   0   0   0   0   1   2   1   1   1   1   1   1   1 
  1   0   0   0   0   0   0   0   0   0   0   0   0   0   0   1 
  1   0   0   0   0   0   0   0   0   0   0   0   0   0   0   0 
  0   0   0   0   0   0   0   0   0   0   0   0   0   0   0   0 
  0   0   0   0   0   0   0   0   0   0   0   0   0   0   0   0 
  0   0   0   0   0   0   0   0   0   0   0   0   0   0   0   0 
  0   0   0   0   0   0   0   1   1   0   0   0   0   0   0   1 
  1   0   0   0   0   0   0   1   1   0   0   0   0   0   0   1 
  1   0   0   0   0   0   0   0   0   0   0   0   0   0   0   0 
  0   0   0   0   0   0   0   0   0   0   0   0   0   0   0   1 
  1   1   1   1   1   1   1   2   1   0   0   0   0   0   0   0 
  0   0   0   0   0   0   0   0   0   0   0   0   0   0   0   1 
  2   1   1   1   1   1   1   2   1   0   0   0   0   0   0   0 
  0   0   0   0   0   0   0   0   0   0   0   0   0   0   0   0 
  0   0   0   0   0   0   0   0   0   0   0   0   0   0   0   0 
  0   0   0   0   0   0   0   0   0   0   0   0   0   0   0   0 
  0   0   0   0   0   0   0   0   0   0   0   0   0   0   0   0 
  0   0   0   0   0   0   0   0   0   0   0   0   0   0   0   0 
  0   0   0   0   0   0   0   0   0   0   0   0   0   0   0   0 
  0   0   0   0   0   0   0   0   0   0   0   0   0   0   0   0 
  0   0   0   0   0   0   0   0   0   0   0   0   0   0   0   0 
  0   0   0   0   0   0   0   0   0   0   0   0   0   0   0   0 
  0   0   0   0   0   0   0   0   0   0   0   0   0   0   0   0 
 99   0   0   0   0   0   0   1   1   1   1   1   1   1   1   2 
  1   0   0   0   0   0   0   1   0   1   1   1   1   1   1   1 
  0   0   0   0   0   0   0   0   0   0   0   0   0   0   0   1 
  1   0   0   0   0   0   0   0   0   0   0   0   0   0   0   0 
  0   0   0   0   0   0   0   0   0   0   0   0   0   0   0   0 
  0   0   0   0   0   0   0   0   0   0   0   0   0   0   0   0 
  0   0   0   0   0   0   0   0   0   0   0   0   0   0   0   0 
  0   0   0   0   0   0   0   1   1   0   0   0   0   0   0   1 
  1   0   0   0   0   0   0   1   1   0   0   0   0   0   0   1 
  1   0   0   0   0   0   0   0   0   0   0   0   0   0   0   0 
  0   0   0   0   0   0   0   0   0   0   0   0   0   0   0   1 
  1   1   1   1   1   1   1   2   1   0   0   0   0   0   0   0 
  0   0   0   0   0   0   0   0   0   0   0   0   0   0   0   1 
  0   1   1   1   1   1   1   0   1   0   0   0   0   0   0   0 
  0   0   0   0   0   0   0   0   0   0   0   0   0   0   0   0 
  0   0   0   0   0   0   0   0   0   0   0   0   0   0   0   0 
  0   0   0   0   0   0   0   0   0   0   0   0   0   0   0   0 
  0   0   0   0   0   0   0   0   0   0   0   0   0   0   0   0 
  0   0   0   0   0   0   0   0   0   0   0   0   0   0   0   0 
  0   0   0   0   0   0   0   0   0   0   0   0   0   0   0   0 
  0   0   0   0   0   0   0   0   0   0   0   0   0   0   0   0 
  0   0   0   0   0   0   0   0   0   0   0   0   0   0   0   0 
  0   0   0   0   0   0   0   0   0   0   0   0   0   0   0   0 
  0   0   0   0   0   0   0   0   0   0   0   0   0   0   0   0 
 99   0   0   0   0   0   0   1   1   1   1   1   1   1   1   2 
  1   0   0   0   0   0   0   1   1   1   1   1   1   1   1   1 
  0   0   0   0   0   0   0   0   0   0   0   0   0   0   0   1 
  1   0   0   0   0   0   0   0   0   0   0   0   0   0   0   0 
  0   0   0   0   0   0   0   0   0   0   0   0   0   0   0   0 
  0   0   0   0   0   0   0   0   0   0   0   0   0   0   0   0 
  0   0   0   0   0   0   0   0   0   0   0   0   0   0   0   0 
  0   0   0   0   0   0   0   1   1   0   0   0   0   0   0   1 
  1   0   0   0   0   0   0   1   1   0   0   0   0   0   0   1 
  1   0   0   0   0   0   0   0   0   0   0   0   0   0   0   0 
  0   0   0   0   0   0   0   0   0   0   0   0   0   0   0   1 
  1   1   1   1   1   1   1   2   1   0   0   0   0   0   0   0 
  0   0   0   0   0   0   0   0   0   0   0   0   0   0   0   1 
  1   1   1   1   1   1   1   1   1   0   0   0   0   0   0   0 
  0   0   0   0   0   0   0   0   0   0   0   0   0   0   0   0 
  0   0   0   0   0   0   0   0   0   0   0   0   0   0   0   0 
  0   0   0   0   0   0   0   0   0   0   0   0   0   0   0   0 
  0   0   0   0   0   0   0   0   0   0   0   0   0   0   0   0 
  0   0   0   0   0   0   0   0   0   0   0   0   0   0   0   0 
  0   0   0   0   0   0   0   0   0   0   0   0   0   0   0   0 
  0   0   0   0   0   0   0   0   0   0   0   0   0   0   0   0 
  0   0   0   0   0   0   0   0   0   0   0   0   0   0   0   0 
  0   0   0   0   0   0   0   0   0   0   0   0   0   0   0   0 
  0   0   0   0   0   0   0   0   0   0   0   0   0   0   0   0 
 99   0   0   0   0   0   0   0   1   1   1   1   1   1   1   0 
  1   0   0   0   0   0   0   0   1   1   1   1   1   1   1   1 
  1   0   0   0   0   0   0   0   0   0   0   0   0   0   0   1 
  1   0   0   0   0   0   0   0   0   0   0   0   0   0   0   0 
  0   0   0   0   0   0   0   0   0   0   0   0   0   0   0   0 
  0   0   0   0   0   0   0   0   0   0   0   0   0   0   0   0 
  0   0   0   0   0   0   0   0   0   0   0   0   0   0   0   0 
  0   0   0   0   0   0   0   1   1   0   0   0   0   0   0   1 
  1   0   0   0   0   0   0   1   1   0   0   0   0   0   0   1 
  1   0   0   0   0   0   0   0   0   0   0   0   0   0   0   0 
  0   0   0   0   0   0   0   0   0   0   0   0   0   0   0   1 
  1   1   1   1   1   1   1   2   1   0   0   0   0   0   0   0 
  0   0   0   0   0   0   0   0   0   0   0   0   0   0   0   0 
  1   1   1   1   1   1   1   1   0   0   0   0   0   0   0   0 
  0   0   0   0   0   0   0   0   0   0   0   0   0   0   0   0 
  0   0   0   0   0   0   0   0   0   0   0   0   0   0   0   0 
  0   0   0   0   0   0   0   0   0   0   0   0   0   0   0   0 
  0   0   0   0   0   0   0   0   0   0   0   0   0   0   0   0 
  0   0   0   0   0   0   0   0   0   0   0   0   0   0   0   0 
  0   0   0   0   0   0   0   0   0   0   0   0   0   0   0   0 
  0   0   0   0   0   0   0   0   0   0   0   0   0   0   0   0 
  0   0   0   0   0   0   0   0   0   0   0   0   0   0   0   0 
  0   0   0   0   0   0   0   0   0   0   0   0   0   0   0   0 
  0   0   0   0   0   0   0   0   0   0   0   0   0   0   0   0 
 98   0   0   0   0   0   0   0   1   1   1   1   1   1   1   1 
  1   0   0   0   0   0   0   0   0   0   0   0   0   0   0   1 
  1   0   0   0   0   0   0   0   0   0   0   0   0   0   0   1 
  1   0   0   0   0   0   0   0   0   0   0   0   0   0   0   0 
  0   0   0   0   0   0   0   0   0   0   0   0   0   0   0   0 
  0   0   0   0   0   0   0   0   0   0   0   0   0   0   0   0 
  0   0   0   0   0   0   0   0   0   0   0   0   0   0   0   0 
  0   0   0   0   0   0   0   1   1   0   0   0   0   0   0   1 
  1   0   0   0   0   0   0   1   1   0   0   0   0   0   0   1 
  1   0   0   0   0   0   0   0   0   0   0   0   0   0   0   0 
  0   0   0   0   0   0   0   0   0   0   0   0   0   0   0   1 
  1   1   1   1   1   1   1   2   1   0   0   0   0   0   0   0 
  0   0   0   0   0   0   0   0   0   0   0   0   0   0   0   0 
  0   0   0   0   0   0   0   0   0   0   0   0   0   0   0   0 
  0   0   0   0   0   0   0   0   0   0   0   0   0   0   0   0 
  0   0   0   0   0   0   0   0   0   0   0   0   0   0   0   0 
  0   0   0   0   0   0   0   0   0   0   0   0   0   0   0   0 
  0   0   0   0   0   0   0   0   0   0   0   0   0   0   0   0 
  0   0   0   0   0   0   0   0   0   0   0   0   0   0   0   0 
  0   0   0   0   0   0   0   0   0   0   0   0   0   0   0   0 
  0   0   0   0   0   0   0   0   0   0   0   0   0   0   0   0 
  0   0   0   0   0   0   0   0   0   0   0   0   0   0   0   0 
  0   0   0   0   0   0   0   0   0   0   0   0   0   0   0   0 
  0   0   0   0   0   0   0   0   0   0   0   0   0   0   0   0 
 97   1   1   1   1   1   1   1   1   1   1   1   1   1   1   1 
  0   0   0   0   0   0   0   0   0   0   0   0   0   0   0   1 
  1   1   1   1   1   1   1   1   0   0   0   1   1   1   1   2 
  1   0   0   0   0   0   0   0   0   0   0   0   0   0   0   0 
  0   0   0   1   1   1   1   1   1   1   1   1   1   1   1   1 
  0   0   0   0   0   0   0   0   1   1   1   0   0   1   1   1 
  1   1   1   1   1   1   1   1   0   1   1   1   1   1   1   0 
  1   1   1   1   1   1   1   1   1   0   0   0   0   0   0   1 
  1   1   1   1   1   1   1   1   1   0   0   0   0   0   0   1 
  1   1   1   1   1   1   1   1   1   1   1   1   1   1   1   1 
  1   1   1   1   1   1   1   1   1   1   1   1   1   1   1   0 
  2   0   1   1   1   1   0   3   1   0   0   0   0   0   0   0 
  0   0   0   0   0   0   0   0   0   0   0   0   0   0   0   0 
  0   0   0   0   0   0   0   0   0   0   0   0   0   0   0   0 
  0   0   0   0   0   0   0   0   0   0   0   0   0   0   0   0 
  0   0   0   0   0   0   0   0   0   0   0   0   0   0   0   0 
  0   0   0   0   0   0   0   0   0   0   0   0   0   0   0   0 
  0   0   0   0   0   0   0   0   0   0   0   0   0   0   0   0 
  0   0   0   0   0   0   0   0   0   0   0   0   0   0   0   0 
  0   0   0   0   0   0   0   0   0   0   0   0   0   0   0   0 
  0   0   0   0   0   0   0   0   0   0   0   0   0   0   0   0 
  0   0   0   0   0   0   0   0   0   0   0   0   0   0   0   0 
  0   0   0   0   0   0   0   0   0   0   0   0   0   0   0   0 
  0   0   0   0   0   0   0   0   0   0   0   0   0   0   0   0 
 99   1   1   1   1   1   1   1   0   0   0   0   0   0   0   0 
  0   0   0   0   0   0   0   0   0   0   0   0   0   0   0   0 
  1   1   1   1   1   1   1   1   1   0   1   1   0   2   1   2 
  1   0   0   0   0   0   0   0   0   0   0   0   0   0   0   0 
  0   0   1   1   0   2   1   3   2   1   1   1   1   1   1   1 
  1   0   0   0   0   0   0   1   1   1   1   1   1   1   1   1 
  1   1   1   1   1   1   1   1   1   1   0   2   2   0   1   1 
  1   1   1   1   1   1   1   1   0   0   0   0   0   0   0   0 
  1   1   1   1   1   1   1   1   0   0   0   0   0   0   0   0 
  1   1   1   1   1   1   1   1   1   1   1   1   1   1   1   1 
  1   1   1   1   1   1   1   1   1   1   1   1   1   1   1   1 
  1   1   1   0   0   1   1   1   0   0   0   0   0   0   0   0 
  0   0   0   0   0   0   0   0   0   0   0   0   0   0   0   0 
  0   0   0   0   0   0   0   0   0   0   0   0   0   0   0   0 
  0   0   0   0   0   0   0   0   0   0   0   0   0   0   0   0 
  0   0   0   0   0   0   0   0   0   0   0   0   0   0   0   0 
  0   0   0   0   0   0   0   0   0   0   0   0   0   0   0   0 
  0   0   0   0   0   0   0   0   0   0   0   0   0   0   0   0 
  0   0   0   0   0   0   0   0   0   0   0   0   0   0   0   0 
  0   0   0   0   0   0   0   0   0   0   0   0   0   0   0   0 
  0   0   0   0   0   0   0   0   0   0   0   0   0   0   0   0 
  0   0   0   0   0   0   0   0   0   0   0   0   0   0   0   0 
  0   0   0   0   0   0   0   0   0   0   0   0   0   0   0   0 
  0   0   0   0   0   0   0   0   0   0   0   0   0   0   0   0 
 98   0   0   0   0   0   0   0   0   0   0   0   0   0   0   0 
  0   0   0   0   0   0   0   0   0   0   0   0   0   0   0   0 
  0   0   0   0   0   0   0   1   1   0   1   1   1   1   0   1 
  1   0   0   0   0   0   0   0   0   0   0   0   0   0   0   0 
  0   0   1   1   1   1   0   2   2   0   0   0   0   0   0   1 
  1   0   0   0   0   0   0   1   1   0   1   1   1   1   0   0 
  0   0   0   0   0   0   0   1   1   1   1   1   1   1   1   1 
  1   0   0   0   0   0   0   0   0   0   0   0   0   0   0   0 
  0   0   0   0   0   0   0   0   0   0   0   0   0   0   0   0 
  0   0   0   0   0   0   0   0   0   0   0   0   0   0   0   0 
  0   0   0   0   0   0   0   0   0   0   0   0   0   0   0   0 
  0   0   0   0   0   0   0   0   0   0   0   0   0   0   0   0 
  0   0   0   0   0   0   0   0   0   0   0   0   0   0   0   0 
  0   0   0   0   0   0   0   0   0   0   0   0   0   0   0   0 
  0   0   0   0   0   0   0   0   0   0   0   0   0   0   0   0 
  0   0   0   0   0   0   0   0   0   0   0   0   0   0   0   0 
  0   0   0   0   0   0   0   0   0   0   0   0   0   0   0   0 
  0   0   0   0   0   0   0   0   0   0   0   0   0   0   0   0 
  0   0   0   0   0   0   0   0   0   0   0   0   0   0   0   0 
  0   0   0   0   0   0   0   0   0   0   0   0   0   0   0   0 
  0   0   0   0   0   0   0   0   0   0   0   0   0   0   0   0 
  0   0   0   0   0   0   0   0   0   0   0   0   0   0   0   0 
  0   0   0   0   0   0   0   0   0   0   0   0   0   0   0   0 
  0   0   0   0   0   0   0   0   0   0   0   0   0   0   0   0 
 97   0   0   0   0   0   0   0   0   0   0   0   0   0   0   0 
  0   0   0   0   0   0   0   0   0   0   0   0   0   0   0   0 
  0   0   0   0   0   0   0   1   1   1   1   0   0   1   1   1 
  1   0   0   0   0   0   0   0   0   0   0   0   0   0   0   0 
  0   0   1   1   1   1   0   2   2   1   1   1   1   1   1   1 
  1   0   0   0   0   0   0   1   1   0   1   1   1   1   0   0 
  0   0   0   0   0   0   0   1   1   1   1   1   1   1   1   1 
  1   0   0   0   0   0   0   0   0   0   0   0   0   0   0   0 
  0   0   0   0   0   0   0   0   0   0   0   0   0   0   0   0 
  0   0   0   0   0   0   0   0   0   0   0   0   0   0   0   0 
  0   0   0   0   0   0   0   0   0   0   0   0   0   0   0   0 
  0   0   0   0   0   0   0   0   0   0   0   0   0   0   0   0 
  0   0   0   0   0   0   0   0   0   0   0   0   0   0   0   0 
  0   0   0   0   0   0   0   0   0   0   0   0   0   0   0   0 
  0   0   0   0   0   0   0   0   0   0   0   0   0   0   0   0 
  0   0   0   0   0   0   0   0   0   0   0   0   0   0   0   0 
  0   0   0   0   0   0   0   0   0   0   0   0   0   0   0   0 
  0   0   0   0   0   0   0   0   0   0   0   0   0   0   0   0 
  0   0   0   0   0   0   0   0   0   0   0   0   0   0   0   0 
  0   0   0   0   0   0   0   0   0   0   0   0   0   0   0   0 
  0   0   0   0   0   0   0   0   0   0   0   0   0   0   0   0 
  0   0   0   0   0   0   0   0   0   0   0   0   0   0   0   0 
  0   0   0   0   0   0   0   0   0   0   0   0   0   0   0   0 
  0   0   0   0   0   0   0   0   0   0   0   0   0   0   0   0 
 97   0   0   0   0   0   0   0   0   0   0   0   0   0   0   0 
  0   0   0   0   0   0   0   0   0   0   0   0   0   0   0   0 
  0   0   0   0   0   0   0   0   1   1   0   0   0   0   1   1 
  0   0   0   0   0   0   0   0   0   0   0   0   0   0   0   0 
  0   0   1   1   1   1   0   1   1   1   1   1   1   1   1   1 
  0   0   0   0   0   0   0   1   1   0   1   1   1   1   0   0 
  0   0   0   0   0   0   0   1   1   1   1   1   1   1   1   1 
  1   0   0   0   0   0   0   0   0   0   0   0   0   0   0   0 
  0   0   0   0   0   0   0   0   0   0   0   0   0   0   0   0 
  0   0   0   0   0   0   0   0   0   0   0   0   0   0   0   0 
  0   0   0   0   0   0   0   0   0   0   0   0   0   0   0   0 
  0   0   0   0   0   0   0   0   0   0   0   0   0   0   0   0 
  0   0   0   0   0   0   0   0   0   0   0   0   0   0   0   0 
  0   0   0   0   0   0   0   0   0   0   0   0   0   0   0   0 
  0   0   0   0   0   0   0   0   0   0   0   0   0   0   0   0 
  0   0   0   0   0   0   0   0   0   0   0   0   0   0   0   0 
  0   0   0   0   0   0   0   0   0   0   0   0   0   0   0   0 
  0   0   0   0   0   0   0   0   0   0   0   0   0   0   0   0 
  0   0   0   0   0   0   0   0   0   0   0   0   0   0   0   0 
  0   0   0   0   0   0   0   0   0   0   0   0   0   0   0   0 
  0   0   0   0   0   0   0   0   0   0   0   0   0   0   0   0 
  0   0   0   0   0   0   0   0   0   0   0   0   0   0   0   0 
  0   0   0   0   0   0   0   0   0   0   0   0   0   0   0   0 
  0   0   0   0   0   0   0   0   0   0   0   0   0   0   0   0 
 97   0   0   0   0   0   0   0   0   0   0   0   0   0   0   0 
  0   0   0   0   0   0   0   0   0   0   0   0   0   0   0   0 
  0   0   0   0   0   0   0   0   1   1   0   0   0   0   1   1 
  0   0   0   0   0   0   0   0   0   0   0   0   0   0   0   0 
  0   0   1   1   1   1   0   1   2   1   1   1   1   1   1   1 
  0   0   0   0   0   0   0   1   1   0   1   1   1   1   0   0 
  0   0   0   0   0   0   0   1   1   1   1   1   1   1   1   1 
  1   0   0   0   0   0   0   0   0   0   0   0   0   0   0   0 
  0   0   0   0   0   0   0   0   0   0   0   0   0   0   0   0 
  0   0   0   0   0   0   0   0   0   0   0   0   0   0   0   0 
  0   0   0   0   0   0   0   0   0   0   0   0   0   0   0   0 
  0   0   0   0   0   0   0   0   0   0   0   0   0   0   0   0 
  0   0   0   0   0   0   0   0   0   0   0   0   0   0   0   0 
  0   0   0   0   0   0   0   0   0   0   0   0   0   0   0   0 
  0   0   0   0   0   0   0   0   0   0   0   0   0   0   0   0 
  0   0   0   0   0   0   0   0   0   0   0   0   0   0   0   0 
  0   0   0   0   0   0   0   0   0   0   0   0   0   0   0   0 
  0   0   0   0   0   0   0   0   0   0   0   0   0   0   0   0 
  0   0   0   0   0   0   0   0   0   0   0   0   0   0   0   0 
  0   0   0   0   0   0   0   0   0   0   0   0   0   0   0   0 
  0   0   0   0   0   0   0   0   0   0   0   0   0   0   0   0 
  0   0   0   0   0   0   0   0   0   0   0   0   0   0   0   0 
  0   0   0   0   0   0   0   0   0   0   0   0   0   0   0   0 
  0   0   0   0   0   0   0   0   0   0   0   0   0   0   0   0 
 96   0   0   0   0   0   0   0   0   0   0   0   0   0   0   0 
  0   0   0   0   0   0   0   0   0   0   0   0   0   0   0   0 
  0   0   0   0   0   0   0   1   1   1   1   0   0   1   1   1 
  1   0   0   0   0   0   0   0   0   0   0   0   0   0   0   0 
  0   0   1   1   1   1   0   1   0   1   1   1   1   1   1   1 
  1   0   0   0   0   0   0   1   1   0   1   1   1   1   0   0 
  0   0   0   0   0   0   0   1   1   1   1   1   1   1   1   1 
  1   0   0   0   0   0   0   0   0   0   0   0   0   0   0   0 
  0   0   0   0   0   0   0   0   0   0   0   0   0   0   0   0 
  0   0   0   0   0   0   0   0   0   0   0   0   0   0   0   0 
  0   0   0   0   0   0   0   0   0   0   0   0   0   0   0   0 
  0   0   0   0   0   0   0   0   0   0   0   0   0   0   0   0 
  0   0   0   0   0   0   0   0   0   0   0   0   0   0   0   0 
  0   0   0   0   0   0   0   0   0   0   0   0   0   0   0   0 
  0   0   0   0   0   0   0   0   0   0   0   0   0   0   0   0 
  0   0   0   0   0   0   0   0   0   0   0   0   0   0   0   0 
  0   0   0   0   0   0   0   0   0   0   0   0   0   0   0   0 
  0   0   0   0   0   0   0   0   0   0   0   0   0   0   0   0 
  0   0   0   0   0   0   0   0   0   0   0   0   0   0   0   0 
  0   0   0   0   0   0   0   0   0   0   0   0   0   0   0   0 
  0   0   0   0   0   0   0   0   0   0   0   0   0   0   0   0 
  0   0   0   0   0   0   0   0   0   0   0   0   0   0   0   0 
  0   0   0   0   0   0   0   0   0   0   0   0   0   0   0   0 
  0   0   0   0   0   0   0   0   0   0   0   0   0   0   0   0 
 96   0   0   0   0   0   0   0   0   0   0   0   0   0   0   0 
  0   0   0   0   0   0   0   0   0   0   0   0   0   0   0   0 
  0   0   0   0   0   0   0   1   1   0   1   1   1   1   0   1 
  1   0   0   0   0   0   0   0   0   0   0   0   0   0   0   0 
  0   0   1   1   1   1   0   1   1   0   0   0   0   0   0   1 
  1   0   0   0   0   0   0   1   1   0   1   1   1   1   0   0 
  0   0   0   0   0   0   0   1   1   1   1   1   1   1   1   1 
  1   0   0   0   0   0   0   0   0   0   0   0   0   0   0   0 
  0   0   0   0   0   0   0   0   0   0   0   0   0   0   0   0 
  0   0   0   0   0   0   0   0   0   0   0   0   0   0   0   0 
  0   0   0   0   0   0   0   0   0   0   0   0   0   0   0   0 
  0   0   0   0   0   0   0   0   0   0   0   0   0   0   0   0 
  0   0   0   0   0   0   0   0   0   0   0   0   0   0   0   0 
  0   0   0   0   0   0   0   0   0   0   0   0   0   0   0   0 
  0   0   0   0   0   0   0   0   0   0   0   0   0   0   0   0 
  0   0   0   0   0   0   0   0   0   0   0   0   0   0   0   0 
  0   0   0   0   0   0   0   0   0   0   0   0   0   0   0   0 
  0   0   0   0   0   0   0   0   0   0   0   0   0   0   0   0 
  0   0   0   0   0   0   0   0   0   0   0   0   0   0   0   0 
  0   0   0   0   0   0   0   0   0   0   0   0   0   0   0   0 
  0   0   0   0   0   0   0   0   0   0   0   0   0   0   0   0 
  0   0   0   0   0   0   0   0   0   0   0   0   0   0   0   0 
  0   0   0   0   0   0   0   0   0   0   0   0   0   0   0   0 
  0   0   0   0   0   0   0   0   0   0   0   0   0   0   0   0 
 96   1   1   1   1   1   1   1   0   0   0   1   1   1   1   1 
  0   0   0   0   0   0   0   0   0   1   1   1   1   1   1   0 
  1   1   1   1   1   1   1   1   1   0   1   1   0   2   1   2 
  0   1   1   1   1   1   1   1   1   1   1   1   1   1   1   1 
  1   1   1   1   1   1   1   1   0   1   1   1   1   1   1   1 
  1   1   1   1   1   1   1   0   2   1   2   0   1   1   0   0 
  1   1   1   1   1   1   1   1   2   1   1   1   1   1   1   2 
  1   0   0   0   0   0   0   0   0   0   0   0   0   0   0   0 
  0   0   0   0   0   0   0   0   0   0   0   0   0   0   0   0 
  0   0   0   0   0   0   0   0   0   0   0   0   0   0   0   0 
  0   0   0   0   0   0   0   0   0   0   0   0   0   0   0   0 
  0   0   0   0   0   0   0   0   0   0   0   0   0   0   0   0 
  0   0   0   0   0   0   0   0   0   0   0   0   0   0   0   0 
  0   0   0   0   0   0   0   0   0   0   0   0   0   0   0   0 
  1   1   1   0   0   1   1   1   1   1   1   1   1   1   1   1 
  1   1   1   1   1   1   1   1   0   0   0   0   0   0   0   0 
  0   0   0   0   0   0   0   0   1   1   1   1   1   1   1   1 
  1   1   1   1   1   1   1   1   1   1   1   1   1   1   1   1 
  0   0   0   0   0   0   0   0   0   0   0   0   0   0   0   0 
  0   0   0   0   0   0   0   0   0   0   0   0   0   0   0   0 
  1   1   1   0   0   1   1   1   1   1   1   0   0   1   1   1 
  0   0   0   0   0   0   0   0   0   0   0   0   0   0   0   0 
  0   0   0   0   0   0   0   0   1   0   1   1   1   1   1   1 
  1   1   0   1   1   1   1   0   0   0   0   0   0   0   0   0 
 94   1   1   1   1   1   1   1   1   0   1   1   0   2   1   2 
  1   0   0   0   0   0   0   0   1   1   0   2   2   0   1   1 
  1   1   1   1   1   1   1   1   0   0   0   1   1   1   1   1 
  1   1   1   1   1   1   1   1   1   1   1   1   1   1   1   1 
  1   1   1   0   0   1   1   0   1   1   1   1   1   1   1   1 
  1   1   1   1   1   1   1   1   1   1   1   1   1   0   0   1 
  1   1   1   1   1   1   1   1   1   0   0   1   1   0   0   1 
  0   0   0   0   0   0   0   0   0   0   0   0   0   0   0   0 
  0   0   0   0   0   0   0   0   0   0   0   0   0   0   0   0 
  0   0   0   0   0   0   0   0   0   0   0   0   0   0   0   0 
  0   0   0   0   0   0   0   0   0   0   0   0   0   0   0   0 
  0   0   0   0   0   0   0   0   0   0   0   0   0   0   0   0 
  0   0   0   0   0   0   0   0   0   0   0   0   0   0   0   0 
  0   0   0   0   0   0   0   0   0   0   0   0   0   0   0   1 
  1   1   1   1   1   1   1   1   1   1   1   1   1   1   1   1 
  1   1   1   1   1   1   1   1   1   0   0   0   0   0   0   0 
  0   0   0   0   0   0   0   1   1   1   1   1   1   1   1   1 
  1   1   1   1   1   1   1   1   1   1   1   1   1   1   1   1 
  1   0   0   0   0   0   0   0   0   0   0   0   0   0   0   0 
  0   0   0   0   0   0   0   0   0   0   0   0   0   0   0   1 
  1   1   1   1   1   1   1   1   1   1   1   1   1   1   1   1 
  1   0   0   0   0   0   0   0   0   0   0   0   0   0   0   0 
  0   0   0   0   0   0   0   1   2   0   1   2   1   1   2   1 
  2   1   0   1   1   1   1   1   0   0   0   0   0   0   0   0 
 94   0   0   0   0   0   0   1   1   0   1   1   1   1   0   1 
  1   0   0   0   0   0   0   0   1   1   1   1   1   1   1   1 
  1   0   0   0   0   0   0   0   0   0   0   0   0   0   0   0 
  0   0   0   0   0   0   0   0   0   0   0   0   0   0   0   0 
  0   0   0   0   0   0   0   1   1   0   0   0   0   0   0   1 
  1   0   0   0   0   0   0   0   0   0   0   0   0   0   0   1 
  1   0   0   0   0   0   0   1   1   0   0   0   0   0   0   0 
  0   0   0   0   0   0   0   0   0   0   0   0   0   0   0   0 
  0   0   0   0   0   0   0   0   0   0   0   0   0   0   0   0 
  0   0   0   0   0   0   0   0   0   0   0   0   0   0   0   0 
  0   0   0   0   0   0   0   0   0   0   0   0   0   0   0   0 
  0   0   0   0   0   0   0   0   0   0   0   0   0   0   0   0 
  0   0   0   0   0   0   0   0   0   0   0   0   0   0   0   0 
  0   0   0   0   0   0   0   0   0   0   0   0   0   0   0   1 
  1   0   1   1   1   1   0   0   0   0   0   0   0   0   0   0 
  0   0   0   0   0   0   0   1   1   0   0   0   0   0   0   0 
  0   0   0   0   0   0   0   1   1   0   0   0   0   0   0   0 
  0   0   0   0   0   0   0   0   0   0   0   0   0   0   0   1 
  1   0   0   0   0   0   0   0   0   0   0   0   0   0   0   0 
  0   0   0   0   0   0   0   0   0   0   0   0   0   0   0   1 
  1   0   1   1   1   1   0   0   0   0   1   1   1   1   0   1 
  1   0   0   0   0   0   0   0   0   0   0   0   0   0   0   0 
  0   0   0   0   0   0   0   1   1   0   0   1   0   0   1   1 
  1   0   0   1   0   0   1   1   0   0   0   0   0   0   0   0 
 93   1   1   1   1   1   1   1   1   0   1   1   1   1   0   1 
  1   0   0   0   0   0   0   0   1   1   1   1   1   1   1   1 
  1   0   0   0   0   0   0   0   0   0   0   0   0   0   0   0 
  0   0   0   0   0   0   0   0   0   0   0   0   0   0   0   0 
  0   0   0   0   0   0   0   1   1   0   0   0   0   0   0   1 
  1   0   0   0   0   0   0   0   0   0   0   0   0   0   0   1 
  1   0   0   0   0   0   0   1   1   0   0   0   0   0   0   0 
  0   0   0   0   0   0   0   0   0   0   0   0   0   0   0   0 
  0   0   0   0   0   0   0   0   0   0   0   0   0   0   0   0 
  0   0   0   0   0   0   0   0   0   0   0   0   0   0   0   0 
  0   0   0   0   0   0   0   0   0   0   0   0   0   0   0   0 
  0   0   0   0   0   0   0   0   0   0   0   0   0   0   0   0 
  0   0   0   0   0   0   0   0   0   0   0   0   0   0   0   0 
  0   0   0   0   0   0   0   0   0   0   0   0   0   0   0   1 
  1   0   1   1   1   1   0   0   0   0   0   0   0   0   0   0 
  0   0   0   0   0   0   0   1   1   0   0   0   0   0   0   0 
  0   0   0   0   0   0   0   1   1   0   0   0   0   0   0   0 
  0   0   0   0   0   0   0   0   0   0   0   0   0   0   0   1 
  1   0   0   0   0   0   0   0   1   1   1   1   1   1   1   1 
  0   0   0   0   0   0   0   0   0   0   0   0   0   0   0   1 
  1   0   1   1   1   1   0   0   0   0   1   1   1   1   0   1 
  1   0   0   0   0   0   0   0   0   0   0   0   0   0   0   0 
  0   0   0   0   0   0   0   1   1   0   0   1   0   0   1   1 
  1   0   0   1   0   0   1   1   0   0   0   0   0   0   0   0 
 94   1   1   1   1   1   1   1   0   0   1   1   1   1   0   1 
  1   0   0   0   0   0   0   0   1   1   1   1   1   1   1   1 
  1   0   0   0   0   0   0   0   0   0   0   0   0   0   0   0 
  0   0   0   0   0   0   0   0   0   0   0   0   0   0   0   0 
  0   0   0   0   0   0   0   1   1   0   0   0   0   0   0   1 
  1   0   0   0   0   0   0   0   0   0   0   0   0   0   0   1 
  1   0   0   0   0   0   0   1   1   0   0   0   0   0   0   0 
  0   0   0   0   0   0   0   0   0   0   0   0   0   0   0   0 
  0   0   0   0   0   0   0   0   0   0   0   0   0   0   0   0 
  0   0   0   0   0   0   0   0   0   0   0   0   0   0   0   0 
  0   0   0   0   0   0   0   0   0   0   0   0   0   0   0   0 
  0   0   0   0   0   0   0   0   0   0   0   0   0   0   0   0 
  0   0   0   0   0   0   0   0   0   0   0   0   0   0   0   0 
  0   0   0   0   0   0   0   0   0   0   0   0   0   0   0   1 
  1   0   1   1   1   1   0   0   0   0   0   0   0   0   0   0 
  0   0   0   0   0   0   0   1   1   0   0   0   0   0   0   0 
  0   0   0   0   0   0   0   1   1   0   0   0   0   0   0   0 
  0   0   0   0   0   0   0   0   0   0   0   0   0   0   0   1 
  1   0   0   0   0   0   0   1   1   1   1   1   1   1   1   1 
  1   0   0   0   0   0   0   0   0   0   0   0   0   0   0   1 
  1   0   1   1   1   1   0   0   0   0   1   1   1   1   0   1 
  1   0   0   0   0   0   0   0   0   0   0   0   0   0   0   0 
  0   0   0   0   0   0   0   1   1   0   0   1   0   0   1   1 
  1   0   0   1   0   0   1   1   0   0   0   0   0   0   0   0 
 93   1   1   1   1   1   1   1   0   0   1   1   1   1   0   1 
  1   0   0   0   0   0   0   0   1   1   1   1   1   1   1   1 
  1   0   0   0   0   0   0   0   0   0   0   0   0   0   0   0 
  0   0   0   0   0   0   0   0   0   0   0   0   0   0   0   0 
  0   0   0   0   0   0   0   1   1   0   0   0   0   0   0   1 
  1   0   0   0   0   0   0   0   0   0   0   0   0   0   0   1 
  1   0   0   0   0   0   0   1   1   0   0   0   0   0   0   0 
  0   0   0   0   0   0   0   0   0   0   0   0   0   0   0   0 
  0   0   0   0   0   0   0   0   0   0   0   0   0   0   0   0 
  0   0   0   0   0   0   0   0   0   0   0   0   0   0   0   0 
  0   0   0   0   0   0   0   0   0   0   0   0   0   0   0   0 
  0   0   0   0   0   0   0   0   0   0   0   0   0   0   0   0 
  0   0   0   0   0   0   0   0   0   0   0   0   0   0   0   0 
  0   0   0   0   0   0   0   0   0   0   0   0   0   0   0   1 
  1   0   1   1   1   1   0   0   0   0   0   0   0   0   0   0 
  0   0   0   0   0   0   0   1   1   0   0   0   0   0   0   0 
  0   0   0   0   0   0   0   1   1   0   0   0   0   0   0   0 
  0   0   0   0   0   0   0   0   0   0   0   0   0   0   0   1 
  1   0   0   0   0   0   0   1   0   1   1   1   1   1   1   0 
  1   0   0   0   0   0   0   0   0   0   0   0   0   0   0   1 
  1   0   1   1   1   1   0   0   0   0   1   1   1   1   0   1 
  1   0   0   0   0   0   0   0   0   0   0   0   0   0   0   0 
  0   0   0   0   0   0   0   1   1   0   0   1   0   0   1   1 
  1   0   0   1   0   0   1   1   0   0   0   0   0   0   0   0 
 94   1   1   1   1   1   1   1   1   0   1   1   1   1   0   1 
  1   0   0   0   0   0   0   0   1   1   1   1   1   1   1   1 
  1   0   0   0   0   0   0   0   0   0   0   0   0   0   0   0 
  0   0   0   0   0   0   0   0   0   0   0   0   0   0   0   0 
  0   0   0   0   0   0   0   1   1   0   0   0   0   0   0   1 
  1   0   0   0   0   0   0   0   0   0   0   0   0   0   0   1 
  1   0   0   0   0   0   0   1   1   0   0   0   0   0   0   0 
  0   0   0   0   0   0   0   0   0   0   0   0   0   0   0   0 
  0   0   0   0   0   0   0   0   0   0   0   0   0   0   0   0 
  0   0   0   0   0   0   0   0   0   0   0   0   0   0   0   0 
  0   0   0   0   0   0   0   0   0   0   0   0   0   0   0   0 
  0   0   0   0   0   0   0   0   0   0   0   0   0   0   0   0 
  0   0   0   0   0   0   0   0   0   0   0   0   0   0   0   0 
  0   0   0   0   0   0   0   0   0   0   0   0   0   0   0   1 
  1   0   1   1   1   1   0   0   0   0   0   0   0   0   0   0 
  0   0   0   0   0   0   0   1   1   0   0   0   0   0   0   0 
  0   0   0   0   0   0   0   1   1   0   0   0   0   0   0   0 
  0   0   0   0   0   0   0   0   0   0   0   0   0   0   0   1 
  1   0   0   0   0   0   0   1   2   1   1   1   1   1   1   2 
  1   0   0   0   0   0   0   0   0   0   0   0   0   0   0   1 
  1   0   1   1   1   1   0   0   0   0   1   1   1   1   0   1 
  1   0   0   0   0   0   0   0   0   0   0   0   0   0   0   0 
  0   0   0   0   0   0   0   1   1   0   0   1   0   0   1   1 
  1   0   0   1   0   0   1   1   0   0   0   0   0   0   0   0 
 93   0   0   0   0   0   0   1   1   0   1   1   1   1   0   1 
  1   0   0   0   0   0   0   0   1   1   1   1   1   1   1   1 
  1   0   0   0   0   0   0   0   0   0   0   0   0   0   0   0 
  0   0   0   0   0   0   0   0   0   0   0   0   0   0   0   0 
  0   0   0   0   0   0   0   1   1   0   0   0   0   0   0   1 
  1   0   0   0   0   0   0   0   0   0   0   0   0   0   0   1 
  1   0   0   0   0   0   0   1   1   0   0   0   0   0   0   0 
  0   0   0   0   0   0   0   0   0   0   0   0   0   0   0   0 
  0   0   0   0   0   0   0   0   0   0   0   0   0   0   0   0 
  0   0   0   0   0   0   0   0   0   0   0   0   0   0   0   0 
  0   0   0   0   0   0   0   0   0   0   0   0   0   0   0   0 
  0   0   0   0   0   0   0   0   0   0   0   0   0   0   0   0 
  0   0   0   0   0   0   0   0   0   0   0   0   0   0   0   0 
  0   0   0   0   0   0   0   0   0   0   0   0   0   0   0   1 
  1   0   1   1   1   1   0   0   0   0   0   0   0   0   0   0 
  0   0   0   0   0   0   0   1   1   0   0   0   0   0   0   0 
  0   0   0   0   0   0   0   1   1   0   0   0   0   0   0   0 
  0   0   0   0   0   0   0   0   0   0   0   0   0   0   0   1 
  1   0   0   0   0   0   0   1   1   0   0   0   0   0   0   1 
  1   0   0   0   0   0   0   0   0   0   0   0   0   0   0   1 
  1   0   1   1   1   1   0   0   0   0   1   1   1   1   0   1 
  1   0   0   0   0   0   0   0   0   0   0   0   0   0   0   0 
  0   0   0   0   0   0   0   1   1   0   0   1   0   0   1   1 
  1   0   0   1   0   0   1   1   0   0   0   0   0   0   0   0 
 93   0   0   0   0   0   0   1   1   1   1   1   1   1   1   2 
  2   1   1   1   1   1   1   1   1   1   1   1   1   1   1   2 
  1   0   0   0   0   0   0   0   0   0   0   0   0   0   0   0 
  0   0   0   0   0   0   0   0   0   0   0   0   0   0   0   0 
  0   0   0   0   0   0   0   1   1   1   1   1   1   1   1   1 
  1   0   0   0   0   0   0   0   0   0   0   0   0   0   0   1 
  1   1   1   1   1   1   1   1   1   0   0   0   0   0   0   0 
  0   0   0   0   0   0   0   0   0   0   0   0   0   0   0   0 
  0   0   0   0   0   0   0   0   0   0   0   0   0   0   0   0 
  0   0   0   0   0   0   0   0   0   0   0   0   0   0   0   0 
  0   0   0   0   0   0   0   0   0   0   0   0   0   0   0   0 
  0   0   0   0   0   0   0   0   0   0   0   0   0   0   0   0 
  0   0   0   0   0   0   0   0   0   0   0   0   0   0   0   0 
  1   1   1   1   1   1   1   1   0   0   0   0   0   0   0   1 
  2   1   2   0   1   1   0   0   0   0   0   0   0   0   0   0 
  1   1   1   1   1   1   1   0   1   0   0   0   0   0   0   0 
  0   0   0   0   0   0   0   1   1   0   0   0   0   0   0   0 
  0   0   0   0   0   0   0   0   0   0   0   0   0   0   0   1 
  1   0   0   0   0   0   0   1   2   1   1   1   1   1   1   2 
  1   0   0   0   0   0   0   0   1   1   1   1   1   1   1   1 
  1   0   1   1   0   2   1   1   1   1   2   0   1   1   0   1 
  2   1   1   1   1   1   1   1   1   1   1   1   1   1   1   1 
  0   0   0   0   0   0   0   1   2   1   0   1   1   1   1   1 
  2   0   1   2   1   1   2   0   0   0   0   0   0   0   0   0 
 93   0   0   0   0   0   0   0   1   1   1   0   0   1   1   1 
  1   1   1   1   1   1   1   1   1   0   0   1   1   0   0   1 
  0   0   0   0   0   0   0   0   0   0   0   0   0   0   0   0 
  0   0   0   0   0   0   0   0   0   0   0   0   0   0   0   0 
  0   0   0   0   0   0   0   0   1   1   1   1   1   1   1   1 
  0   0   0   0   0   0   0   0   0   0   0   0   0   0   0   0 
  1   1   1   1   1   1   1   1   0   0   0   0   0   0   0   0 
  0   0   0   0   0   0   0   0   0   0   0   0   0   0   0   0 
  0   0   0   0   0   0   0   0   0   0   0   0   0   0   0   0 
  0   0   0   0   0   0   0   0   0   0   0   0   0   0   0   0 
  0   0   0   0   0   0   0   0   0   0   0   0   0   0   0   0 
  0   0   0   0   0   0   0   0   0   0   0   0   0   0   0   0 
  0   0   0   0   0   0   0   0   0   0   0   0   0   0   0   1 
  1   1   1   1   1   1   1   1   1   0   0   0   0   0   0   1 
  2   1   1   1   1   0   0   0   0   0   0   0   0   0   0   1 
  2   1   1   1   1   1   1   2   1   0   0   0   0   0   0   0 
  0   0   0   0   0   0   0   1   1   0   0   0   0   0   0   0 
  0   0   0   0   0   0   0   0   0   0   0   0   0   0   0   1 
  1   0   0   0   0   0   0   1   0   1   1   1   1   1   1   0 
  1   0   0   0   0   0   0   1   1   1   1   1   1   1   1   1 
  0   0   0   1   1   1   1   1   1   1   1   1   1   0   0   1 
  2   2   2   2   2   2   2   2   0   1   1   1   1   1   1   1 
  1   0   0   0   0   0   0   1   2   1   0   1   1   1   1   0 
  0   1   1   2   2   2   2   2   1   0   0   0   0   0   0   1 
 92   0   0   0   0   0   0   0   0   0   0   0   0   0   0   0 
  0   0   0   0   0   0   0   0   0   0   0   0   0   0   0   0 
  0   0   0   0   0   0   0   0   0   0   0   0   0   0   0   0 
  0   0   0   0   0   0   0   0   0   0   0   0   0   0   0   0 
  0   0   0   0   0   0   0   0   0   0   0   0   0   0   0   0 
  0   0   0   0   0   0   0   0   0   0   0   0   0   0   0   0 
  0   0   0   0   0   0   0   0   0   0   0   0   0   0   0   0 
  0   0   0   0   0   0   0   0   0   0   0   0   0   0   0   0 
  0   0   0   0   0   0   0   0   0   0   0   0   0   0   0   0 
  0   0   0   0   0   0   0   0   0   0   0   0   0   0   0   0 
  0   0   0   0   0   0   0   0   0   0   0   0   0   0   0   0 
  0   0   0   0   0   0   0   0   0   0   0   0   0   0   0   0 
  0   0   0   0   0   0   0   0   0   0   0   0   0   0   0   1 
  1   0   0   0   0   0   0   1   1   0   0   0   0   0   0   1 
  1   0   0   0   0   0   0   0   0   0   0   0   0   0   0   0 
  1   1   1   1   1   1   1   0   1   0   0   0   0   0   0   0 
  0   0   0   0   0   0   0   1   1   0   0   0   0   0   0   0 
  0   0   0   0   0   0   0   0   0   0   0   0   0   0   0   1 
  1   0   0   0   0   0   0   1   1   0   0   0   0   0   0   1 
  1   0   0   0   0   0   0   1   1   0   0   0   0   0   0   0 
  0   0   0   0   0   0   0   0   0   0   0   0   0   0   0   0 
  1   1   1   1   1   1   1   1   0   0   0   0   0   0   0   1 
  1   0   0   0   0   0   0   1   1   0   0   0   0   0   0   1 
  1   0   0   0   0   0   0   0   0   0   0   0   0   0   0   1 
 92   0   0   0   0   0   0   0   0   0   0   0   0   0   0   0 
  0   0   0   0   0   0   0   0   0   0   0   0   0   0   0   0 
  0   0   0   0   0   0   0   0   0   0   0   0   0   0   0   0 
  0   0   0   0   0   0   0   0   0   0   0   0   0   0   0   0 
  0   0   0   0   0   0   0   0   0   0   0   0   0   0   0   0 
  0   0   0   0   0   0   0   0   0   0   0   0   0   0   0   0 
  0   0   0   0   0   0   0   0   0   0   0   0   0   0   0   0 
  0   0   0   0   0   0   0   0   0   0   0   0   0   0   0   0 
  0   0   0   0   0   0   0   0   0   0   0   0   0   0   0   0 
  0   0   0   0   0   0   0   0   0   0   0   0   0   0   0   0 
  1   1   1   1   1   1   1   1   1   1   1   1   1   1   1   1 
  1   1   1   1   1   1   1   1   1   1   1   1   1   1   1   1 
  1   1   1   1   1   1   1   1   0   0   0   0   0   0   0   1 
  1   1   1   1   1   1   1   1   0   1   1   1   1   1   1   1 
  1   0   0   0   0   0   0   0   0   0   0   0   0   0   0   0 
  1   1   1   1   1   1   1   1   1   0   0   0   0   0   0   0 
  1   1   1   1   1   1   1   1   1   0   0   0   0   0   0   0 
  0   0   0   0   0   0   0   0   0   0   0   0   0   0   0   1 
  1   1   1   1   1   1   1   1   1   0   0   0   0   0   0   1 
  1   1   1   1   1   1   1   1   1   0   0   0   0   0   0   0 
  0   0   0   0   0   0   0   0   0   0   0   0   0   0   0   0 
  1   1   1   1   1   1   1   1   0   0   0   0   0   0   0   1 
  1   1   1   1   1   1   1   1   1   0   0   0   0   0   0   1 
  2   1   1   1   1   1   1   2   1   0   0   0   0   0   0   1 
 92   0   0   0   0   0   0   0   0   0   0   0   0   0   0   0 
  0   0   0   0   0   0   0   0   0   0   0   0   0   0   0   0 
  0   0   0   0   0   0   0   0   0   0   0   0   0   0   0   0 
  0   0   0   0   0   0   0   0   0   0   0   0   0   0   0   0 
  0   0   0   0   0   0   0   0   0   0   0   0   0   0   0   0 
  0   0   0   0   0   0   0   0   0   0   0   0   0   0   0   0 
  0   0   0   0   0   0   0   0   0   0   0   0   0   0   0   0 
  0   0   0   0   0   0   0   0   0   0   0   0   0   0   0   0 
  0   0   0   0   0   0   0   0   0   0   0   0   0   0   0   0 
  0   0   0   0   0   0   0   0   0   0   0   0   0   0   0   1 
  1   1   1   1   1   1   1   1   1   1   1   1   1   1   1   1 
  1   1   1   1   1   1   1   1   1   1   1   1   1   1   1   1 
  1   1   1   1   1   1   1   1   1   0   0   0   0   0   0   0 
  1   1   1   1   1   1   1   0   1   1   1   1   1   1   1   1 
  0   0   0   0   0   0   0   0   0   0   0   0   0   0   0   1 
  1   1   1   1   1   1   1   1   0   0   0   0   0   0   0   1 
  1   1   1   1   1   1   1   1   0   0   0   0   0   0   0   0 
  0   0   0   0   0   0   0   0   0   0   0   0   0   0   0   0 
  1   1   1   1   1   1   1   1   0   0   0   0   0   0   0   0 
  1   1   1   1   1   1   1   1   0   0   0   0   0   0   0   0 
  0   0   0   0   0   0   0   0   0   0   0   0   0   0   0   1 
  1   1   1   1   1   1   1   1   1   0   0   0   0   0   0   0 
  1   1   1   1   1   1   1   1   0   0   0   0   0   0   0   1 
  1   1   1   1   1   1   1   1   0   0   0   0   0   0   0   1 
 91   0   0   0   0   0   0   0   0   0   0   0   0   0   0   0 
  0   0   0   0   0   0   0   0   0   0   0   0   0   0   0   0 
  0   0   0   0   0   0   0   0   0   0   0   0   0   0   0   0 
  0   0   0   0   0   0   0   0   0   0   0   0   0   0   0   0 
  0   0   0   0   0   0   0   0   0   0   0   0   0   0   0   0 
  0   0   0   0   0   0   0   0   0   0   0   0   0   0   0   0 
  0   0   0   0   0   0   0   0   0   0   0   0   0   0   0   0 
  0   0   0   0   0   0   0   0   0   0   0   0   0   0   0   0 
  0   0   0   0   0   0   0   0   0   0   0   0   0   0   0   0 
  0   0   0   0   0   0   0   0   0   0   0   0   0   0   0   1 
  0   1   1   1   1   1   1   1   1   1   1   1   1   1   1   1 
  1   1   1   1   1   1   1   1   1   1   1   1   1   1   1   1 
  1   1   1   1   1   1   1   0   1   0   0   0   0   0   0   0 
  1   1   1   1   1   1   1   1   0   1   1   1   1   1   1   1 
  0   0   0   0   0   0   0   0   0   0   0   0   0   0   0   1 
  1   1   1   1   1   1   1   1   0   0   0   0   0   0   0   1 
  0   1   1   1   1   1   1   1   0   0   0   0   0   0   0   0 
  0   0   0   0   0   0   0   0   0   0   0   0   0   0   0   0 
  1   1   1   1   1   1   1   1   0   0   0   0   0   0   0   0 
  1   1   1   1   1   1   1   1   0   0   0   0   0   0   0   0 
  0   0   0   0   0   0   0   0   0   0   0   0   0   0   0   1 
  1   1   1   1   1   1   1   1   1   0   0   0   0   0   0   0 
  1   1   1   1   1   1   1   1   0   0   0   0   0   0   0   1 
  1   1   1   1   1   1   1   2   1   0   0   0   0   0   0   1 
 91   0   0   0   0   0   0   0   0   0   0   0   0   0   0   0 
  0   0   0   0   0   0   0   0   0   0   0   0   0   0   0   0 
  0   0   0   0   0   0   0   0   0   0   0   0   0   0   0   0 
  0   0   0   0   0   0   0   0   0   0   0   0   0   0   0   0 
  0   0   0   0   0   0   0   0   0   0   0   0   0   0   0   0 
  0   0   0   0   0   0   0   0   0   0   0   0   0   0   0   0 
  0   0   0   0   0   0   0   0   0   0   0   0   0   0   0   0 
  0   0   0   0   0   0   0   0   0   0   0   0   0   0   0   0 
  0   0   0   0   0   0   0   0   0   0   0   0   0   0   0   0 
  0   0   0   0   0   0   0   0   0   0   0   0   0   0   0   1 
  2   1   1   1   1   1   1   1   1   1   1   1   1   1   1   1 
  1   1   1   1   1   1   1   1   1   1   1   1   1   1   1   1 
  1   1   1   1   1   1   1   2   1   0   0   0   0   0   0   1 
  1   1   1   1   1   1   1   0   1   1   1   1   1   1   1   1 
  1   0   0   0   0   0   0   0   0   0   0   0   0   0   0   0 
  1   1   1   1   1   1   1   1   1   0   0   0   0   0   0   1 
  2   1   1   1   1   1   1   1   1   0   0   0   0   0   0   0 
  0   0   0   0   0   0   0   0   0   0   0   0   0   0   0   1 
  1   1   1   1   1   1   1   1   1   0   0   0   0   0   0   1 
  1   1   1   1   1   1   1   1   1   0   0   0   0   0   0   0 
  0   0   0   0   0   0   0   0   0   0   0   0   0   0   0   0 
  1   1   1   1   1   1   1   1   0   0   0   0   0   0   0   1 
  1   1   1   1   1   1   1   1   1   0   0   0   0   0   0   1 
  2   1   1   1   1   1   1   3   2   0   0   0   0   0   0   1 
 90   0   0   0   0   0   0   0   0   0   0   0   0   0   0   0 
  0   0   0   0   0   0   0   0   0   0   0   0   0   0   0   0 
  0   0   0   0   0   0   0   0   0   0   0   0   0   0   0   0 
  0   0   0   0   0   0   0   0   0   0   0   0   0   0   0   0 
  0   0   0   0   0   0   0   0   0   0   0   0   0   0   0   0 
  0   0   0   0   0   0   0   0   0   0   0   0   0   0   0   0 
  0   0   0   0   0   0   0   0   0   0   0   0   0   0   0   0 
  0   0   0   0   0   0   0   0   0   0   0   0   0   0   0   0 
  0   0   0   0   0   0   0   0   0   0   0   0   0   0   0   0 
  0   0   0   0   0   0   0   0   0   0   0   0   0   0   0   1 
  1   0   0   0   0   0   0   0   0   0   0   0   0   0   0   0 
  0   0   0   0   0   0   0   0   0   0   0   0   0   0   0   0 
  0   0   0   0   0   0   0   1   1   0   0   0   0   0   0   1 
  1   0   0   0   0   0   0   1   1   0   0   0   0   0   0   1 
  1   0   0   0   0   0   0   0   0   0   0   0   0   0   0   0 
  1   1   1   1   1   1   1   0   1   0   0   0   0   0   0   1 
  1   0   0   0   0   0   0   1   1   0   0   0   0   0   0   0 
  0   0   0   0   0   0   0   0   0   0   0   0   0   0   0   1 
  1   0   0   0   0   0   0   1   1   0   0   0   0   0   0   1 
  1   0   0   0   0   0   0   1   1   0   0   0   0   0   0   0 
  0   0   0   0   0   0   0   0   0   0   0   0   0   0   0   0 
  1   1   1   1   1   1   1   1   0   0   0   0   0   0   0   1 
  1   0   0   0   0   0   0   1   1   0   0   0   0   0   0   1 
  1   0   0   0   0   0   0   1   1   0   0   0   0   0   0   1 
 90   0   0   0   0   0   0   0   0   0   0   0   0   0   0   0 
  0   0   0   0   0   0   0   0   0   0   0   0   0   0   0   0 
  1   1   1   1   1   1   1   1   1   1   1   1   1   1   1   1 
  0   0   0   0   0   0   0   0   0   0   0   0   0   0   0   0 
  1   1   1   1   1   1   1   1   1   1   1   1   1   1   1   1 
  0   0   0   0   0   0   0   0   0   0   0   0   0   0   0   0 
  0   0   0   0   0   0   0   0   0   0   0   0   0   0   0   0 
  0   0   0   0   0   0   0   0   0   0   0   0   0   0   0   0 
  1   1   1   1   1   1   1   1   0   0   0   0   0   0   0   0 
  0   0   0   0   0   0   0   0   1   1   1   1   1   1   1   2 
  2   1   1   1   1   1   1   1   1   1   1   1   1   1   1   1 
  1   1   1   1   1   1   1   1   1   1   1   1   1   1   1   1 
  1   1   1   1   1   1   1   2   2   1   1   1   1   1   1   1 
  1   0   0   0   0   0   0   1   1   1   1   1   1   1   1   1 
  1   0   0   0   0   0   0   0   0   0   0   0   0   0   0   1 
  2   1   1   1   1   1   1   2   2   1   1   1   1   1   1   2 
  2   1   1   1   1   1   1   1   1   1   1   1   1   1   1   1 
  0   0   0   0   0   0   0   0   0   0   0   0   0   0   0   1 
  1   0   0   0   0   0   0   1   1   1   1   1   1   1   1   1 
  1   0   0   0   0   0   0   1   0   1   1   0   0   1   1   1 
  0   0   0   0   0   0   0   0   0   0   0   0   0   0   0   1 
  1   1   1   1   1   1   1   1   1   0   0   0   0   0   0   1 
  1   1   1   1   1   1   1   1   1   0   0   0   0   0   0   0 
  1   1   1   1   1   1   1   0   2   1   1   1   1   0   0   1 
 90   0   0   0   0   0   0   0   0   0   0   0   0   0   0   0 
  0   0   0   0   0   0   0   0   0   0   0   0   0   0   0   1 
  1   1   1   1   1   1   1   1   1   1   1   1   1   1   1   1 
  1   0   0   0   0   0   0   0   0   0   0   0   0   0   0   1 
  1   1   1   1   1   1   1   1   1   1   1   1   1   1   1   1 
  1   0   0   0   0   0   0   0   0   0   0   0   0   0   0   0 
  0   0   0   0   0   0   0   0   0   0   0   0   0   0   0   0 
  0   0   0   0   0   0   0   0   0   0   0   0   0   0   0   1 
  1   1   1   1   1   1   1   1   1   0   0   0   0   0   0   0 
  0   0   0   0   0   0   0   1   1   1   1   1   1   1   1   1 
  1   1   1   1   1   1   1   1   1   1   1   1   1   1   1   1 
  1   1   1   1   1   1   1   1   1   1   1   1   1   1   1   1 
  1   1   1   1   1   1   1   1   1   1   1   1   1   1   1   1 
  0   0   0   0   0   0   0   0   1   1   1   1   1   1   1   1 
  0   0   0   0   0   0   0   0   0   0   0   0   0   0   0   0 
  1   1   1   1   1   1   1   1   1   1   1   1   1   1   1   1 
  1   1   1   1   1   1   1   1   1   1   1   1   1   1   1   1 
  1   0   0   0   0   0   0   0   0   0   0   0   0   0   0   1 
  1   0   0   0   0   0   0   0   1   1   1   1   1   1   1   1 
  0   0   0   0   0   0   0   1   2   1   1   1   1   1   1   1 
  1   0   0   0   0   0   0   0   0   0   0   0   0   0   0   1 
  1   0   0   0   0   0   0   1   1   0   0   0   0   0   0   0 
  1   1   1   1   1   1   1   1   0   0   0   0   0   0   0   0 
  0   0   0   0   0   0   0   1   2   1   2   0   1   1   0   1 
 89   0   0   0   0   0   0   0   0   0   0   0   0   0   0   0 
  0   0   0   0   0   0   0   0   0   0   0   0   0   0   0   1 
  1   0   0   0   0   0   0   0   0   0   0   0   0   0   0   1 
  1   0   0   0   0   0   0   0   0   0   0   0   0   0   0   1 
  1   0   0   0   0   0   0   0   0   0   0   0   0   0   0   1 
  1   0   0   0   0   0   0   0   0   0   0   0   0   0   0   0 
  0   0   0   0   0   0   0   0   0   0   0   0   0   0   0   0 
  0   0   0   0   0   0   0   0   0   0   0   0   0   0   0   1 
  1   0   0   0   0   0   0   1   1   0   0   0   0   0   0   0 
  0   0   0   0   0   0   0   1   1   0   0   0   0   0   0   0 
  0   0   0   0   0   0   0   0   0   0   0   0   0   0   0   0 
  0   0   0   0   0   0   0   0   0   0   0   0   0   0   0   0 
  0   0   0   0   0   0   0   0   0   0   0   0   0   0   0   0 
  0   0   0   0   0   0   0   0   0   0   0   0   0   0   0   0 
  0   0   0   0   0   0   0   0   0   0   0   0   0   0   0   0 
  0   0   0   0   0   0   0   0   0   0   0   0   0   0   0   0 
  0   0   0   0   0   0   0   1   1   0   0   0   0   0   0   1 
  1   0   0   0   0   0   0   0   0   0   0   0   0   0   0   1 
  1   0   0   0   0   0   0   0   0   0   0   0   0   0   0   0 
  0   0   0   0   0   0   0   1   1   0   1   1   1   1   0   1 
  1   0   0   0   0   0   0   0   0   0   0   0   0   0   0   1 
  1   0   0   0   0   0   0   1   1   0   0   0   0   0   0   0 
  0   0   0   0   0   0   0   0   0   0   0   0   0   0   0   0 
  0   0   0   0   0   0   0   1   1   0   1   1   1   1   0   1 
 89   0   0   0   0   0   0   0   0   0   0   0   0   0   0   0 
  0   0   0   0   0   0   0   0   0   0   0   0   0   0   0   1 
  1   1   1   1   1   1   1   1   1   1   1   1   1   1   1   1 
  0   1   1   1   1   1   1   1   1   1   1   1   1   1   1   0 
  1   1   1   1   1   1   1   1   1   1   1   1   1   1   1   1 
  1   0   0   0   0   0   0   0   1   1   1   1   1   1   1   1 
  1   1   1   1   1   1   1   1   1   1   1   1   1   1   1   1 
  1   1   1   1   1   1   1   1   1   1   1   1   1   1   1   1 
  1   0   0   0   0   0   0   1   1   0   0   0   0   0   0   0 
  1   1   1   1   1   1   1   1   1   0   0   0   0   0   0   0 
  0   0   0   0   0   0   0   0   0   0   0   0   0   0   0   0 
  0   0   0   0   0   0   0   0   0   0   0   0   0   0   0   0 
  0   0   0   0   0   0   0   0   0   0   0   0   0   0   0   0 
  0   0   0   0   0   0   0   0   0   0   0   0   0   0   0   0 
  1   1   1   1   1   1   1   1   0   0   0   0   0   0   0   0 
  1   1   1   1   1   1   1   1   1   1   1   1   1   1   1   1 
  1   1   1   1   1   1   1   1   1   0   0   0   0   0   0   1 
  1   1   1   1   1   1   1   1   1   1   1   1   1   1   1   1 
  1   0   0   0   0   0   0   0   0   0   0   0   0   0   0   0 
  0   0   0   0   0   0   0   1   2   1   1   0   0   1   1   1 
  1   0   0   0   0   0   0   0   1   1   1   1   1   1   1   1 
  1   0   0   0   0   0   0   1   1   1   1   1   1   1   1   1 
  1   1   1   1   1   1   1   1   0   0   0   0   0   0   0   0 
  0   0   0   0   0   0   0   1   1   0   1   1   1   1   0   1 
 89   0   0   0   0   0   0   0   0   0   0   0   0   0   0   0 
  0   0   0   0   0   0   0   0   0   0   0   0   0   0   0   0 
  1   1   1   1   1   1   1   1   1   1   1   1   1   1   1   0 
  1   1   1   1   1   1   1   1   1   1   1   1   1   1   1   1 
  0   1   1   1   1   1   1   1   1   1   1   1   1   1   1   1 
  0   0   0   0   0   0   0   1   1   1   1   1   1   1   1   1 
  1   1   1   1   1   1   1   1   1   1   1   1   1   1   1   1 
  1   1   1   1   1   1   1   1   1   1   1   1   1   1   1   1 
  0   0   0   0   0   0   0   1   1   0   0   0   0   0   0   1 
  1   1   1   1   1   1   1   1   0   0   0   0   0   0   0   0 
  0   0   0   0   0   0   0   0   0   0   0   0   0   0   0   0 
  0   0   0   0   0   0   0   0   0   0   0   0   0   0   0   0 
  0   0   0   0   0   0   0   0   0   0   0   0   0   0   0   0 
  0   0   0   0   0   0   0   0   0   0   0   0   0   0   0   1 
  1   1   1   1   1   1   1   1   1   0   0   0   0   0   0   1 
  1   1   1   1   1   1   1   1   1   1   1   1   1   1   1   1 
  1   1   1   1   1   1   1   1   0   0   0   0   0   0   0   0 
  1   1   1   1   1   1   1   1   1   1   1   1   1   1   1   1 
  0   0   0   0   0   0   0   0   0   0   0   0   0   0   0   0 
  0   0   0   0   0   0   0   1   0   1   0   0   0   0   1   1 
  0   0   0   0   0   0   0   1   1   1   1   1   1   1   1   1 
  0   0   0   0   0   0   0   0   1   1   1   1   1   1   1   1 
  1   1   1   1   1   1   1   1   1   0   0   0   0   0   0   0 
  0   0   0   0   0   0   0   1   1   0   1   1   1   1   0   1 
 88   0   0   0   0   0   0   0   0   0   0   0   0   0   0   0 
  0   0   0   0   0   0   0   0   0   0   0   0   0   0   0   0 
  1   1   1   1   1   1   1   1   1   1   1   1   1   1   1   1 
  0   1   1   1   1   1   1   1   1   1   1   1   1   1   1   0 
  1   1   1   1   1   1   1   1   1   1   1   1   1   1   1   1 
  0   0   0   0   0   0   0   1   0   1   1   1   1   1   1   1 
  1   1   1   1   1   1   1   1   1   1   1   1   1   1   1   1 
  1   1   1   1   1   1   1   1   1   1   1   1   1   1   1   1 
  0   0   0   0   0   0   0   1   1   0   0   0   0   0   0   1 
  0   1   1   1   1   1   1   1   0   0   0   0   0   0   0   0 
  0   0   0   0   0   0   0   0   0   0   0   0   0   0   0   0 
  0   0   0   0   0   0   0   0   0   0   0   0   0   0   0   0 
  0   0   0   0   0   0   0   0   0   0   0   0   0   0   0   0 
  0   0   0   0   0   0   0   0   0   0   0   0   0   0   0   1 
  0   1   1   1   1   1   1   0   1   0   0   0   0   0   0   1 
  0   1   1   1   1   1   1   1   1   1   1   1   1   1   1   1 
  1   1   1   1   1   1   1   1   0   0   0   0   0   0   0   0 
  1   1   1   1   1   1   1   1   1   1   1   1   1   1   1   1 
  0   0   0   0   0   0   0   0   0   0   0   0   0   0   0   0 
  0   0   0   0   0   0   0   1   1   1   0   0   0   0   1   1 
  0   0   0   0   0   0   0   1   0   1   1   1   1   1   1   1 
  0   0   0   0   0   0   0   0   1   1   1   1   1   1   1   1 
  1   1   1   1   1   1   1   0   1   0   0   0   0   0   0   0 
  0   0   0   0   0   0   0   1   1   0   1   1   1   1   0   1 
 88   0   0   0   0   0   0   0   0   0   0   0   0   0   0   0 
  0   0   0   0   0   0   0   0   0   0   0   0   0   0   0   1 
  1   1   1   1   1   1   1   1   1   1   1   1   1   1   1   0 
  1   1   1   1   1   1   1   1   1   1   1   1   1   1   1   1 
  0   1   1   1   1   1   1   1   1   1   1   1   1   1   1   1 
  1   0   0   0   0   0   0   1   2   1   1   1   1   1   1   1 
  1   1   1   1   1   1   1   1   1   1   1   1   1   1   1   1 
  1   1   1   1   1   1   1   1   1   1   1   1   1   1   1   1 
  1   0   0   0   0   0   0   1   1   0   0   0   0   0   0   1 
  2   1   1   1   1   1   1   1   1   0   0   0   0   0   0   0 
  0   0   0   0   0   0   0   0   0   0   0   0   0   0   0   0 
  0   0   0   0   0   0   0   0   0   0   0   0   0   0   0   0 
  0   0   0   0   0   0   0   0   0   0   0   0   0   0   0   0 
  0   0   0   0   0   0   0   0   0   0   0   0   0   0   0   1 
  2   1   1   1   1   1   1   2   1   0   0   0   0   0   0   1 
  2   1   1   1   1   1   1   1   1   1   1   1   1   1   1   1 
  1   1   1   1   1   1   1   1   1   0   0   0   0   0   0   1 
  1   1   1   1   1   1   1   1   1   1   1   1   1   1   1   1 
  1   0   0   0   0   0   0   0   0   0   0   0   0   0   0   0 
  0   0   0   0   0   0   0   0   1   1   1   0   0   1   1   1 
  1   0   0   0   0   0   0   1   2   1   1   1   1   1   1   1 
  1   0   0   0   0   0   0   1   1   1   1   1   1   1   1   1 
  1   1   1   1   1   1   1   2   1   0   0   0   0   0   0   0 
  0   0   0   0   0   0   0   1   1   0   1   1   1   1   0   1 
 88   0   0   0   0   0   0   0   0   0   0   0   0   0   0   0 
  0   0   0   0   0   0   0   0   0   0   0   0   0   0   0   1 
  1   0   0   0   0   0   0   0   0   0   0   0   0   0   0   1 
  1   0   0   0   0   0   0   0   0   0   0   0   0   0   0   1 
  1   0   0   0   0   0   0   0   0   0   0   0   0   0   0   1 
  1   0   0   0   0   0   0   1   1   0   0   0   0   0   0   0 
  0   0   0   0   0   0   0   0   0   0   0   0   0   0   0   0 
  0   0   0   0   0   0   0   0   0   0   0   0   0   0   0   1 
  1   0   0   0   0   0   0   1   1   0   0   0   0   0   0   1 
  1   0   0   0   0   0   0   1   1   0   0   0   0   0   0   0 
  0   0   0   0   0   0   0   0   0   0   0   0   0   0   0   0 
  0   0   0   0   0   0   0   0   0   0   0   0   0   0   0   0 
  0   0   0   0   0   0   0   0   0   0   0   0   0   0   0   0 
  0   0   0   0   0   0   0   0   0   0   0   0   0   0   0   1 
  1   0   0   0   0   0   0   1   1   0   0   0   0   0   0   1 
  1   0   0   0   0   0   0   0   0   0   0   0   0   0   0   0 
  0   0   0   0   0   0   0   1   1   0   0   0   0   0   0   1 
  1   0   0   0   0   0   0   0   0   0   0   0   0   0   0   1 
  1   0   0   0   0   0   0   0   0   0   0   0   0   0   0   0 
  0   0   0   0   0   0   0   0   0   0   1   1   1   1   0   1 
  1   0   0   0   0   0   0   1   1   0   0   0   0   0   0   1 
  1   0   0   0   0   0   0   1   1   0   0   0   0   0   0   0 
  0   0   0   0   0   0   0   1   1   0   0   0   0   0   0   0 
  0   0   0   0   0   0   0   1   1   0   1   1   1   1   0   1 
 88   1   1   1   1   1   1   1   1   1   1   1   1   1   1   1 
  0   0   0   1   1   1   1   1   1   1   1   1   1   1   1   1 
  1   0   0   0   0   0   0   0   0   0   0   0   0   0   0   1 
  1   1   1   1   1   1   1   1   1   1   1   1   1   1   1   1 
  1   0   0   0   0   0   0   0   0   0   0   0   0   0   0   1 
  1   1   1   1   1   1   1   2   2   1   1   1   1   1   1   1 
  1   1   1   1   1   1   1   1   1   1   1   1   1   1   1   1 
  1   1   1   1   1   1   1   1   1   1   1   1   1   1   1   2 
  1   0   0   0   0   0   0   1   2   1   1   1   1   1   1   2 
  2   1   1   1   1   0   0   1   1   1   1   1   1   1   1   1 
  1   1   1   1   1   1   1   1   0   0   0   0   0   0   0   0 
  1   1   1   1   1   1   1   1   1   1   1   1   1   1   1   1 
  1   1   1   1   1   1   1   1   1   1   1   1   1   1   1   1 
  1   1   1   1   1   1   1   1   1   1   1   1   1   1   1   2 
  2   1   1   1   1   1   1   2   2   1   1   1   1   1   1   2 
  2   1   1   1   1   1   1   1   1   1   1   1   1   1   1   1 
  1   1   1   1   1   1   1   1   1   0   0   0   0   0   0   1 
  1   1   1   1   1   1   1   1   1   1   1   1   1   1   1   1 
  1   0   0   0   0   0   0   0   0   0   0   0   0   0   0   0 
  0   0   0   0   0   0   0   0   0   0   1   1   0   2   1   2 
  0   1   1   1   1   1   1   2   2   1   1   1   1   1   1   1 
  1   0   0   0   0   0   0   1   1   1   1   1   1   1   1   1 
  1   1   1   1   1   1   1   2   2   1   1   1   1   1   1   1 
  1   1   1   1   1   1   1   1   1   0   1   1   0   2   1   2 
 86   1   1   1   1   1   1   1   1   1   1   1   1   1   1   1 
  1   0   1   1   0   2   1   2   0   1   1   1   1   1   1   1 
  0   0   0   0   0   0   0   0   0   0   0   0   0   0   0   0 
  1   1   1   1   1   1   1   1   1   1   1   1   1   1   1   1 
  0   0   0   0   0   0   0   0   0   0   0   0   0   0   0   0 
  1   1   1   1   1   1   1   1   1   1   1   1   1   1   1   1 
  1   1   1   1   1   1   1   1   1   1   1   1   1   1   1   1 
  1   1   1   1   1   1   1   0   2   1   1   1   1   1   1   2 
  1   0   0   0   0   0   0   1   2   1   1   1   1   1   1   2 
  2   1   2   0   1   1   0   0   1   1   1   1   1   1   1   2 
  2   1   1   1   1   1   1   1   1   0   0   0   0   0   0   1 
  1   1   1   1   1   1   1   2   2   1   1   1   1   1   1   2 
  2   1   1   1   1   1   1   2   2   1   1   1   1   1   1   2 
  2   1   1   1   1   1   1   1   1   1   1   1   1   1   1   1 
  1   1   1   1   1   1   1   1   1   1   1   1   1   1   1   1 
  1   1   1   1   1   1   1   1   1   1   1   1   1   1   1   1 
  1   1   1   1   1   1   1   1   0   0   0   0   0   0   0   0 
  1   1   1   1   1   1   1   1   1   1   1   1   1   1   1   1 
  0   0   0   0   0   0   0   0   0   0   0   0   0   0   0   0 
  0   0   0   0   0   0   0   0   0   0   0   1   1   1   1   1 
  1   1   1   1   1   1   1   1   1   1   1   1   1   1   1   1 
  0   0   0   0   0   0   0   0   1   1   1   1   1   1   1   1 
  1   1   1   1   1   1   1   1   1   1   1   1   1   1   1   1 
  1   1   1   1   1   1   1   1   0   0   0   1   1   1   1   1 
 86   0   0   0   0   0   0   0   0   0   0   0   0   0   0   1 
  1   0   1   1   1   1   0   1   1   0   0   0   0   0   0   0 
  0   0   0   0   0   0   0   0   0   0   0   0   0   0   0   0 
  0   0   0   0   0   0   0   0   0   0   0   0   0   0   0   0 
  0   0   0   0   0   0   0   0   0   0   0   0   0   0   0   0 
  0   0   0   0   0   0   0   0   0   0   0   0   0   0   0   0 
  0   0   0   0   0   0   0   0   0   0   0   0   0   0   0   0 
  0   0   0   0   0   0   0   1   1   0   0   0   0   0   0   1 
  1   0   0   0   0   0   0   1   1   0   0   0   0   0   0   1 
  1   1   1   0   1   1   0   0   0   0   0   0   0   0   0   1 
  1   0   0   0   0   0   0   1   1   0   0   0   0   0   0   1 
  1   0   0   0   0   0   0   1   1   0   0   0   0   0   0   1 
  1   0   0   0   0   0   0   1   1   0   0   0   0   0   0   1 
  1   0   0   0   0   0   0   0   0   0   0   0   0   0   0   0 
  0   0   0   0   0   0   0   0   0   0   0   0   0   0   0   0 
  0   0   0   0   0   0   0   0   0   0   0   0   0   0   0   0 
  0   0   0   0   0   0   0   0   0   0   0   0   0   0   0   0 
  0   0   0   0   0   0   0   0   0   0   0   0   0   0   0   0 
  0   0   0   0   0   0   0   0   0   0   0   0   0   0   0   0 
  0   0   0   0   0   0   0   0   0   0   0   0   0   0   0   0 
  0   0   0   0   0   0   0   0   0   0   0   0   0   0   0   0 
  0   0   0   0   0   0   0   0   0   0   0   0   0   0   0   0 
  0   0   0   0   0   0   0   0   0   0   0   0   0   0   0   0 
  0   0   0   0   0   0   0   0   0   0   0   0   0   0   0   0 
 85   1   1   1   1   1   1   1   1   1   1   1   1   1   1   1 
  1   0   1   1   1   1   0   1   1   0   0   0   0   0   0   0 
  0   0   0   0   0   0   0   0   0   0   0   0   0   0   0   0 
  0   0   0   0   0   0   0   0   0   0   0   0   0   0   0   0 
  0   0   0   0   0   0   0   0   0   0   0   0   0   0   0   0 
  0   0   0   0   0   0   0   0   0   0   0   0   0   0   0   0 
  0   0   0   0   0   0   0   0   0   0   0   0   0   0   0   0 
  0   0   0   0   0   0   0   1   1   1   1   1   1   1   1   1 
  1   0   0   0   0   0   0   1   1   0   0   0   0   0   0   1 
  2   1   0   1   1   0   1   1   0   0   0   0   0   0   0   1 
  2   1   1   1   1   1   1   1   0   1   1   1   1   1   1   1 
  1   0   0   0   0   0   0   1   2   1   1   1   1   1   1   2 
  1   0   0   0   0   0   0   1   2   1   1   1   1   1   1   2 
  1   0   0   0   0   0   0   0   0   0   0   0   0   0   0   0 
  0   0   0   0   0   0   0   0   0   0   0   0   0   0   0   0 
  0   0   0   0   0   0   0   0   0   0   0   0   0   0   0   0 
  0   0   0   0   0   0   0   0   0   0   0   0   0   0   0   0 
  0   0   0   0   0   0   0   0   0   0   0   0   0   0   0   0 
  0   0   0   0   0   0   0   0   0   0   0   0   0   0   0   0 
  0   0   0   0   0   0   0   0   0   0   0   0   0   0   0   0 
  0   0   0   0   0   0   0   0   0   0   0   0   0   0   0   0 
  0   0   0   0   0   0   0   0   0   0   0   0   0   0   0   0 
  0   0   0   0   0   0   0   0   0   0   0   0   0   0   0   0 
  0   0   0   0   0   0   0   0   0   0   0   0   0   0   0   0 
 86   1   1   1   1   1   1   1   1   1   1   1   1   1   1   1 
  0   0   1   1   1   1   0   1   1   0   0   0   0   0   0   0 
  0   0   0   0   0   0   0   0   0   0   0   0   0   0   0   0 
  0   0   0   0   0   0   0   0   0   0   0   0   0   0   0   0 
  0   0   0   0   0   0   0   0   0   0   0   0   0   0   0   0 
  0   0   0   0   0   0   0   0   0   0   0   0   0   0   0   0 
  0   0   0   0   0   0   0   0   0   0   0   0   0   0   0   0 
  0   0   0   0   0   0   0   0   1   1   1   1   1   1   1   1 
  0   0   0   0   0   0   0   1   1   0   0   0   0   0   0   1 
  0   0   1   1   0   1   1   1   1   0   0   0   0   0   0   1 
  0   1   1   1   1   1   1   0   1   1   1   1   1   1   1   1 
  0   0   0   0   0   0   0   1   0   1   1   1   1   1   1   0 
  1   0   0   0   0   0   0   1   0   1   1   1   1   1   1   0 
  1   0   0   0   0   0   0   0   0   0   0   0   0   0   0   0 
  0   0   0   0   0   0   0   0   0   0   0   0   0   0   0   0 
  0   0   0   0   0   0   0   0   0   0   0   0   0   0   0   0 
  0   0   0   0   0   0   0   0   0   0   0   0   0   0   0   0 
  0   0   0   0   0   0   0   0   0   0   0   0   0   0   0   0 
  0   0   0   0   0   0   0   0   0   0   0   0   0   0   0   0 
  0   0   0   0   0   0   0   0   0   0   0   0   0   0   0   0 
  0   0   0   0   0   0   0   0   0   0   0   0   0   0   0   0 
  0   0   0   0   0   0   0   0   0   0   0   0   0   0   0   0 
  0   0   0   0   0   0   0   0   0   0   0   0   0   0   0   0 
  0   0   0   0   0   0   0   0   0   0   0   0   0   0   0   0 
 85   1   1   1   1   1   1   1   1   1   1   1   1   1   1   1 
  0   0   1   1   1   1   0   1   1   0   0   0   0   0   0   0 
  0   0   0   0   0   0   0   0   0   0   0   0   0   0   0   0 
  0   0   0   0   0   0   0   0   0   0   0   0   0   0   0   0 
  0   0   0   0   0   0   0   0   0   0   0   0   0   0   0   0 
  0   0   0   0   0   0   0   0   0   0   0   0   0   0   0   0 
  0   0   0   0   0   0   0   0   0   0   0   0   0   0   0   0 
  0   0   0   0   0   0   0   0   1   1   1   1   1   1   1   1 
  0   0   0   0   0   0   0   1   1   0   0   0   0   0   0   1 
  1   1   1   0   1   1   0   0   1   0   0   0   0   0   0   1 
  1   1   1   1   1   1   1   1   0   1   1   1   1   1   1   1 
  0   0   0   0   0   0   0   1   1   1   1   1   1   1   1   1 
  1   0   0   0   0   0   0   1   1   1   1   1   1   1   1   1 
  1   0   0   0   0   0   0   0   0   0   0   0   0   0   0   0 
  0   0   0   0   0   0   0   0   0   0   0   0   0   0   0   0 
  0   0   0   0   0   0   0   0   0   0   0   0   0   0   0   0 
  0   0   0   0   0   0   0   0   0   0   0   0   0   0   0   0 
  0   0   0   0   0   0   0   0   0   0   0   0   0   0   0   0 
  0   0   0   0   0   0   0   0   0   0   0   0   0   0   0   0 
  0   0   0   0   0   0   0   0   0   0   0   0   0   0   0   0 
  0   0   0   0   0   0   0   0   0   0   0   0   0   0   0   0 
  0   0   0   0   0   0   0   0   0   0   0   0   0   0   0   0 
  0   0   0   0   0   0   0   0   0   0   0   0   0   0   0   0 
  0   0   0   0   0   0   0   0   0   0   0   0   0   0   0   0 
 86   1   1   1   1   1   1   1   1   1   1   1   1   1   1   1 
  1   0   1   1   1   1   0   1   1   0   0   0   0   0   0   0 
  0   0   0   0   0   0   0   0   0   0   0   0   0   0   0   0 
  0   0   0   0   0   0   0   0   0   0   0   0   0   0   0   0 
  0   0   0   0   0   0   0   0   0   0   0   0   0   0   0   0 
  0   0   0   0   0   0   0   0   0   0   0   0   0   0   0   0 
  0   0   0   0   0   0   0   0   0   0   0   0   0   0   0   0 
  0   0   0   0   0   0   0   1   1   1   1   1   1   1   1   1 
  1   0   0   0   0   0   0   1   1   0   0   0   0   0   0   0 
  1   1   0   1   1   0   1   2   1   0   0   0   0   0   0   0 
  1   1   1   1   1   1   1   0   1   1   1   1   1   1   1   1 
  1   0   0   0   0   0   0   0   1   1   1   1   1   1   1   1 
  0   0   0   0   0   0   0   0   1   1   1   1   1   1   1   1 
  0   0   0   0   0   0   0   0   0   0   0   0   0   0   0   0 
  0   0   0   0   0   0   0   0   0   0   0   0   0   0   0   0 
  0   0   0   0   0   0   0   0   0   0   0   0   0   0   0   0 
  0   0   0   0   0   0   0   0   0   0   0   0   0   0   0   0 
  0   0   0   0   0   0   0   0   0   0   0   0   0   0   0   0 
  0   0   0   0   0   0   0   0   0   0   0   0   0   0   0   0 
  0   0   0   0   0   0   0   0   0   0   0   0   0   0   0   0 
  0   0   0   0   0   0   0   0   0   0   0   0   0   0   0   0 
  0   0   0   0   0   0   0   0   0   0   0   0   0   0   0   0 
  0   0   0   0   0   0   0   0   0   0   0   0   0   0   0   0 
  0   0   0   0   0   0   0   0   0   0   0   0   0   0   0   0 
 85   0   0   0   0   0   0   0   0   0   0   0   0   0   0   1 
  1   0   1   1   1   1   0   1   1   0   0   0   0   0   0   0 
  0   0   0   0   0   0   0   0   0   0   0   0   0   0   0   0 
  0   0   0   0   0   0   0   0   0   0   0   0   0   0   0   0 
  0   0   0   0   0   0   0   0   0   0   0   0   0   0   0   0 
  0   0   0   0   0   0   0   0   0   0   0   0   0   0   0   0 
  0   0   0   0   0   0   0   0   0   0   0   0   0   0   0   0 
  0   0   0   0   0   0   0   1   1   0   0   0   0   0   0   1 
  1   0   0   0   0   0   0   1   1   0   0   0   0   0   0   0 
  0   0   1   1   0   1   1   1   1   0   0   0   0   0   0   0 
  0   0   0   0   0   0   0   1   1   0   0   0   0   0   0   1 
  1   0   0   0   0   0   0   0   0   0   0   0   0   0   0   0 
  0   0   0   0   0   0   0   0   0   0   0   0   0   0   0   0 
  0   0   0   0   0   0   0   0   0   0   0   0   0   0   0   0 
  0   0   0   0   0   0   0   0   0   0   0   0   0   0   0   0 
  0   0   0   0   0   0   0   0   0   0   0   0   0   0   0   0 
  0   0   0   0   0   0   0   0   0   0   0   0   0   0   0   0 
  0   0   0   0   0   0   0   0   0   0   0   0   0   0   0   0 
  0   0   0   0   0   0   0   0   0   0   0   0   0   0   0   0 
  0   0   0   0   0   0   0   0   0   0   0   0   0   0   0   0 
  0   0   0   0   0   0   0   0   0   0   0   0   0   0   0   0 
  0   0   0   0   0   0   0   0   0   0   0   0   0   0   0   0 
  0   0   0   0   0   0   0   0   0   0   0   0   0   0   0   0 
  0   0   0   0   0   0   0   0   0   0   0   0   0   0   0   0 
 86   1   1   1   1   1   1   1   1   1   1   1   1   1   1   0 
  1   1   1   1   1   1   1   1   1   0   0   0   0   0   0   0 
  0   0   0   0   0   0   0   0   1   1   1   1   1   1   1   1 
  0   0   0   0   0   0   0   0   1   1   1   1   1   1   1   1 
  1   1   1   1   1   1   1   1   1   1   1   1   1   1   1   1 
  1   1   1   1   1   1   1   1   1   1   1   1   1   1   1   1 
  1   1   1   1   1   1   1   1   0   0   0   0   0   0   0   0 
  1   1   1   1   1   1   1   1   1   0   0   0   0   0   0   1 
  1   1   1   1   1   1   1   1   1   0   0   0   0   0   0   0 
  0   0   1   1   0   2   1   2   1   0   0   0   0   0   0   0 
  0   0   0   0   0   0   0   1   1   1   1   1   1   1   1   1 
  1   0   0   0   0   0   0   0   0   0   0   0   0   0   0   0 
  0   0   0   0   0   0   0   0   0   0   0   0   0   0   0   0 
  0   0   0   0   0   0   0   0   0   0   0   0   0   0   0   0 
  0   0   0   0   0   0   0   0   0   0   0   0   0   0   0   0 
  0   0   0   0   0   0   0   0   0   0   0   0   0   0   0   0 
  0   0   0   0   0   0   0   0   0   0   0   0   0   0   0   0 
  0   0   0   0   0   0   0   0   0   0   0   0   0   0   0   0 
  0   0   0   0   0   0   0   0   0   0   0   0   0   0   0   0 
  0   0   0   0   0   0   0   0   0   0   0   0   0   0   0   0 
  0   0   0   0   0   0   0   0   0   0   0   0   0   0   0   0 
  0   0   0   0   0   0   0   0   0   0   0   0   0   0   0   0 
  0   0   0   0   0   0   0   0   0   0   0   0   0   0   0   0 
  0   0   0   0   0   0   0   0   0   0   0   0   0   0   0   0 
 83   1   1   1   1   1   1   2   2   1   1   1   1   1   1   1 
  0   1   1   0   0   1   1   1   0   0   0   0   0   0   0   0 
  0   0   0   0   0   0   0   1   1   1   1   1   1   1   1   1 
  1   0   0   0   0   0   0   1   1   1   1   1   1   1   1   1 
  1   1   1   1   1   1   1   1   1   1   1   1   1   1   1   1 
  1   1   1   1   1   1   1   1   1   1   1   1   1   1   1   1 
  1   1   1   1   1   1   1   1   1   0   0   0   0   0   0   1 
  1   1   1   1   1   1   1   1   0   0   0   0   0   0   0   0 
  1   1   1   1   1   1   1   1   0   0   0   0   0   0   0   0 
  0   0   0   1   1   1   1   1   0   0   0   0   0   0   0   0 
  0   0   0   0   0   0   0   0   1   1   1   1   1   1   1   1 
  0   0   0   0   0   0   0   0   0   0   0   0   0   0   0   0 
  0   0   0   0   0   0   0   0   0   0   0   0   0   0   0   0 
  0   0   0   0   0   0   0   0   0   0   0   0   0   0   0   0 
  0   0   0   0   0   0   0   0   0   0   0   0   0   0   0   0 
  0   0   0   0   0   0   0   0   0   0   0   0   0   0   0   0 
  0   0   0   0   0   0   0   0   0   0   0   0   0   0   0   0 
  0   0   0   0   0   0   0   0   0   0   0   0   0   0   0   0 
  0   0   0   0   0   0   0   0   0   0   0   0   0   0   0   0 
  0   0   0   0   0   0   0   0   0   0   0   0   0   0   0   0 
  0   0   0   0   0   0   0   0   0   0   0   0   0   0   0   0 
  0   0   0   0   0   0   0   0   0   0   0   0   0   0   0   0 
  0   0   0   0   0   0   0   0   0   0   0   0   0   0   0   0 
  0   0   0   0   0   0   0   0   0   0   0   0   0   0   0   0 
 83   0   0   0   0   0   0   1   1   0   0   0   0   0   0   1 
  1   0   0   0   0   0   0   0   0   0   0   0   0   0   0   0 
  0   0   0   0   0   0   0   1   1   0   0   0   0   0   0   1 
  1   0   0   0   0   0   0   1   1   0   0   0   0   0   0   0 
  0   0   0   0   0   0   0   0   0   0   0   0   0   0   0   0 
  0   0   0   0   0   0   0   0   0   0   0   0   0   0   0   0 
  0   0   0   0   0   0   0   1   1   0   0   0   0   0   0   1 
  1   0   0   0   0   0   0   0   0   0   0   0   0   0   0   0 
  0   0   0   0   0   0   0   0   0   0   0   0   0   0   0   0 
  0   0   0   0   0   0   0   0   0   0   0   0   0   0   0   0 
  0   0   0   0   0   0   0   0   0   0   0   0   0   0   0   0 
  0   0   0   0   0   0   0   0   0   0   0   0   0   0   0   0 
  0   0   0   0   0   0   0   0   0   0   0   0   0   0   0   0 
  0   0   0   0   0   0   0   0   0   0   0   0   0   0   0   0 
  0   0   0   0   0   0   0   0   0   0   0   0   0   0   0   0 
  0   0   0   0   0   0   0   0   0   0   0   0   0   0   0   0 
  0   0   0   0   0   0   0   0   0   0   0   0   0   0   0   0 
  0   0   0   0   0   0   0   0   0   0   0   0   0   0   0   0 
  0   0   0   0   0   0   0   0   0   0   0   0   0   0   0   0 
  0   0   0   0   0   0   0   0   0   0   0   0   0   0   0   0 
  0   0   0   0   0   0   0   0   0   0   0   0   0   0   0   0 
  0   0   0   0   0   0   0   0   0   0   0   0   0   0   0   0 
  0   0   0   0   0   0   0   0   0   0   0   0   0   0   0   0 
  0   0   0   0   0   0   0   0   0   0   0   0   0   0   0   0 
 83   1   1   1   1   1   1   2   2   1   1   1   1   1   1   1 
  1   0   0   0   0   0   0   0   0   0   0   0   0   0   0   0 
  0   0   0   0   0   0   0   1   1   1   1   1   1   1   1   1 
  1   0   0   0   0   0   0   1   1   0   0   0   0   0   0   0 
  0   0   0   0   0   0   0   0   0   0   0   0   0   0   0   0 
  0   0   0   0   0   0   0   0   0   0   0   0   0   0   0   0 
  0   0   0   0   0   0   0   1   1   0   0   0   0   0   0   1 
  1   0   0   0   0   0   0   0   0   0   0   0   0   0   0   0 
  0   0   0   0   0   0   0   0   0   0   0   0   0   0   0   0 
  0   0   0   0   0   0   0   0   0   0   0   0   0   0   0   0 
  0   0   0   0   0   0   0   0   0   0   0   0   0   0   0   0 
  0   0   0   0   0   0   0   0   0   0   0   0   0   0   0   0 
  0   0   0   0   0   0   0   0   0   0   0   0   0   0   0   0 
  0   0   0   0   0   0   0   0   0   0   0   0   0   0   0   0 
  0   0   0   0   0   0   0   0   0   0   0   0   0   0   0   0 
  0   0   0   0   0   0   0   0   0   0   0   0   0   0   0   0 
  0   0   0   0   0   0   0   0   0   0   0   0   0   0   0   0 
  0   0   0   0   0   0   0   0   0   0   0   0   0   0   0   0 
  0   0   0   0   0   0   0   0   0   0   0   0   0   0   0   0 
  0   0   0   0   0   0   0   0   0   0   0   0   0   0   0   0 
  0   0   0   0   0   0   0   0   0   0   0   0   0   0   0   0 
  0   0   0   0   0   0   0   0   0   0   0   0   0   0   0   0 
  0   0   0   0   0   0   0   0   0   0   0   0   0   0   0   0 
  0   0   0   0   0   0   0   0   0   0   0   0   0   0   0   0 
 84   1   1   1   1   1   1   1   1   1   1   1   1   1   1   1 
  0   0   0   0   0   0   0   0   0   0   0   0   0   0   0   0 
  0   0   0   0   0   0   0   0   1   1   1   1   1   1   1   1 
  0   0   0   0   0   0   0   1   1   0   0   0   0   0   0   0 
  0   0   0   0   0   0   0   0   0   0   0   0   0   0   0   0 
  0   0   0   0   0   0   0   0   0   0   0   0   0   0   0   0 
  0   0   0   0   0   0   0   1   1   0   0   0   0   0   0   1 
  1   0   0   0   0   0   0   0   0   0   0   0   0   0   0   0 
  0   0   0   0   0   0   0   0   0   0   0   0   0   0   0   0 
  0   0   0   0   0   0   0   0   0   0   0   0   0   0   0   0 
  0   0   0   0   0   0   0   0   0   0   0   0   0   0   0   0 
  0   0   0   0   0   0   0   0   0   0   0   0   0   0   0   0 
  0   0   0   0   0   0   0   0   0   0   0   0   0   0   0   0 
  0   0   0   0   0   0   0   0   0   0   0   0   0   0   0   0 
  0   0   0   0   0   0   0   0   0   0   0   0   0   0   0   0 
  0   0   0   0   0   0   0   0   0   0   0   0   0   0   0   0 
  0   0   0   0   0   0   0   0   0   0   0   0   0   0   0   0 
  0   0   0   0   0   0   0   0   0   0   0   0   0   0   0   0 
  0   0   0   0   0   0   0   0   0   0   0   0   0   0   0   0 
  0   0   0   0   0   0   0   0   0   0   0   0   0   0   0   0 
  0   0   0   0   0   0   0   0   0   0   0   0   0   0   0   0 
  0   0   0   0   0   0   0   0   0   0   0   0   0   0   0   0 
  0   0   0   0   0   0   0   0   0   0   0   0   0   0   0   0 
  0   0   0   0   0   0   0   0   0   0   0   0   0   0   0   0 
 82   1   1   1   1   1   1   1   1   1   1   1   1   1   1   1 
  0   0   0   0   0   0   0   0   0   0   0   0   0   0   0   0 
  0   0   0   0   0   0   0   0   1   1   1   1   1   1   1   1 
  0   0   0   0   0   0   0   1   1   0   0   0   0   0   0   0 
  0   0   0   0   0   0   0   0   0   0   0   0   0   0   0   0 
  0   0   0   0   0   0   0   0   0   0   0   0   0   0   0   0 
  0   0   0   0   0   0   0   1   1   0   0   0   0   0   0   1 
  1   0   0   0   0   0   0   0   0   0   0   0   0   0   0   0 
  0   0   0   0   0   0   0   0   0   0   0   0   0   0   0   0 
  0   0   0   0   0   0   0   0   0   0   0   0   0   0   0   0 
  0   0   0   0   0   0   0   0   0   0   0   0   0   0   0   0 
  0   0   0   0   0   0   0   0   0   0   0   0   0   0   0   0 
  0   0   0   0   0   0   0   0   0   0   0   0   0   0   0   0 
  0   0   0   0   0   0   0   0   0   0   0   0   0   0   0   0 
  0   0   0   0   0   0   0   0   0   0   0   0   0   0   0   0 
  0   0   0   0   0   0   0   0   0   0   0   0   0   0   0   0 
  0   0   0   0   0   0   0   0   0   0   0   0   0   0   0   0 
  0   0   0   0   0   0   0   0   0   0   0   0   0   0   0   0 
  0   0   0   0   0   0   0   0   0   0   0   0   0   0   0   0 
  0   0   0   0   0   0   0   0   0   0   0   0   0   0   0   0 
  0   0   0   0   0   0   0   0   0   0   0   0   0   0   0   0 
  0   0   0   0   0   0   0   0   0   0   0   0   0   0   0   0 
  0   0   0   0   0   0   0   0   0   0   0   0   0   0   0   0 
  0   0   0   0   0   0   0   0   0   0   0   0   0   0   0   0 
 84   1   1   1   1   1   1   2   2   1   1   1   1   1   1   1 
  1   0   0   0   0   0   0   0   0   0   0   0   0   0   0   0 
  0   0   0   0   0   0   0   1   1   1   1   1   1   1   1   1 
  1   0   0   0   0   0   0   1   1   0   0   0   0   0   0   0 
  0   0   0   0   0   0   0   0   0   0   0   0   0   0   0   0 
  0   0   0   0   0   0   0   0   0   0   0   0   0   0   0   0 
  0   0   0   0   0   0   0   1   1   0   0   0   0   0   0   1 
  1   0   0   0   0   0   0   0   0   0   0   0   0   0   0   0 
  0   0   0   0   0   0   0   0   0   0   0   0   0   0   0   0 
  0   0   0   0   0   0   0   0   0   0   0   0   0   0   0   0 
  0   0   0   0   0   0   0   0   0   0   0   0   0   0   0   0 
  0   0   0   0   0   0   0   0   0   0   0   0   0   0   0   0 
  0   0   0   0   0   0   0   0   0   0   0   0   0   0   0   0 
  0   0   0   0   0   0   0   0   0   0   0   0   0   0   0   0 
  0   0   0   0   0   0   0   0   0   0   0   0   0   0   0   0 
  0   0   0   0   0   0   0   0   0   0   0   0   0   0   0   0 
  0   0   0   0   0   0   0   0   0   0   0   0   0   0   0   0 
  0   0   0   0   0   0   0   0   0   0   0   0   0   0   0   0 
  0   0   0   0   0   0   0   0   0   0   0   0   0   0   0   0 
  0   0   0   0   0   0   0   0   0   0   0   0   0   0   0   0 
  0   0   0   0   0   0   0   0   0   0   0   0   0   0   0   0 
  0   0   0   0   0   0   0   0   0   0   0   0   0   0   0   0 
  0   0   0   0   0   0   0   0   0   0   0   0   0   0   0   0 
  0   0   0   0   0   0   0   0   0   0   0   0   0   0   0   0 
 83   0   0   0   0   0   0   1   1   0   0   0   0   0   0   1 
  1   0   0   0   0   0   0   0   0   0   0   0   0   0   0   0 
  0   0   0   0   0   0   0   1   1   0   0   0   0   0   0   1 
  1   0   0   0   0   0   0   1   1   0   0   0   0   0   0   0 
  0   0   0   0   0   0   0   0   0   0   0   0   0   0   0   0 
  0   0   0   0   0   0   0   0   0   0   0   0   0   0   0   0 
  0   0   0   0   0   0   0   1   1   0   0   0   0   0   0   1 
  1   0   0   0   0   0   0   0   0   0   0   0   0   0   0   0 
  0   0   0   0   0   0   0   0   0   0   0   0   0   0   0   0 
  0   0   0   0   0   0   0   0   0   0   0   0   0   0   0   0 
  0   0   0   0   0   0   0   0   0   0   0   0   0   0   0   0 
  0   0   0   0   0   0   0   0   0   0   0   0   0   0   0   0 
  0   0   0   0   0   0   0   0   0   0   0   0   0   0   0   0 
  0   0   0   0   0   0   0   0   0   0   0   0   0   0   0   0 
  0   0   0   0   0   0   0   0   0   0   0   0   0   0   0   0 
  0   0   0   0   0   0   0   0   0   0   0   0   0   0   0   0 
  0   0   0   0   0   0   0   0   0   0   0   0   0   0   0   0 
  0   0   0   0   0   0   0   0   0   0   0   0   0   0   0   0 
  0   0   0   0   0   0   0   0   0   0   0   0   0   0   0   0 
  0   0   0   0   0   0   0   0   0   0   0   0   0   0   0   0 
  0   0   0   0   0   0   0   0   0   0   0   0   0   0   0   0 
  0   0   0   0   0   0   0   0   0   0   0   0   0   0   0   0 
  0   0   0   0   0   0   0   0   0   0   0   0   0   0   0   0 
  0   0   0   0   0   0   0   0   0   0   0   0   0   0   0   0 
 83   0   0   1   1   0   0   2   2   1   1   1   1   1   1   1 
  1   1   0   1   1   1   2   2   1   1   1   1   1   1   1   1 
  1   1   1   1   1   1   1   1   1   0   0   0   0   0   0   1 
  1   0   0   0   0   0   0   1   1   0   0   0   0   0   0   0 
  0   0   0   0   0   0   0   0   0   0   0   0   0   0   0   0 
  0   0   0   0   0   0   0   0   0   0   0   0   0   0   0   0 
  0   0   0   0   0   0   0   1   1   1   1   1   1   1   1   1 
  1   0   0   0   0   0   0   0   0   0   0   0   0   0   0   0 
  0   0   0   0   0   0   0   0   0   0   0   0   0   0   0   0 
  0   0   0   0   0   0   0   0   0   0   0   0   0   0   0   0 
  0   0   0   0   0   0   0   0   0   0   0   0   0   0   0   0 
  0   0   0   0   0   0   0   0   0   0   0   0   0   0   0   0 
  0   0   0   0   0   0   0   0   0   0   0   0   0   0   0   0 
  0   0   0   0   0   0   0   0   0   0   0   0   0   0   0   0 
  0   0   0   0   0   0   0   0   0   0   0   0   0   0   0   0 
  0   0   0   0   0   0   0   0   0   0   0   0   0   0   0   0 
  0   0   0   0   0   0   0   0   0   0   0   0   0   0   0   0 
  1   1   1   1   1   1   1   1   0   0   0   0   0   0   0   0 
  0   0   0   0   0   0   0   0   0   0   0   0   0   0   0   0 
  0   0   0   0   0   0   0   0   0   0   0   0   0   0   0   0 
  1   1   1   1   1   1   1   1   0   0   0   0   0   0   0   0 
  0   1   1   1   1   1   1   0   0   0   0   0   0   0   0   0 
  0   0   0   0   0   0   0   0   0   0   0   0   0   0   0   0 
  0   0   0   0   0   0   0   0   0   0   0   0   0   0   0   0 
 81   1   1   1   1   1   1   1   1   1   1   1   1   1   1   1 
  1   1   0   1   0   1   2   3   1   1   1   1   1   1   1   1 
  1   1   1   1   1   1   1   1   0   0   0   0   0   0   0   1 
  1   0   0   0   0   0   0   1   1   0   0   0   0   0   0   0 
  0   0   0   0   0   0   0   0   0   0   0   0   0   0   0   0 
  0   0   0   0   0   0   0   0   0   0   0   0   0   0   0   0 
  0   0   0   0   0   0   0   0   1   1   1   1   1   1   1   1 
  0   0   0   0   0   0   0   0   0   0   0   0   0   0   0   0 
  0   0   0   0   0   0   0   0   0   0   0   0   0   0   0   0 
  0   0   0   0   0   0   0   0   0   0   0   0   0   0   0   0 
  0   0   0   0   0   0   0   0   0   0   0   0   0   0   0   0 
  0   0   0   0   0   0   0   0   0   0   0   0   0   0   0   0 
  0   0   0   0   0   0   0   0   0   0   0   0   0   0   0   0 
  0   0   0   0   0   0   0   0   0   0   0   0   0   0   0   0 
  0   0   0   0   0   0   0   0   0   0   0   0   0   0   0   0 
  0   0   0   0   0   0   0   0   0   0   0   0   0   0   0   0 
  0   0   0   0   0   0   0   0   0   0   0   0   0   0   0   1 
  1   1   1   1   1   1   1   1   1   0   0   0   0   0   0   0 
  0   0   0   0   0   0   0   0   0   0   0   0   0   0   0   0 
  0   0   0   0   0   0   0   0   0   0   0   0   0   0   0   1 
  1   1   1   1   1   1   1   1   1   0   0   0   0   0   0   0 
  1   1   0   2   2   0   1   1   0   0   0   0   0   0   0   0 
  0   0   0   0   0   0   0   0   0   0   0   0   0   0   0   0 
  0   0   0   0   0   0   0   0   0   0   0   0   0   0   0   0 
 81   1   1   1   1   1   1   1   0   0   0   0   0   0   0   1 
  1   1   0   1   1   0   1   1   1   0   0   0   0   0   0   0 
  0   0   0   0   0   0   0   0   0   0   0   0   0   0   0   1 
  1   0   0   0   0   0   0   1   1   0   0   0   0   0   0   0 
  0   0   0   0   0   0   0   0   0   0   0   0   0   0   0   0 
  0   0   0   0   0   0   0   0   0   0   0   0   0   0   0   0 
  0   0   0   0   0   0   0   0   0   0   0   0   0   0   0   0 
  0   0   0   0   0   0   0   0   0   0   0   0   0   0   0   0 
  0   0   0   0   0   0   0   0   0   0   0   0   0   0   0   0 
  0   0   0   0   0   0   0   0   0   0   0   0   0   0   0   0 
  0   0   0   0   0   0   0   0   0   0   0   0   0   0   0   0 
  0   0   0   0   0   0   0   0   0   0   0   0   0   0   0   0 
  0   0   0   0   0   0   0   0   0   0   0   0   0   0   0   0 
  0   0   0   0   0   0   0   0   0   0   0   0   0   0   0   0 
  0   0   0   0   0   0   0   0   0   0   0   0   0   0   0   0 
  0   0   0   0   0   0   0   0   0   0   0   0   0   0   0   0 
  0   0   0   0   0   0   0   0   0   0   0   0   0   0   0   1 
  1   0   0   0   0   0   0   1   1   0   0   0   0   0   0   0 
  0   0   0   0   0   0   0   0   0   0   0   0   0   0   0   0 
  0   0   0   0   0   0   0   0   0   0   0   0   0   0   0   1 
  1   0   0   0   0   0   0   1   1   0   0   0   0   0   0   0 
  1   1   1   1   1   1   1   1   0   0   0   0   0   0   0   0 
  0   0   0   0   0   0   0   0   0   0   0   0   0   0   0   0 
  0   0   0   0   0   0   0   0   0   0   0   0   0   0   0   0 
 80   1   1   1   1   1   1   1   0   0   0   0   0   0   0   1 
  1   1   0   1   1   0   1   2   1   0   0   0   0   0   0   0 
  0   0   0   0   0   0   0   0   0   0   0   0   0   0   0   1 
  1   1   1   1   1   1   1   1   1   0   0   0   0   0   0   0 
  0   0   0   0   0   0   0   0   0   0   0   0   0   0   0   0 
  0   0   0   0   0   0   0   0   0   0   0   0   0   0   0   0 
  0   0   0   0   0   0   0   0   0   0   0   0   0   0   0   0 
  0   0   0   0   0   0   0   0   0   0   0   0   0   0   0   0 
  0   0   0   0   0   0   0   0   0   0   0   0   0   0   0   0 
  0   0   0   0   0   0   0   0   0   0   0   0   0   0   0   0 
  0   0   0   0   0   0   0   0   0   0   0   0   0   0   0   0 
  0   0   0   0   0   0   0   0   0   0   0   0   0   0   0   0 
  0   0   0   0   0   0   0   0   0   0   0   0   0   0   0   0 
  0   0   0   0   0   0   0   0   0   0   0   0   0   0   0   0 
  0   0   0   0   0   0   0   0   0   0   0   0   0   0   0   0 
  0   0   0   0   0   0   0   0   1   1   1   1   1   1   1   1 
  0   0   0   0   0   0   0   0   0   0   0   0   0   0   0   1 
  1   0   0   0   0   0   0   1   1   1   1   1   1   1   1   1 
  1   1   1   1   1   1   1   1   0   0   0   0   0   0   0   0 
  0   0   0   0   0   0   0   0   0   0   0   0   0   0   0   1 
  1   1   1   1   1   1   1   1   1   0   0   0   0   0   0   0 
  1   1   1   1   1   1   1   1   0   0   0   0   0   0   0   0 
  0   0   0   0   0   0   0   0   0   0   0   0   0   0   0   0 
  0   0   0   0   0   0   0   0   0   0   0   0   0   0   0   0 
 80   1   1   1   1   1   1   1   0   0   0   0   0   0   0   0 
  1   1   1   1   1   1   1   0   1   0   0   0   0   0   0   0 
  0   0   0   0   0   0   0   0   0   0   0   0   0   0   0   0 
  1   1   1   1   1   1   1   1   0   0   0   0   0   0   0   0 
  0   0   0   0   0   0   0   0   0   0   0   0   0   0   0   0 
  0   0   0   0   0   0   0   0   0   0   0   0   0   0   0   0 
  0   0   0   0   0   0   0   0   0   0   0   0   0   0   0   0 
  0   0   0   0   0   0   0   0   0   0   0   0   0   0   0   0 
  0   0   0   0   0   0   0   0   0   0   0   0   0   0   0   0 
  0   0   0   0   0   0   0   0   0   0   0   0   0   0   0   0 
  0   0   0   0   0   0   0   0   0   0   0   0   0   0   0   0 
  0   0   0   0   0   0   0   0   0   0   0   0   0   0   0   0 
  0   0   0   0   0   0   0   0   0   0   0   0   0   0   0   0 
  0   0   0   0   0   0   0   0   0   0   0   0   0   0   0   0 
  0   0   0   0   0   0   0   0   0   0   0   0   0   0   0   0 
  0   0   0   0   0   0   0   1   1   1   1   1   1   1   1   1 
  1   0   0   0   0   0   0   0   0   0   0   0   0   0   0   1 
  1   0   0   0   0   0   0   0   1   1   1   1   1   1   1   1 
  1   1   1   1   1   1   1   1   1   0   0   0   0   0   0   0 
  0   0   0   0   0   0   0   0   0   0   0   0   0   0   0   0 
  1   1   1   1   1   1   1   1   0   0   0   0   0   0   0   0 
  1   1   1   1   1   1   1   1   0   0   0   0   0   0   0   0 
  0   0   0   0   0   0   0   0   0   0   0   0   0   0   0   0 
  0   0   0   0   0   0   0   0   0   0   0   0   0   0   0   0 
 80   1   1   1   1   1   1   1   0   0   0   0   0   0   0   0 
  1   1   1   0   0   1   1   1   1   0   0   0   0   0   0   0 
  0   0   0   0   0   0   0   0   0   0   0   0   0   0   0   0 
  1   1   1   1   1   1   1   1   0   0   0   0   0   0   0   0 
  0   0   0   0   0   0   0   0   0   0   0   0   0   0   0   0 
  0   0   0   0   0   0   0   0   0   0   0   0   0   0   0   0 
  0   0   0   0   0   0   0   0   0   0   0   0   0   0   0   0 
  0   0   0   0   0   0   0   0   0   0   0   0   0   0   0   0 
  0   0   0   0   0   0   0   0   0   0   0   0   0   0   0   0 
  0   0   0   0   0   0   0   0   0   0   0   0   0   0   0   0 
  0   0   0   0   0   0   0   0   0   0   0   0   0   0   0   0 
  0   0   0   0   0   0   0   0   0   0   0   0   0   0   0   0 
  0   0   0   0   0   0   0   0   0   0   0   0   0   0   0   0 
  0   0   0   0   0   0   0   0   0   0   0   0   0   0   0   0 
  0   0   0   0   0   0   0   0   0   0   0   0   0   0   0   0 
  0   0   0   0   0   0   0   1   0   1   1   1   1   1   1   0 
  1   0   0   0   0   0   0   0   0   0   0   0   0   0   0   1 
  1   0   0   0   0   0   0   0   1   1   1   1   1   1   1   1 
  1   1   1   1   1   1   1   0   1   0   0   0   0   0   0   0 
  0   0   0   0   0   0   0   0   0   0   0   0   0   0   0   0 
  1   1   1   1   1   1   1   1   0   0   0   0   0   0   0   0 
  1   1   1   1   1   1   1   1   0   0   0   0   0   0   0   0 
  0   0   0   0   0   0   0   0   0   0   0   0   0   0   0   0 
  0   0   0   0   0   0   0   0   0   0   0   0   0   0   0   0 
 79   1   1   1   1   1   1   1   0   0   0   0   0   0   0   1 
  1   1   0   0   0   0   1   1   0   0   0   0   0   0   0   0 
  0   0   0   0   0   0   0   0   0   0   0   0   0   0   0   1 
  1   1   1   1   1   1   1   1   1   0   0   0   0   0   0   0 
  0   0   0   0   0   0   0   0   0   0   0   0   0   0   0   0 
  0   0   0   0   0   0   0   0   0   0   0   0   0   0   0   0 
  0   0   0   0   0   0   0   0   0   0   0   0   0   0   0   0 
  0   0   0   0   0   0   0   0   0   0   0   0   0   0   0   0 
  0   0   0   0   0   0   0   0   0   0   0   0   0   0   0   0 
  0   0   0   0   0   0   0   0   0   0   0   0   0   0   0   0 
  0   0   0   0   0   0   0   0   0   0   0   0   0   0   0   0 
  0   0   0   0   0   0   0   0   0   0   0   0   0   0   0   0 
  0   0   0   0   0   0   0   0   0   0   0   0   0   0   0   0 
  0   0   0   0   0   0   0   0   0   0   0   0   0   0   0   0 
  0   0   0   0   0   0   0   0   0   0   0   0   0   0   0   0 
  0   0   0   0   0   0   0   1   2   1   1   1   1   1   1   2 
  1   0   0   0   0   0   0   0   0   0   0   0   0   0   0   1 
  1   0   0   0   0   0   0   1   1   1   1   1   1   1   1   1 
  1   1   1   1   1   1   1   2   1   0   0   0   0   0   0   0 
  0   0   0   0   0   0   0   0   0   0   0   0   0   0   0   1 
  1   1   1   1   1   1   1   1   1   0   0   0   0   0   0   0 
  1   1   1   1   1   1   1   1   0   0   0   0   0   0   0   0 
  0   0   0   0   0   0   0   0   0   0   0   0   0   0   0   0 
  0   0   0   0   0   0   0   0   0   0   0   0   0   0   0   0 
 79   1   1   1   1   1   1   1   0   0   0   0   0   0   0   1 
  1   0   0   0   0   0   0   0   0   0   0   0   0   0   0   0 
  0   0   0   0   0   0   0   0   0   0   0   0   0   0   0   1 
  1   0   0   0   0   0   0   1   1   0   0   0   0   0   0   0 
  0   0   0   0   0   0   0   0   0   0   0   0   0   0   0   0 
  0   0   0   0   0   0   0   0   0   0   0   0   0   0   0   0 
  0   0   0   0   0   0   0   0   0   0   0   0   0   0   0   0 
  0   0   0   0   0   0   0   0   0   0   0   0   0   0   0   0 
  0   0   0   0   0   0   0   0   0   0   0   0   0   0   0   0 
  0   0   0   0   0   0   0   0   0   0   0   0   0   0   0   0 
  0   0   0   0   0   0   0   0   0   0   0   0   0   0   0   0 
  0   0   0   0   0   0   0   0   0   0   0   0   0   0   0   0 
  0   0   0   0   0   0   0   0   0   0   0   0   0   0   0   0 
  0   0   0   0   0   0   0   0   0   0   0   0   0   0   0   0 
  0   0   0   0   0   0   0   0   0   0   0   0   0   0   0   0 
  0   0   0   0   0   0   0   1   1   0   0   0   0   0   0   1 
  1   0   0   0   0   0   0   0   0   0   0   0   0   0   0   1 
  1   0   0   0   0   0   0   1   1   0   0   0   0   0   0   0 
  0   0   0   0   0   0   0   1   1   0   0   0   0   0   0   0 
  0   0   0   0   0   0   0   0   0   0   0   0   0   0   0   1 
  1   0   0   0   0   0   0   1   1   0   0   0   0   0   0   0 
  1   1   1   1   1   1   1   1   0   0   0   0   0   0   0   0 
  0   0   0   0   0   0   0   0   0   0   0   0   0   0   0   0 
  0   0   0   0   0   0   0   0   0   0   0   0   0   0   0   0 
 78   1   1   1   1   1   1   1   1   1   1   1   1   1   1   1 
  1   0   0   0   0   0   0   0   0   0   0   0   0   0   0   0 
  0   0   0   0   0   0   0   0   0   0   0   0   0   0   0   1 
  1   1   1   1   1   1   1   1   1   0   0   0   0   0   0   0 
  0   0   0   0   0   0   0   0   0   0   0   0   0   0   0   0 
  0   0   0   0   0   0   0   0   0   0   0   0   0   0   0   0 
  0   0   0   0   0   0   0   0   0   0   0   0   0   0   0   0 
  1   1   1   1   1   1   1   1   0   0   0   0   0   0   0   0 
  0   0   0   0   0   0   0   0   0   0   0   0   0   0   0   0 
  1   1   1   1   1   1   1   1   0   0   0   0   0   0   0   0 
  0   0   0   0   0   0   0   0   0   0   0   0   0   0   0   0 
  1   1   1   1   1   1   1   1   1   1   1   1   1   1   1   1 
  1   1   1   1   1   1   1   1   1   1   1   1   1   1   1   1 
  1   1   1   1   1   1   1   1   1   1   1   1   1   1   1   1 
  1   1   1   1   1   1   1   1   1   1   1   1   1   1   1   1 
  1   1   1   1   1   1   1   2   2   1   1   1   1   1   1   2 
  2   1   1   1   1   1   1   1   1   1   1   1   1   1   1   1 
  1   0   0   0   0   0   0   1   1   1   1   1   1   1   1   1 
  1   1   1   1   1   1   1   2   2   1   1   1   1   1   1   1 
  1   1   1   1   1   1   1   1   1   1   1   1   1   1   1   1 
  1   0   0   0   0   0   0   1   1   1   1   1   1   1   1   1 
  1   1   1   1   1   1   1   1   1   1   1   1   1   1   1   1 
  1   1   1   1   1   1   1   1   1   1   1   1   1   1   1   1 
  1   1   1   1   1   1   1   1   1   1   1   1   1   1   1   1 
 80   0   0   1   1   0   0   1   1   1   1   1   1   1   1   1 
  0   0   0   0   0   0   0   0   0   0   0   0   0   0   0   0 
  0   0   0   0   0   0   0   0   0   0   0   0   0   0   0   0 
  1   1   1   1   1   1   1   1   0   0   0   0   0   0   0   0 
  0   0   0   0   0   0   0   0   0   0   0   0   0   0   0   0 
  0   0   0   0   0   0   0   0   0   0   0   0   0   0   0   0 
  0   0   0   0   0   0   0   0   0   0   0   0   0   0   0   1 
  1   1   1   1   1   1   1   1   1   0   0   0   0   0   0   0 
  0   0   0   0   0   0   0   0   0   0   0   0   0   0   0   1 
  1   1   1   1   1   1   1   1   1   0   0   0   0   0   0   0 
  0   0   0   0   0   0   0   0   0   0   0   0   0   0   0   1 
  1   1   1   1   1   1   1   1   1   1   1   1   1   1   1   2 
  2   1   1   1   1   1   1   1   1   1   1   1   1   1   1   1 
  1   1   1   1   1   1   1   1   1   1   1   1   1   1   1   1 
  1   1   1   1   1   1   1   1   1   1   1   1   1   1   1   1 
  1   1   1   1   1   1   1   1   1   1   1   1   1   1   1   1 
  1   1   1   1   1   1   1   1   1   1   1   1   1   1   1   1 
  0   0   0   0   0   0   0   0   1   1   1   1   1   1   1   1 
  1   1   1   1   1   1   1   1   1   1   1   1   1   1   1   1 
  1   1   1   1   1   1   1   1   1   1   1   1   1   1   1   1 
  0   0   0   0   0   0   0   0   1   1   1   1   1   1   1   1 
  1   0   0   1   1   0   0   1   1   1   1   1   1   1   1   1 
  1   1   1   1   1   1   1   1   1   1   1   1   1   1   1   1 
  1   1   1   1   1   1   1   1   1   1   1   1   1   1   1   1 
 79   0   0   0   0   0   0   0   0   0   0   0   0   0   0   0 
  0   0   0   0   0   0   0   0   0   0   0   0   0   0   0   0 
  0   0   0   0   0   0   0   0   0   0   0   0   0   0   0   0 
  0   0   0   0   0   0   0   0   0   0   0   0   0   0   0   0 
  0   0   0   0   0   0   0   0   0   0   0   0   0   0   0   0 
  0   0   0   0   0   0   0   0   0   0   0   0   0   0   0   0 
  0   0   0   0   0   0   0   0   0   0   0   0   0   0   0   1 
  1   0   0   0   0   0   0   1   1   0   0   0   0   0   0   0 
  0   0   0   0   0   0   0   0   0   0   0   0   0   0   0   1 
  1   0   0   0   0   0   0   1   1   0   0   0   0   0   0   0 
  0   0   0   0   0   0   0   0   0   0   0   0   0   0   0   1 
  1   0   0   0   0   0   0   0   0   0   0   0   0   0   0   1 
  1   0   0   0   0   0   0   0   0   0   0   0   0   0   0   0 
  0   0   0   0   0   0   0   0   0   0   0   0   0   0   0   0 
  0   0   0   0   0   0   0   0   0   0   0   0   0   0   0   0 
  0   0   0   0   0   0   0   0   0   0   0   0   0   0   0   0 
  0   0   0   0   0   0   0   0   0   0   0   0   0   0   0   0 
  0   0   0   0   0   0   0   0   0   0   0   0   0   0   0   0 
  0   0   0   0   0   0   0   0   0   0   0   0   0   0   0   0 
  0   0   0   0   0   0   0   0   0   0   0   0   0   0   0   0 
  0   0   0   0   0   0   0   0   0   0   0   0   0   0   0   0 
  0   0   0   0   0   0   0   0   0   0   0   0   0   0   0   0 
  0   0   0   0   0   0   0   0   0   0   0   0   0   0   0   0 
  0   0   0   0   0   0   0   0   0   0   0   0   0   0   0   0 
 78   0   0   0   0   0   0   0   0   0   0   0   0   0   0   0 
  0   0   0   0   0   0   0   0   0   0   0   0   0   0   0   0 
  0   0   0   0   0   0   0   0   0   0   0   0   0   0   0   0 
  0   0   0   0   0   0   0   0   0   0   0   0   0   0   0   0 
  0   0   0   0   0   0   0   0   0   0   0   0   0   0   0   0 
  0   0   0   0   0   0   0   0   0   0   0   0   0   0   0   0 
  0   0   0   0   0   0   0   0   0   0   0   0   0   0   0   1 
  1   1   1   1   1   1   1   1   1   0   0   0   0   0   0   0 
  0   0   0   0   0   0   0   0   0   0   0   0   0   0   0   1 
  1   1   1   1   1   1   1   1   1   0   0   0   0   0   0   0 
  0   0   0   0   0   0   0   0   0   0   0   0   0   0   0   1 
  1   1   1   1   1   1   1   1   1   1   1   1   1   1   1   2 
  1   0   0   0   0   0   0   0   0   0   0   0   0   0   0   0 
  0   0   0   0   0   0   0   0   0   0   0   0   0   0   0   0 
  0   0   0   0   0   0   0   0   0   0   0   0   0   0   0   0 
  0   0   0   0   0   0   0   0   0   0   0   0   0   0   0   0 
  0   0   0   0   0   0   0   0   0   0   0   0   0   0   0   0 
  0   0   0   0   0   0   0   0   0   0   0   0   0   0   0   0 
  0   0   0   0   0   0   0   0   0   0   0   0   0   0   0   0 
  0   0   0   0   0   0   0   0   0   0   0   0   0   0   0   0 
  0   0   0   0   0   0   0   0   0   0   0   0   0   0   0   0 
  0   0   0   0   0   0   0   0   0   0   0   0   0   0   0   0 
  0   0   0   0   0   0   0   0   0   0   0   0   0   0   0   0 
  0   0   0   0   0   0   0   0   0   0   0   0   0   0   0   0 
 78   0   0   0   0   0   0   0   0   0   0   0   0   0   0   0 
  0   0   0   0   0   0   0   0   0   0   0   0   0   0   0   0 
  0   0   0   0   0   0   0   0   0   0   0   0   0   0   0   0 
  0   0   0   0   0   0   0   0   0   0   0   0   0   0   0   0 
  0   0   0   0   0   0   0   0   0   0   0   0   0   0   0   0 
  0   0   0   0   0   0   0   0   0   0   0   0   0   0   0   0 
  0   0   0   0   0   0   0   0   0   0   0   0   0   0   0   0 
  1   1   1   1   1   1   1   1   0   0   0   0   0   0   0   0 
  0   0   0   0   0   0   0   0   0   0   0   0   0   0   0   0 
  1   1   1   1   1   1   1   1   0   0   0   0   0   0   0   0 
  0   0   0   0   0   0   0   0   0   0   0   0   0   0   0   0 
  1   1   1   1   1   1   1   1   1   1   1   1   1   1   1   0 
  1   0   0   0   0   0   0   0   0   0   0   0   0   0   0   0 
  0   0   0   0   0   0   0   0   0   0   0   0   0   0   0   0 
  0   0   0   0   0   0   0   0   0   0   0   0   0   0   0   0 
  0   0   0   0   0   0   0   0   0   0   0   0   0   0   0   0 
  0   0   0   0   0   0   0   0   0   0   0   0   0   0   0   0 
  0   0   0   0   0   0   0   0   0   0   0   0   0   0   0   0 
  0   0   0   0   0   0   0   0   0   0   0   0   0   0   0   0 
  0   0   0   0   0   0   0   0   0   0   0   0   0   0   0   0 
  0   0   0   0   0   0   0   0   0   0   0   0   0   0   0   0 
  0   0   0   0   0   0   0   0   0   0   0   0   0   0   0   0 
  0   0   0   0   0   0   0   0   0   0   0   0   0   0   0   0 
  0   0   0   0   0   0   0   0   0   0   0   0   0   0   0   0 
 78   0   0   0   0   0   0   0   0   0   0   0   0   0   0   0 
  0   0   0   0   0   0   0   0   0   0   0   0   0   0   0   0 
  0   0   0   0   0   0   0   0   0   0   0   0   0   0   0   0 
  0   0   0   0   0   0   0   0   0   0   0   0   0   0   0   0 
  0   0   0   0   0   0   0   0   0   0   0   0   0   0   0   0 
  0   0   0   0   0   0   0   0   0   0   0   0   0   0   0   0 
  0   0   0   0   0   0   0   0   0   0   0   0   0   0   0   0 
  1   1   1   1   1   1   1   1   0   0   0   0   0   0   0   0 
  0   0   0   0   0   0   0   0   0   0   0   0   0   0   0   0 
  1   1   1   1   1   1   1   1   0   0   0   0   0   0   0   0 
  0   0   0   0   0   0   0   0   0   0   0   0   0   0   0   0 
  1   1   1   1   1   1   1   1   1   1   1   1   1   1   1   1 
  1   0   0   0   0   0   0   0   0   0   0   0   0   0   0   0 
  0   0   0   0   0   0   0   0   0   0   0   0   0   0   0   0 
  0   0   0   0   0   0   0   0   0   0   0   0   0   0   0   0 
  0   0   0   0   0   0   0   0   0   0   0   0   0   0   0   0 
  0   0   0   0   0   0   0   0   0   0   0   0   0   0   0   0 
  0   0   0   0   0   0   0   0   0   0   0   0   0   0   0   0 
  0   0   0   0   0   0   0   0   0   0   0   0   0   0   0   0 
  0   0   0   0   0   0   0   0   0   0   0   0   0   0   0   0 
  0   0   0   0   0   0   0   0   0   0   0   0   0   0   0   0 
  0   0   0   0   0   0   0   0   0   0   0   0   0   0   0   0 
  0   0   0   0   0   0   0   0   0   0   0   0   0   0   0   0 
  0   0   0   0   0   0   0   0   0   0   0   0   0   0   0   0 
 77   0   0   0   0   0   0   0   0   0   0   0   0   0   0   0 
  0   0   0   0   0   0   0   0   0   0   0   0   0   0   0   0 
  0   0   0   0   0   0   0   0   0   0   0   0   0   0   0   0 
  0   0   0   0   0   0   0   0   0   0   0   0   0   0   0   0 
  0   0   0   0   0   0   0   0   0   0   0   0   0   0   0   0 
  0   0   0   0   0   0   0   0   0   0   0   0   0   0   0   0 
  0   0   0   0   0   0   0   0   0   0   0   0   0   0   0   1 
  1   1   1   1   1   1   1   1   1   0   0   0   0   0   0   0 
  0   0   0   0   0   0   0   0   0   0   0   0   0   0   0   1 
  1   1   1   1   1   1   1   1   1   0   0   0   0   0   0   0 
  0   0   0   0   0   0   0   0   0   0   0   0   0   0   0   1 
  1   1   1   1   1   1   1   1   1   1   1   1   1   1   1   1 
  0   0   0   0   0   0   0   0   0   0   0   0   0   0   0   0 
  0   0   0   0   0   0   0   0   0   0   0   0   0   0   0   0 
  0   0   0   0   0   0   0   0   0   0   0   0   0   0   0   0 
  0   0   0   0   0   0   0   0   0   0   0   0   0   0   0   0 
  0   0   0   0   0   0   0   0   0   0   0   0   0   0   0   0 
  0   0   0   0   0   0   0   0   0   0   0   0   0   0   0   0 
  0   0   0   0   0   0   0   0   0   0   0   0   0   0   0   0 
  0   0   0   0   0   0   0   0   0   0   0   0   0   0   0   0 
  0   0   0   0   0   0   0   0   0   0   0   0   0   0   0   0 
  0   0   0   0   0   0   0   0   0   0   0   0   0   0   0   0 
  0   0   0   0   0   0   0   0   0   0   0   0   0   0   0   0 
  0   0   0   0   0   0   0   0   0   0   0   0   0   0   0   0 
 77   0   0   0   0   0   0   0   0   0   0   0   0   0   0   0 
  0   0   0   0   0   0   0   0   0   0   0   0   0   0   0   0 
  0   0   0   0   0   0   0   0   0   0   0   0   0   0   0   0 
  0   0   0   0   0   0   0   0   0   0   0   0   0   0   0   0 
  0   0   0   0   0   0   0   0   0   0   0   0   0   0   0   0 
  0   0   0   0   0   0   0   0   0   0   0   0   0   0   0   0 
  0   0   0   0   0   0   0   0   0   0   0   0   0   0   0   1 
  1   0   0   0   0   0   0   1   1   0   0   0   0   0   0   0 
  0   0   0   0   0   0   0   0   0   0   0   0   0   0   0   1 
  1   0   0   0   0   0   0   1   1   0   0   0   0   0   0   0 
  0   0   0   0   0   0   0   0   0   0   0   0   0   0   0   1 
  1   0   0   0   0   0   0   0   0   0   0   0   0   0   0   0 
  0   0   0   0   0   0   0   0   0   0   0   0   0   0   0   0 
  0   0   0   0   0   0   0   0   0   0   0   0   0   0   0   0 
  0   0   0   0   0   0   0   0   0   0   0   0   0   0   0   0 
  0   0   0   0   0   0   0   0   0   0   0   0   0   0   0   0 
  0   0   0   0   0   0   0   0   0   0   0   0   0   0   0   0 
  0   0   0   0   0   0   0   0   0   0   0   0   0   0   0   0 
  0   0   0   0   0   0   0   0   0   0   0   0   0   0   0   0 
  0   0   0   0   0   0   0   0   0   0   0   0   0   0   0   0 
  0   0   0   0   0   0   0   0   0   0   0   0   0   0   0   0 
  0   0   0   0   0   0   0   0   0   0   0   0   0   0   0   0 
  0   0   0   0   0   0   0   0   0   0   0   0   0   0   0   0 
  0   0   0   0   0   0   0   0   0   0   0   0   0   0   0   0 
 77   0   0   0   0   0   0   0   0   0   0   0   0   0   0   0 
  0   0   0   0   0   0   0   0   0   0   0   0   0   0   0   0 
  0   0   0   0   0   0   0   0   0   0   0   0   0   0   0   0 
  0   0   0   0   0   0   0   0   0   0   0   0   0   0   0   0 
  0   0   0   0   0   0   0   0   0   0   0   0   0   0   0   0 
  1   1   1   1   1   1   1   1   1   1   1   1   1   1   1   1 
  1   1   1   1   1   1   1   1   1   1   1   1   1   1   1   1 
  1   0   0   0   0   0   0   1   1   1   1   1   1   1   1   1 
  1   1   1   1   1   1   1   1   1   1   1   1   1   1   1   1 
  1   0   0   0   0   0   0   1   1   1   1   1   1   1   1   1 
  1   1   1   1   1   1   1   1   1   1   1   1   1   1   1   1 
  1   0   0   0   0   0   0   0   0   0   0   0   0   0   0   0 
  0   0   0   0   0   0   0   0   0   0   0   0   0   0   0   0 
  0   0   0   0   0   0   0   0   0   0   0   0   0   0   0   0 
  0   0   0   0   0   0   0   0   0   0   0   0   0   0   0   0 
  0   0   0   0   0   0   0   0   0   0   0   0   0   0   0   0 
  0   0   0   0   0   0   0   0   0   0   0   0   0   0   0   0 
  0   0   0   0   0   0   0   0   0   0   0   0   0   0   0   0 
  0   0   0   0   0   0   0   0   0   0   0   0   0   0   0   0 
  0   0   0   0   0   0   0   0   0   0   0   0   0   0   0   0 
  0   0   0   0   0   0   0   0   0   0   0   0   0   0   0   0 
  0   0   0   0   0   0   0   0   0   0   0   0   0   0   0   0 
  0   0   0   0   0   0   0   0   0   0   0   0   0   0   0   0 
  0   0   0   0   0   0   0   0   0   0   0   0   0   0   0   0 
 76   0   0   0   0   0   0   0   0   0   0   0   0   0   0   0 
  0   0   0   0   0   0   0   0   0   0   0   0   0   0   0   0 
  0   0   0   0   0   0   0   0   0   0   0   0   0   0   0   0 
  0   0   0   0   0   0   0   0   0   0   0   0   0   0   0   0 
  0   0   0   0   0   0   0   0   0   0   0   0   0   0   0   1 
  1   1   1   1   1   1   1   1   1   1   1   1   1   1   1   1 
  1   1   1   1   1   1   1   1   1   1   1   1   1   1   1   1 
  0   0   0   0   0   0   0   0   1   1   1   1   1   1   1   1 
  1   1   1   1   1   1   1   1   1   1   1   1   1   1   1   1 
  0   0   0   0   0   0   0   0   1   1   1   1   1   1   1   1 
  1   1   1   1   1   1   1   1   1   1   1   1   1   1   1   1 
  0   0   0   0   0   0   0   0   0   0   0   0   0   0   0   0 
  0   0   0   0   0   0   0   0   0   0   0   0   0   0   0   0 
  0   0   0   0   0   0   0   0   0   0   0   0   0   0   0   0 
  0   0   0   0   0   0   0   0   0   0   0   0   0   0   0   0 
  0   0   0   0   0   0   0   0   0   0   0   0   0   0   0   0 
  0   0   0   0   0   0   0   0   0   0   0   0   0   0   0   0 
  0   0   0   0   0   0   0   0   0   0   0   0   0   0   0   0 
  0   0   0   0   0   0   0   0   0   0   0   0   0   0   0   0 
  0   0   0   0   0   0   0   0   0   0   0   0   0   0   0   0 
  0   0   0   0   0   0   0   0   0   0   0   0   0   0   0   0 
  0   0   0   0   0   0   0   0   0   0   0   0   0   0   0   0 
  0   0   0   0   0   0   0   0   0   0   0   0   0   0   0   0 
  0   0   0   0   0   0   0   0   0   0   0   0   0   0   0   0 
 76   0   0   0   0   0   0   0   0   0   0   0   0   0   0   0 
  0   0   0   0   0   0   0   0   0   0   0   0   0   0   0   0 
  0   0   0   0   0   0   0   0   0   0   0   0   0   0   0   0 
  0   0   0   0   0   0   0   0   0   0   0   0   0   0   0   0 
  0   0   0   0   0   0   0   0   0   0   0   0   0   0   0   1 
  1   0   0   0   0   0   0   0   0   0   0   0   0   0   0   0 
  0   0   0   0   0   0   0   0   0   0   0   0   0   0   0   0 
  0   0   0   0   0   0   0   0   0   0   0   0   0   0   0   0 
  0   0   0   0   0   0   0   0   0   0   0   0   0   0   0   0 
  0   0   0   0   0   0   0   0   0   0   0   0   0   0   0   0 
  0   0   0   0   0   0   0   0   0   0   0   0   0   0   0   0 
  0   0   0   0   0   0   0   0   0   0   0   0   0   0   0   0 
  0   0   0   0   0   0   0   0   0   0   0   0   0   0   0   0 
  0   0   0   0   0   0   0   0   0   0   0   0   0   0   0   0 
  0   0   0   0   0   0   0   0   0   0   0   0   0   0   0   0 
  0   0   0   0   0   0   0   0   0   0   0   0   0   0   0   0 
  0   0   0   0   0   0   0   0   0   0   0   0   0   0   0   0 
  0   0   0   0   0   0   0   0   0   0   0   0   0   0   0   0 
  0   0   0   0   0   0   0   0   0   0   0   0   0   0   0   0 
  0   0   0   0   0   0   0   0   0   0   0   0   0   0   0   0 
  0   0   0   0   0   0   0   0   0   0   0   0   0   0   0   0 
  0   0   0   0   0   0   0   0   0   0   0   0   0   0   0   0 
  0   0   0   0   0   0   0   0   0   0   0   0   0   0   0   0 
  0   0   0   0   0   0   0   0   0   0   0   0   0   0   0   0 
 76   0   0   0   0   0   0   0   0   0   0   0   0   0   0   0 
  0   0   0   0   0   0   0   0   0   0   0   0   0   0   0   0 
  0   0   0   0   0   0   0   0   1   1   1   1   1   1   1   1 
  0   0   0   0   0   0   0   0   0   0   0   0   0   0   0   0 
  0   0   0   0   0   0   0   0   0   0   0   0   0   0   0   1 
  1   0   0   0   0   0   0   0   0   0   0   0   0   0   0   0 
  0   0   0   0   0   0   0   0   0   0   0   0   0   0   0   0 
  0   0   0   0   0   0   0   0   0   0   0   0   0   0   0   0 
  0   0   0   0   0   0   0   0   0   0   0   0   0   0   0   0 
  0   0   0   0   0   0   0   0   0   0   0   0   0   0   0   0 
  0   0   0   0   0   0   0   0   0   0   0   0   0   0   0   0 
  0   0   0   0   0   0   0   0   0   0   0   0   0   0   0   0 
  0   0   0   0   0   0   0   0   0   0   0   0   0   0   0   0 
  0   0   0   0   0   0   0   0   0   0   0   0   0   0   0   0 
  0   0   0   0   0   0   0   0   0   0   0   0   0   0   0   0 
  0   0   0   0   0   0   0   0   0   0   0   0   0   0   0   0 
  0   0   0   0   0   0   0   0   0   0   0   0   0   0   0   0 
  0   0   0   0   0   0   0   0   0   0   0   0   0   0   0   0 
  0   0   0   0   0   0   0   0   0   0   0   0   0   0   0   0 
  0   0   0   0   0   0   0   0   0   0   0   0   0   0   0   0 
  0   0   0   0   0   0   0   0   0   0   0   0   0   0   0   0 
  0   0   0   0   0   0   0   0   0   0   0   0   0   0   0   0 
  0   0   0   0   0   0   0   0   0   0   0   0   0   0   0   0 
  0   0   0   0   0   0   0   0   0   0   0   0   0   0   0   0 
 75   0   0   0   0   0   0   0   0   0   0   0   0   0   0   0 
  0   0   0   0   0   0   0   0   0   0   0   0   0   0   0   0 
  0   0   0   0   0   0   0   1   1   1   1   1   1   1   1   1 
  1   0   0   0   0   0   0   0   0   0   0   0   0   0   0   0 
  0   0   0   0   0   0   0   0   0   0   0   0   0   0   0   1 
  1   0   0   0   0   0   0   0   0   0   0   0   0   0   0   0 
  0   0   0   0   0   0   0   0   0   0   0   0   0   0   0   0 
  0   0   0   0   0   0   0   0   0   0   0   0   0   0   0   0 
  0   0   0   0   0   0   0   0   0   0   0   0   0   0   0   0 
  0   0   0   0   0   0   0   0   0   0   0   0   0   0   0   0 
  0   0   0   0   0   0   0   0   0   0   0   0   0   0   0   0 
  0   0   0   0   0   0   0   0   0   0   0   0   0   0   0   0 
  0   0   0   0   0   0   0   0   0   0   0   0   0   0   0   0 
  0   0   0   0   0   0   0   0   0   0   0   0   0   0   0   0 
  0   0   0   0   0   0   0   0   0   0   0   0   0   0   0   0 
  0   0   0   0   0   0   0   0   0   0   0   0   0   0   0   0 
  0   0   0   0   0   0   0   0   0   0   0   0   0   0   0   0 
  0   0   0   0   0   0   0   0   0   0   0   0   0   0   0   0 
  0   0   0   0   0   0   0   0   0   0   0   0   0   0   0   0 
  0   0   0   0   0   0   0   0   0   0   0   0   0   0   0   0 
  0   0   0   0   0   0   0   0   0   0   0   0   0   0   0   0 
  0   0   0   0   0   0   0   0   0   0   0   0   0   0   0   0 
  0   0   0   0   0   0   0   0   0   0   0   0   0   0   0   0 
  0   0   0   0   0   0   0   0   0   0   0   0   0   0   0   0 
 75   0   0   0   0   0   0   0   0   0   0   0   0   0   0   0 
  0   0   0   0   0   0   0   0   0   0   0   0   0   0   0   0 
  0   0   0   0   0   0   0   1   0   1   1   1   1   1   1   0 
  1   0   0   0   0   0   0   0   0   0   0   0   0   0   0   0 
  0   0   0   0   0   0   0   0   0   0   0   0   0   0   0   1 
  1   0   0   0   0   0   0   0   0   0   0   0   0   0   0   0 
  0   0   0   0   0   0   0   0   0   0   0   0   0   0   0   0 
  0   0   0   0   0   0   0   0   0   0   0   0   0   0   0   0 
  0   0   0   0   0   0   0   0   0   0   0   0   0   0   0   0 
  0   0   0   0   0   0   0   0   0   0   0   0   0   0   0   0 
  0   0   0   0   0   0   0   0   0   0   0   0   0   0   0   0 
  0   0   0   0   0   0   0   0   0   0   0   0   0   0   0   0 
  0   0   0   0   0   0   0   0   0   0   0   0   0   0   0   0 
  0   0   0   0   0   0   0   0   0   0   0   0   0   0   0   0 
  0   0   0   0   0   0   0   0   0   0   0   0   0   0   0   0 
  0   0   0   0   0   0   0   0   0   0   0   0   0   0   0   0 
  0   0   0   0   0   0   0   0   0   0   0   0   0   0   0   0 
  0   0   0   0   0   0   0   0   0   0   0   0   0   0   0   0 
  0   0   0   0   0   0   0   0   0   0   0   0   0   0   0   0 
  0   0   0   0   0   0   0   0   0   0   0   0   0   0   0   0 
  0   0   0   0   0   0   0   0   0   0   0   0   0   0   0   0 
  0   0   0   0   0   0   0   0   0   0   0   0   0   0   0   0 
  0   0   0   0   0   0   0   0   0   0   0   0   0   0   0   0 
  0   0   0   0   0   0   0   0   0   0   0   0   0   0   0   0 
 75   0   0   0   0   0   0   0   0   0   0   0   0   0   0   0 
  0   0   0   0   0   0   0   0   0   0   0   0   0   0   0   0 
  0   0   0   0   0   0   0   1   2   1   1   1   1   1   1   2 
  1   0   0   0   0   0   0   0   0   0   0   0   0   0   0   0 
  0   0   0   0   0   0   0   0   0   0   0   0   0   0   0   1 
  1   0   0   0   0   0   0   0   0   0   0   0   0   0   0   0 
  0   0   0   0   0   0   0   0   0   0   0   0   0   0   0   0 
  0   0   0   0   0   0   0   0   0   0   0   0   0   0   0   0 
  0   0   0   0   0   0   0   0   0   0   0   0   0   0   0   0 
  0   0   0   0   0   0   0   0   0   0   0   0   0   0   0   0 
  0   0   0   0   0   0   0   0   0   0   0   0   0   0   0   0 
  0   0   0   0   0   0   0   0   0   0   0   0   0   0   0   0 
  0   0   0   0   0   0   0   0   0   0   0   0   0   0   0   0 
  0   0   0   0   0   0   0   0   0   0   0   0   0   0   0   0 
  0   0   0   0   0   0   0   0   0   0   0   0   0   0   0   0 
  0   0   0   0   0   0   0   0   0   0   0   0   0   0   0   0 
  0   0   0   0   0   0   0   0   0   0   0   0   0   0   0   0 
  0   0   0   0   0   0   0   0   0   0   0   0   0   0   0   0 
  0   0   0   0   0   0   0   0   0   0   0   0   0   0   0   0 
  0   0   0   0   0   0   0   0   0   0   0   0   0   0   0   0 
  0   0   0   0   0   0   0   0   0   0   0   0   0   0   0   0 
  0   0   0   0   0   0   0   0   0   0   0   0   0   0   0   0 
  0   0   0   0   0   0   0   0   0   0   0   0   0   0   0   0 
  0   0   0   0   0   0   0   0   0   0   0   0   0   0   0   0 
 74   0   0   0   0   0   0   0   0   0   0   0   0   0   0   0 
  0   0   0   0   0   0   0   0   0   0   0   0   0   0   0   0 
  0   0   0   0   0   0   0   1   1   0   0   0   0   0   0   1 
  1   0   0   0   0   0   0   0   0   0   0   0   0   0   0   0 
  0   0   0   0   0   0   0   0   0   0   0   0   0   0   0   1 
  1   0   0   0   0   0   0   0   0   0   0   0   0   0   0   0 
  0   0   0   0   0   0   0   0   0   0   0   0   0   0   0   0 
  0   0   0   0   0   0   0   0   0   0   0   0   0   0   0   0 
  0   0   0   0   0   0   0   0   0   0   0   0   0   0   0   0 
  0   0   0   0   0   0   0   0   0   0   0   0   0   0   0   0 
  0   0   0   0   0   0   0   0   0   0   0   0   0   0   0   0 
  0   0   0   0   0   0   0   0   0   0   0   0   0   0   0   0 
  0   0   0   0   0   0   0   0   0   0   0   0   0   0   0   0 
  0   0   0   0   0   0   0   0   0   0   0   0   0   0   0   0 
  0   0   0   0   0   0   0   0   0   0   0   0   0   0   0   0 
  0   0   0   0   0   0   0   0   0   0   0   0   0   0   0   0 
  0   0   0   0   0   0   0   0   0   0   0   0   0   0   0   0 
  0   0   0   0   0   0   0   0   0   0   0   0   0   0   0   0 
  0   0   0   0   0   0   0   0   0   0   0   0   0   0   0   0 
  0   0   0   0   0   0   0   0   0   0   0   0   0   0   0   0 
  0   0   0   0   0   0   0   0   0   0   0   0   0   0   0   0 
  0   0   0   0   0   0   0   0   0   0   0   0   0   0   0   0 
  0   0   0   0   0   0   0   0   0   0   0   0   0   0   0   0 
  0   0   0   0   0   0   0   0   0   0   0   0   0   0   0   0 
 73   0   0   0   0   0   0   0   0   0   0   0   0   0   0   0 
  0   0   0   0   0   0   0   0   1   1   1   1   1   1   1   1 
  0   0   0   0   0   0   0   1   2   1   1   1   1   0   0   1 
  1   0   0   0   0   0   0   0   1   1   1   1   1   1   1   1 
  1   1   1   1   1   1   1   1   1   1   1   1   1   1   1   1 
  1   0   0   0   0   0   0   0   0   0   0   0   0   0   0   0 
  0   0   0   0   0   0   0   0   0   0   0   0   0   0   0   0 
  0   0   0   0   0   0   0   0   0   0   0   0   0   0   0   0 
  0   0   0   0   0   0   0   0   0   0   0   0   0   0   0   0 
  0   0   0   0   0   0   0   0   0   0   0   0   0   0   0   0 
  0   0   0   0   0   0   0   0   0   0   0   0   0   0   0   0 
  0   0   0   0   0   0   0   0   0   0   0   0   0   0   0   0 
  0   0   0   0   0   0   0   0   0   0   0   0   0   0   0   0 
  0   0   0   0   0   0   0   0   0   0   0   0   0   0   0   0 
  0   0   0   0   0   0   0   0   0   0   0   0   0   0   0   0 
  0   0   0   0   0   0   0   0   0   0   0   0   0   0   0   0 
  0   0   0   0   0   0   0   0   0   0   0   0   0   0   0   0 
  1   1   1   0   0   1   1   1   1   1   1   1   1   1   1   1 
  1   1   1   1   1   1   1   1   1   1   1   1   1   1   1   1 
  1   1   1   1   1   1   1   1   0   0   0   0   0   0   0   0 
  1   1   0   1   1   1   0   0   0   0   0   0   0   0   0   0 
  0   0   0   0   0   0   0   0   1   1   1   0   0   1   1   1 
  0   0   0   0   0   0   0   0   0   0   0   0   0   0   0   0 
  0   0   0   0   0   0   0   0   0   0   0   0   0   0   0   0 
 73   0   0   0   0   0   0   0   0   0   0   0   0   0   0   0 
  0   0   0   0   0   0   0   1   1   1   1   1   1   1   1   1 
  1   0   0   0   0   0   0   0   1   1   2   0   1   1   0   1 
  1   0   0   0   0   0   0   1   1   1   1   1   1   1   1   1 
  1   1   1   1   1   1   1   1   1   1   1   1   1   1   1   1 
  0   0   0   0   0   0   0   0   0   0   0   0   0   0   0   0 
  0   0   0   0   0   0   0   0   0   0   0   0   0   0   0   0 
  0   0   0   0   0   0   0   0   0   0   0   0   0   0   0   0 
  0   0   0   0   0   0   0   0   0   0   0   0   0   0   0   0 
  0   0   0   0   0   0   0   0   0   0   0   0   0   0   0   0 
  0   0   0   0   0   0   0   0   0   0   0   0   0   0   0   0 
  0   0   0   0   0   0   0   0   0   0   0   0   0   0   0   0 
  0   0   0   0   0   0   0   0   0   0   0   0   0   0   0   0 
  0   0   0   0   0   0   0   0   0   0   0   0   0   0   0   0 
  0   0   0   0   0   0   0   0   0   0   0   0   0   0   0   0 
  0   0   0   0   0   0   0   0   0   0   0   0   0   0   0   0 
  0   0   0   0   0   0   0   0   0   0   0   0   0   0   0   1 
  1   1   1   1   1   1   1   1   1   1   1   1   1   1   1   1 
  1   1   1   1   1   1   1   1   1   1   1   1   1   1   1   1 
  1   1   1   1   1   1   1   1   1   0   0   0   0   0   0   1 
  1   2   0   1   1   2   1   1   0   0   0   0   0   0   0   0 
  0   0   0   0   0   0   0   1   1   1   1   1   1   1   1   1 
  1   0   0   0   0   0   0   0   0   0   0   0   0   0   0   0 
  0   0   0   0   0   0   0   0   0   0   0   0   0   0   0   1 
 73   0   0   0   0   0   0   0   0   0   0   0   0   0   0   0 
  0   0   0   0   0   0   0   1   1   0   0   0   0   0   0   1 
  1   0   0   0   0   0   0   0   0   0   1   1   1   1   0   1 
  1   0   0   0   0   0   0   1   1   0   0   0   0   0   0   0 
  0   0   0   0   0   0   0   0   0   0   0   0   0   0   0   0 
  0   0   0   0   0   0   0   0   0   0   0   0   0   0   0   0 
  0   0   0   0   0   0   0   0   0   0   0   0   0   0   0   0 
  0   0   0   0   0   0   0   0   0   0   0   0   0   0   0   0 
  0   0   0   0   0   0   0   0   0   0   0   0   0   0   0   0 
  0   0   0   0   0   0   0   0   0   0   0   0   0   0   0   0 
  0   0   0   0   0   0   0   0   0   0   0   0   0   0   0   0 
  0   0   0   0   0   0   0   0   0   0   0   0   0   0   0   0 
  0   0   0   0   0   0   0   0   0   0   0   0   0   0   0   0 
  0   0   0   0   0   0   0   0   0   0   0   0   0   0   0   0 
  0   0   0   0   0   0   0   0   0   0   0   0   0   0   0   0 
  0   0   0   0   0   0   0   0   0   0   0   0   0   0   0   0 
  0   0   0   0   0   0   0   0   0   0   0   0   0   0   0   1 
  1   0   1   1   1   1   0   0   0   0   0   0   0   0   0   0 
  0   0   0   0   0   0   0   0   0   0   0   0   0   0   0   0 
  0   0   0   0   0   0   0   1   1   0   0   0   0   0   0   1 
  1   1   1   1   1   1   1   2   1   0   0   0   0   0   0   0 
  0   0   0   0   0   0   0   1   1   0   1   1   1   1   0   1 
  1   0   0   0   0   0   0   0   0   0   0   0   0   0   0   0 
  0   0   0   0   0   0   0   0   0   0   0   0   0   0   0   1 
 72   0   0   0   0   0   0   0   0   0   0   0   0   0   0   0 
  0   0   0   0   0   0   0   1   1   0   0   0   0   0   0   1 
  1   0   0   0   0   0   0   0   0   0   1   1   1   1   0   1 
  2   1   1   1   1   1   1   1   1   0   0   0   0   0   0   0 
  0   0   0   0   0   0   0   0   0   0   0   0   0   0   0   0 
  0   0   0   0   0   0   0   0   0   0   0   0   0   0   0   0 
  0   0   0   0   0   0   0   0   0   0   0   0   0   0   0   0 
  0   0   0   0   0   0   0   0   0   0   0   0   0   0   0   0 
  0   0   0   0   0   0   0   0   0   0   0   0   0   0   0   0 
  0   0   0   0   0   0   0   0   0   0   0   0   0   0   0   0 
  0   0   0   0   0   0   0   0   0   0   0   0   0   0   0   0 
  0   0   0   0   0   0   0   0   0   0   0   0   0   0   0   0 
  0   0   0   0   0   0   0   0   0   0   0   0   0   0   0   0 
  0   0   0   0   0   0   0   0   0   0   0   0   0   0   0   0 
  0   0   0   0   0   0   0   0   0   0   0   0   0   0   0   0 
  0   0   0   0   0   0   0   0   1   1   1   1   1   1   1   1 
  1   1   1   1   1   1   1   1   0   0   0   0   0   0   0   1 
  1   0   1   1   1   1   0   0   0   0   0   0   0   0   0   0 
  0   0   0   0   0   0   0   0   0   0   0   0   0   0   0   0 
  0   0   0   0   0   0   0   1   1   0   0   0   0   0   0   1 
  2   1   1   1   1   0   1   0   1   0   0   0   0   0   0   0 
  1   1   1   1   1   1   1   1   1   0   1   1   1   1   0   1 
  1   0   0   0   0   0   0   0   0   0   0   0   0   0   0   0 
  1   1   1   1   1   1   1   1   0   0   0   0   0   0   0   1 
 72   0   0   0   0   0   0   0   0   0   0   0   0   0   0   0 
  0   0   0   0   0   0   0   1   1   0   0   0   0   0   0   1 
  1   0   0   0   0   0   0   0   0   0   1   1   1   1   0   1 
  0   1   1   1   1   1   1   1   0   0   0   0   0   0   0   0 
  0   0   0   0   0   0   0   0   0   0   0   0   0   0   0   0 
  0   0   0   0   0   0   0   0   0   0   0   0   0   0   0   0 
  0   0   0   0   0   0   0   0   0   0   0   0   0   0   0   0 
  0   0   0   0   0   0   0   0   0   0   0   0   0   0   0   0 
  0   0   0   0   0   0   0   0   0   0   0   0   0   0   0   0 
  0   0   0   0   0   0   0   0   0   0   0   0   0   0   0   0 
  0   0   0   0   0   0   0   0   0   0   0   0   0   0   0   0 
  0   0   0   0   0   0   0   0   0   0   0   0   0   0   0   0 
  0   0   0   0   0   0   0   0   0   0   0   0   0   0   0   0 
  0   0   0   0   0   0   0   0   0   0   0   0   0   0   0   0 
  0   0   0   0   0   0   0   0   0   0   0   0   0   0   0   0 
  0   0   0   0   0   0   0   1   1   1   1   1   1   1   1   1 
  1   1   1   1   1   1   1   1   1   0   0   0   0   0   0   1 
  1   0   1   1   1   1   0   0   0   0   0   0   0   0   0   0 
  0   0   0   0   0   0   0   0   0   0   0   0   0   0   0   0 
  0   0   0   0   0   0   0   1   1   0   0   0   0   0   0   0 
  0   1   1   0   1   0   0   2   1   0   0   0   0   0   0   1 
  1   1   1   1   1   1   1   1   0   0   1   1   1   1   0   1 
  1   0   0   0   0   0   0   0   0   0   0   0   0   0   0   1 
  1   1   1   1   1   1   1   1   1   0   0   0   0   0   0   1 
 72   0   0   0   0   0   0   0   0   0   0   0   0   0   0   0 
  0   0   0   0   0   0   0   1   1   0   0   0   0   0   0   1 
  1   0   0   0   0   0   0   0   0   0   1   1   1   1   0   1 
  1   1   1   1   1   1   1   1   0   0   0   0   0   0   0   0 
  0   0   0   0   0   0   0   0   0   0   0   0   0   0   0   0 
  0   0   0   0   0   0   0   0   0   0   0   0   0   0   0   0 
  0   0   0   0   0   0   0   0   0   0   0   0   0   0   0   0 
  0   0   0   0   0   0   0   0   0   0   0   0   0   0   0   0 
  0   0   0   0   0   0   0   0   0   0   0   0   0   0   0   0 
  0   0   0   0   0   0   0   0   0   0   0   0   0   0   0   0 
  0   0   0   0   0   0   0   0   0   0   0   0   0   0   0   0 
  0   0   0   0   0   0   0   0   0   0   0   0   0   0   0   0 
  0   0   0   0   0   0   0   0   0   0   0   0   0   0   0   0 
  0   0   0   0   0   0   0   0   0   0   0   0   0   0   0   0 
  0   0   0   0   0   0   0   0   0   0   0   0   0   0   0   0 
  0   0   0   0   0   0   0   1   0   1   1   1   1   1   1   1 
  1   1   1   1   1   1   1   0   1   0   0   0   0   0   0   1 
  1   0   1   1   1   1   0   0   0   0   0   0   0   0   0   0 
  0   0   0   0   0   0   0   0   0   0   0   0   0   0   0   0 
  0   0   0   0   0   0   0   1   1   0   0   0   0   0   0   1 
  1   1   0   0   1   1   1   1   1   0   0   0   0   0   0   1 
  0   1   1   1   1   1   1   1   0   0   1   1   1   1   0   1 
  1   0   0   0   0   0   0   0   0   0   0   0   0   0   0   1 
  0   1   1   1   1   1   1   0   1   0   0   0   0   0   0   1 
 71   0   0   0   0   0   0   0   0   0   0   0   0   0   0   0 
  0   0   0   0   0   0   0   1   1   0   0   0   0   0   0   1 
  1   0   0   0   0   0   0   0   0   0   1   1   1   1   0   0 
  1   1   1   1   1   1   1   1   1   0   0   0   0   0   0   0 
  0   0   0   0   0   0   0   0   0   0   0   0   0   0   0   0 
  0   0   0   0   0   0   0   0   0   0   0   0   0   0   0   0 
  0   0   0   0   0   0   0   0   0   0   0   0   0   0   0   0 
  0   0   0   0   0   0   0   0   0   0   0   0   0   0   0   0 
  0   0   0   0   0   0   0   0   0   0   0   0   0   0   0   0 
  0   0   0   0   0   0   0   0   0   0   0   0   0   0   0   0 
  0   0   0   0   0   0   0   0   0   0   0   0   0   0   0   0 
  0   0   0   0   0   0   0   0   0   0   0   0   0   0   0   0 
  0   0   0   0   0   0   0   0   0   0   0   0   0   0   0   0 
  0   0   0   0   0   0   0   0   0   0   0   0   0   0   0   0 
  0   0   0   0   0   0   0   0   0   0   0   0   0   0   0   0 
  0   0   0   0   0   0   0   1   2   1   1   1   1   1   1   1 
  1   1   1   1   1   1   1   2   1   0   0   0   0   0   0   1 
  1   0   1   1   1   1   0   0   0   0   0   0   0   0   0   0 
  0   0   0   0   0   0   0   0   0   0   0   0   0   0   0   0 
  0   0   0   0   0   0   0   1   1   0   0   0   0   0   0   1 
  1   1   1   1   1   1   1   3   2   0   0   0   0   0   0   1 
  2   1   1   1   1   1   1   1   1   0   1   1   1   1   0   1 
  1   0   0   0   0   0   0   0   0   0   0   0   0   0   0   1 
  2   1   1   1   1   1   1   2   1   0   0   0   0   0   0   1 
 71   0   0   0   0   0   0   0   0   0   0   0   0   0   0   0 
  0   0   0   0   0   0   0   1   1   0   0   0   0   0   0   1 
  1   0   0   0   0   0   0   0   0   0   1   1   1   1   0   0 
  0   0   0   0   0   0   0   1   1   0   0   0   0   0   0   0 
  0   0   0   0   0   0   0   0   0   0   0   0   0   0   0   0 
  0   0   0   0   0   0   0   0   0   0   0   0   0   0   0   0 
  0   0   0   0   0   0   0   0   0   0   0   0   0   0   0   0 
  0   0   0   0   0   0   0   0   0   0   0   0   0   0   0   0 
  0   0   0   0   0   0   0   0   0   0   0   0   0   0   0   0 
  0   0   0   0   0   0   0   0   0   0   0   0   0   0   0   0 
  0   0   0   0   0   0   0   0   0   0   0   0   0   0   0   0 
  0   0   0   0   0   0   0   0   0   0   0   0   0   0   0   0 
  0   0   0   0   0   0   0   0   0   0   0   0   0   0   0   0 
  0   0   0   0   0   0   0   0   0   0   0   0   0   0   0   0 
  0   0   0   0   0   0   0   0   0   0   0   0   0   0   0   0 
  0   0   0   0   0   0   0   1   1   0   0   0   0   0   0   0 
  0   0   0   0   0   0   0   1   1   0   0   0   0   0   0   1 
  1   0   1   1   1   1   0   0   0   0   0   0   0   0   0   0 
  0   0   0   0   0   0   0   0   0   0   0   0   0   0   0   0 
  0   0   0   0   0   0   0   1   1   0   0   0   0   0   0   1 
  1   1   1   0   0   0   0   2   2   0   0   0   0   0   0   1 
  1   0   0   0   0   0   0   1   1   0   1   1   1   1   0   1 
  1   0   0   0   0   0   0   0   0   0   0   0   0   0   0   1 
  1   0   0   0   0   0   0   1   1   0   0   0   0   0   0   1 
 70   1   1   1   1   1   1   1   1   1   1   1   1   1   1   1 
  1   1   1   1   1   1   1   1   1   0   0   0   0   0   0   1 
  1   1   1   1   1   1   1   1   1   1   1   1   1   1   1   1 
  1   1   1   1   1   1   1   1   1   0   0   0   0   0   0   0 
  0   0   0   0   0   0   0   0   0   0   0   0   0   0   0   0 
  0   0   0   0   0   0   0   0   0   0   0   0   0   0   0   0 
  0   0   0   0   0   0   0   0   0   0   0   0   0   0   0   0 
  0   0   0   0   0   0   0   0   0   0   0   0   0   0   0   0 
  0   0   0   0   0   0   0   0   0   0   0   0   0   0   0   0 
  0   0   0   0   0   0   0   0   0   0   0   0   0   0   0   0 
  0   0   0   0   0   0   0   0   0   0   0   0   0   0   0   0 
  0   0   0   0   0   0   0   0   1   1   1   1   1   1   1   1 
  0   0   0   0   0   0   0   0   0   0   0   0   0   0   0   0 
  1   0   0   1   1   0   0   1   0   1   1   1   1   1   1   0 
  1   1   1   1   1   1   1   1   1   1   1   1   1   1   1   1 
  1   1   1   1   1   1   1   2   2   1   1   1   1   1   1   1 
  1   1   1   1   1   1   1   2   2   1   1   1   1   1   1   0 
  2   1   2   0   1   1   0   0   0   0   0   0   0   0   0   0 
  0   0   0   0   0   0   0   0   0   0   0   0   0   0   0   0 
  0   0   0   0   0   0   0   1   1   1   1   1   1   1   1   2 
  2   1   1   0   1   1   2   4   1   1   1   1   1   1   1   2 
  2   1   1   1   1   1   1   1   1   0   1   1   0   2   1   2 
  0   1   1   1   1   1   1   1   1   1   1   1   1   1   1   2 
  2   1   1   1   1   1   1   2   2   1   1   1   1   1   1   0 
 71   1   1   1   1   1   1   1   1   1   1   1   1   1   1   1 
  1   1   1   1   1   1   1   1   0   0   0   0   0   0   0   0 
  1   1   1   1   1   1   1   1   1   1   1   0   0   1   1   1 
  1   1   1   1   1   1   1   1   0   0   0   0   0   0   0   0 
  0   0   0   0   0   0   0   0   0   0   0   0   0   0   0   0 
  0   0   0   0   0   0   0   0   0   0   0   0   0   0   0   0 
  0   0   0   0   0   0   0   0   0   0   0   0   0   0   0   0 
  0   0   0   0   0   0   0   0   0   0   0   0   0   0   0   0 
  0   0   0   0   0   0   0   0   0   0   0   0   0   0   0   0 
  0   0   0   0   0   0   0   0   0   0   0   0   0   0   0   0 
  0   0   0   0   0   0   0   0   0   0   0   0   0   0   0   0 
  0   0   0   0   0   0   0   1   1   1   1   1   1   1   1   1 
  1   0   0   0   0   0   0   0   0   0   0   0   0   0   0   1 
  2   1   1   1   1   1   1   2   0   1   0   2   2   0   1   1 
  1   1   1   1   1   1   1   1   1   1   1   1   1   1   1   1 
  1   1   1   1   1   1   1   1   1   1   1   1   1   1   1   1 
  1   1   1   1   1   1   1   1   1   1   1   1   1   1   1   1 
  1   1   1   1   1   0   0   0   0   0   0   0   0   0   0   0 
  0   0   0   0   0   0   0   0   0   0   0   0   0   0   0   0 
  0   0   0   0   0   0   0   0   1   1   1   1   1   1   1   1 
  1   1   1   0   1   1   2   2   1   1   1   1   1   1   1   1 
  1   1   1   1   1   1   1   1   0   0   0   1   1   1   1   1 
  1   1   1   1   1   1   1   1   1   1   1   1   1   1   1   1 
  1   1   1   1   1   1   1   1   1   1   1   1   1   1   1   1 
 71   0   0   0   0   0   0   0   0   0   0   0   0   0   0   0 
  0   0   0   0   0   0   0   0   0   0   0   0   0   0   0   0 
  0   0   0   0   0   0   0   0   0   0   0   0   0   0   0   0 
  0   0   0   0   0   0   0   0   0   0   0   0   0   0   0   0 
  0   0   0   0   0   0   0   0   0   0   0   0   0   0   0   0 
  0   0   0   0   0   0   0   0   0   0   0   0   0   0   0   0 
  0   0   0   0   0   0   0   0   0   0   0   0   0   0   0   0 
  0   0   0   0   0   0   0   0   0   0   0   0   0   0   0   0 
  0   0   0   0   0   0   0   0   0   0   0   0   0   0   0   0 
  0   0   0   0   0   0   0   0   0   0   0   0   0   0   0   0 
  0   0   0   0   0   0   0   0   0   0   0   0   0   0   0   0 
  0   0   0   0   0   0   0   1   1   0   0   0   0   0   0   1 
  1   0   0   0   0   0   0   0   0   0   0   0   0   0   0   1 
  1   1   1   1   1   1   1   1   0   1   1   1   1   1   1   1 
  1   0   0   0   0   0   0   0   0   0   0   0   0   0   0   0 
  0   0   0   0   0   0   0   0   0   0   0   0   0   0   0   0 
  0   0   0   0   0   0   0   0   0   0   0   0   0   0   0   0 
  0   0   0   0   0   0   0   0   0   0   0   0   0   0   0   0 
  0   0   0   0   0   0   0   0   0   0   0   0   0   0   0   0 
  0   0   0   0   0   0   0   0   0   0   0   0   0   0   0   0 
  0   0   0   0   0   0   0   0   0   0   0   0   0   0   0   0 
  0   0   0   0   0   0   0   0   0   0   0   0   0   0   0   0 
  0   0   0   0   0   0   0   0   0   0   0   0   0   0   0   0 
  0   0   0   0   0   0   0   0   0   0   0   0   0   0   0   0 
 70   0   0   0   0   0   0   0   0   0   0   0   0   0   0   0 
  0   0   0   0   0   0   0   0   0   0   0   0   0   0   0   0 
  0   0   0   0   0   0   0   0   0   0   0   0   0   0   0   0 
  0   0   0   0   0   0   0   0   0   0   0   0   0   0   0   0 
  0   0   0   0   0   0   0   0   0   0   0   0   0   0   0   0 
  0   0   0   0   0   0   0   0   0   0   0   0   0   0   0   0 
  0   0   0   0   0   0   0   0   0   0   0   0   0   0   0   0 
  0   0   0   0   0   0   0   0   0   0   0   0   0   0   0   0 
  0   0   0   0   0   0   0   0   0   0   0   0   0   0   0   0 
  0   0   0   0   0   0   0   0   0   0   0   0   0   0   0   0 
  0   0   0   0   0   0   0   0   0   0   0   0   0   0   0   0 
  0   0   0   0   0   0   0   1   1   1   1   1   1   1   1   1 
  1   0   0   0   0   0   0   0   0   0   0   0   0   0   0   1 
  1   1   1   1   1   1   1   1   0   1   1   1   1   1   1   1 
  1   0   0   0   0   0   0   0   0   0   0   0   0   0   0   0 
  0   0   0   0   0   0   0   0   0   0   0   0   0   0   0   0 
  0   0   0   0   0   0   0   0   0   0   0   0   0   0   0   0 
  0   0   0   0   0   0   0   0   0   0   0   0   0   0   0   0 
  0   0   0   0   0   0   0   0   0   0   0   0   0   0   0   0 
  0   0   0   0   0   0   0   0   0   0   0   0   0   0   0   0 
  0   0   0   0   0   0   0   0   0   0   0   0   0   0   0   0 
  0   0   0   0   0   0   0   0   0   0   0   0   0   0   0   0 
  0   0   0   0   0   0   0   0   0   0   0   0   0   0   0   0 
  0   0   0   0   0   0   0   0   0   0   0   0   0   0   0   0 
 70   0   0   0   0   0   0   0   0   0   0   0   0   0   0   0 
  0   0   0   0   0   0   0   0   0   0   0   0   0   0   0   0 
  0   0   0   0   0   0   0   0   0   0   0   0   0   0   0   0 
  0   0   0   0   0   0   0   0   0   0   0   0   0   0   0   0 
  0   0   0   0   0   0   0   0   0   0   0   0   0   0   0   0 
  0   0   0   0   0   0   0   0   0   0   0   0   0   0   0   0 
  0   0   0   0   0   0   0   0   0   0   0   0   0   0   0   0 
  0   0   0   0   0   0   0   0   0   0   0   0   0   0   0   0 
  0   0   0   0   0   0   0   0   0   0   0   0   0   0   0   0 
  0   0   0   0   0   0   0   0   0   0   0   0   0   0   0   0 
  0   0   0   0   0   0   0   0   0   0   0   0   0   0   0   0 
  0   0   0   0   0   0   0   0   1   1   1   1   1   1   1   1 
  0   0   0   0   0   0   0   0   0   0   0   0   0   0   0   1 
  1   1   1   1   1   1   1   1   0   1   1   1   1   1   1   1 
  1   0   0   0   0   0   0   0   0   0   0   0   0   0   0   0 
  0   0   0   0   0   0   0   0   0   0   0   0   0   0   0   0 
  0   0   0   0   0   0   0   0   0   0   0   0   0   0   0   0 
  0   0   0   0   0   0   0   0   0   0   0   0   0   0   0   0 
  0   0   0   0   0   0   0   0   0   0   0   0   0   0   0   0 
  0   0   0   0   0   0   0   0   0   0   0   0   0   0   0   0 
  0   0   0   0   0   0   0   0   0   0   0   0   0   0   0   0 
  0   0   0   0   0   0   0   0   0   0   0   0   0   0   0   0 
  0   0   0   0   0   0   0   0   0   0   0   0   0   0   0   0 
  0   0   0   0   0   0   0   0   0   0   0   0   0   0   0   0 
 70   0   0   0   0   0   0   0   0   0   0   0   0   0   0   0 
  0   0   0   0   0   0   0   0   0   0   0   0   0   0   0   0 
  0   0   0   0   0   0   0   0   0   0   0   0   0   0   0   0 
  0   0   0   0   0   0   0   0   0   0   0   0   0   0   0   0 
  0   0   0   0   0   0   0   0   0   0   0   0   0   0   0   0 
  0   0   0   0   0   0   0   0   0   0   0   0   0   0   0   0 
  0   0   0   0   0   0   0   0   0   0   0   0   0   0   0   0 
  0   0   0   0   0   0   0   0   0   0   0   0   0   0   0   0 
  0   0   0   0   0   0   0   0   0   0   0   0   0   0   0   0 
  0   0   0   0   0   0   0   0   0   0   0   0   0   0   0   0 
  0   0   0   0   0   0   0   0   0   0   0   0   0   0   0   0 
  0   0   0   0   0   0   0   0   1   1   1   1   1   1   1   1 
  0   0   0   0   0   0   0   0   0   0   0   0   0   0   0   1 
  1   1   1   1   1   1   1   1   0   1   1   1   1   1   1   1 
  1   0   0   0   0   0   0   0   0   0   0   0   0   0   0   0 
  0   0   0   0   0   0   0   0   0   0   0   0   0   0   0   0 
  0   0   0   0   0   0   0   0   0   0   0   0   0   0   0   0 
  0   0   0   0   0   0   0   0   0   0   0   0   0   0   0   0 
  0   0   0   0   0   0   0   0   0   0   0   0   0   0   0   0 
  0   0   0   0   0   0   0   0   0   0   0   0   0   0   0   0 
  0   0   0   0   0   0   0   0   0   0   0   0   0   0   0   0 
  0   0   0   0   0   0   0   0   0   0   0   0   0   0   0   0 
  0   0   0   0   0   0   0   0   0   0   0   0   0   0   0   0 
  0   0   0   0   0   0   0   0   0   0   0   0   0   0   0   0 
 69   0   0   0   0   0   0   0   0   0   0   0   0   0   0   0 
  0   0   0   0   0   0   0   0   0   0   0   0   0   0   0   0 
  0   0   0   0   0   0   0   0   0   0   0   0   0   0   0   0 
  0   0   0   0   0   0   0   0   0   0   0   0   0   0   0   0 
  0   0   0   0   0   0   0   0   0   0   0   0   0   0   0   0 
  0   0   0   0   0   0   0   0   0   0   0   0   0   0   0   0 
  0   0   0   0   0   0   0   0   0   0   0   0   0   0   0   0 
  0   0   0   0   0   0   0   0   0   0   0   0   0   0   0   0 
  0   0   0   0   0   0   0   0   0   0   0   0   0   0   0   0 
  0   0   0   0   0   0   0   0   0   0   0   0   0   0   0   0 
  0   0   0   0   0   0   0   0   0   0   0   0   0   0   0   0 
  0   0   0   0   0   0   0   1   1   1   1   1   1   1   1   1 
  1   0   0   0   0   0   0   0   0   0   0   0   0   0   0   1 
  1   1   1   1   1   1   1   1   0   1   1   1   1   1   1   1 
  1   0   0   0   0   0   0   0   0   0   0   0   0   0   0   0 
  0   0   0   0   0   0   0   0   0   0   0   0   0   0   0   0 
  0   0   0   0   0   0   0   0   0   0   0   0   0   0   0   0 
  0   0   0   0   0   0   0   0   0   0   0   0   0   0   0   0 
  0   0   0   0   0   0   0   0   0   0   0   0   0   0   0   0 
  0   0   0   0   0   0   0   0   0   0   0   0   0   0   0   0 
  0   0   0   0   0   0   0   0   0   0   0   0   0   0   0   0 
  0   0   0   0   0   0   0   0   0   0   0   0   0   0   0   0 
  0   0   0   0   0   0   0   0   0   0   0   0   0   0   0   0 
  0   0   0   0   0   0   0   0   0   0   0   0   0   0   0   0 
 69   0   0   0   0   0   0   0   0   0   0   0   0   0   0   0 
  0   0   0   0   0   0   0   0   0   0   0   0   0   0   0   0 
  0   0   0   0   0   0   0   0   0   0   0   0   0   0   0   0 
  0   0   0   0   0   0   0   0   0   0   0   0   0   0   0   0 
  0   0   0   0   0   0   0   0   0   0   0   0   0   0   0   0 
  0   0   0   0   0   0   0   0   0   0   0   0   0   0   0   0 
  0   0   0   0   0   0   0   0   0   0   0   0   0   0   0   0 
  0   0   0   0   0   0   0   0   0   0   0   0   0   0   0   0 
  0   0   0   0   0   0   0   0   0   0   0   0   0   0   0   0 
  0   0   0   0   0   0   0   0   0   0   0   0   0   0   0   0 
  0   0   0   0   0   0   0   0   0   0   0   0   0   0   0   0 
  0   0   0   0   0   0   0   1   1   0   0   0   0   0   0   1 
  1   0   0   0   0   0   0   0   0   0   0   0   0   0   0   1 
  1   1   1   1   1   1   1   1   0   1   1   1   1   1   1   1 
  1   0   0   0   0   0   0   0   0   0   0   0   0   0   0   0 
  0   0   0   0   0   0   0   0   0   0   0   0   0   0   0   0 
  0   0   0   0   0   0   0   0   0   0   0   0   0   0   0   0 
  0   0   0   0   0   0   0   0   0   0   0   0   0   0   0   0 
  0   0   0   0   0   0   0   0   0   0   0   0   0   0   0   0 
  0   0   0   0   0   0   0   0   0   0   0   0   0   0   0   0 
  0   0   0   0   0   0   0   0   0   0   0   0   0   0   0   0 
  0   0   0   0   0   0   0   0   0   0   0   0   0   0   0   0 
  0   0   0   0   0   0   0   0   0   0   0   0   0   0   0   0 
  0   0   0   0   0   0   0   0   0   0   0   0   0   0   0   0 
 69   0   0   0   0   0   0   0   0   0   0   0   0   0   0   0 
  0   0   0   0   0   0   0   0   0   0   0   0   0   0   0   0 
  0   0   0   0   0   0   0   0   0   0   0   0   0   0   0   0 
  0   0   0   0   0   0   0   0   0   0   0   0   0   0   0   0 
  0   0   0   0   0   0   0   0   0   0   0   0   0   0   0   0 
  0   0   0   0   0   0   0   0   0   0   0   0   0   0   0   0 
  1   1   1   1   1   1   1   1   0   0   0   0   0   0   0   0 
  1   1   1   1   1   1   1   1   1   1   1   1   1   1   1   1 
  1   1   1   1   1   1   1   1   0   0   0   0   0   0   0   0 
  0   0   0   0   0   0   0   0   1   1   1   1   1   1   1   1 
  1   1   1   1   1   1   1   1   1   1   1   1   1   1   1   1 
  1   1   1   1   1   1   1   1   1   0   0   0   0   0   0   1 
  1   1   1   1   1   1   1   1   1   1   1   1   1   1   1   0 
  2   0   1   1   1   1   0   2   1   1   1   1   1   1   1   2 
  1   0   0   0   0   0   0   0   0   0   0   0   0   0   0   0 
  0   0   0   0   0   0   0   0   0   0   0   0   0   0   0   0 
  0   0   0   0   0   0   0   0   0   0   0   0   0   0   0   0 
  0   0   0   0   0   0   0   0   0   0   0   0   0   0   0   0 
  0   0   0   0   0   0   0   0   0   0   0   0   0   0   0   0 
  0   0   0   0   0   0   0   0   0   0   0   0   0   0   0   0 
  0   0   0   0   0   0   0   0   0   0   0   0   0   0   0   0 
  0   0   0   0   0   0   0   0   0   0   0   0   0   0   0   0 
  0   0   0   0   0   0   0   0   0   0   0   0   0   0   0   0 
  0   0   0   0   0   0   0   0   0   0   0   0   0   0   0   0 
 68   0   0   0   0   0   0   0   0   0   0   0   0   0   0   0 
  0   0   0   0   0   0   0   0   0   0   0   0   0   0   0   0 
  0   0   0   0   0   0   0   0   0   0   0   0   0   0   0   0 
  0   0   0   0   0   0   0   0   0   0   0   0   0   0   0   0 
  0   0   0   0   0   0   0   0   0   0   0   0   0   0   0   0 
  0   0   0   0   0   0   0   0   0   0   0   0   0   0   0   1 
  1   1   1   1   1   1   1   1   1   0   0   0   0   0   0   1 
  1   1   1   1   1   1   1   2   2   1   1   1   1   1   1   2 
  2   1   1   1   1   1   1   1   1   0   0   0   0   0   0   0 
  0   0   0   0   0   0   0   1   1   1   1   1   1   1   1   1 
  1   1   1   1   1   1   1   1   1   1   1   1   1   1   1   1 
  1   1   1   1   1   1   1   1   0   0   0   0   0   0   0   0 
  1   1   1   1   1   1   1   1   1   1   1   1   1   1   1   1 
  1   1   1   0   0   1   1   1   1   0   0   1   1   0   0   1 
  0   0   0   0   0   0   0   0   0   0   0   0   0   0   0   0 
  0   0   0   0   0   0   0   0   0   0   0   0   0   0   0   0 
  0   0   0   0   0   0   0   0   0   0   0   0   0   0   0   0 
  0   0   0   0   0   0   0   0   0   0   0   0   0   0   0   0 
  0   0   0   0   0   0   0   0   0   0   0   0   0   0   0   0 
  0   0   0   0   0   0   0   0   0   0   0   0   0   0   0   0 
  0   0   0   0   0   0   0   0   0   0   0   0   0   0   0   0 
  0   0   0   0   0   0   0   0   0   0   0   0   0   0   0   0 
  0   0   0   0   0   0   0   0   0   0   0   0   0   0   0   0 
  0   0   0   0   0   0   0   0   0   0   0   0   0   0   0   0 
 67   0   0   0   0   0   0   0   0   0   0   0   0   0   0   0 
  0   0   0   0   0   0   0   0   0   0   0   0   0   0   0   0 
  0   0   0   0   0   0   0   0   0   0   0   0   0   0   0   0 
  0   0   0   0   0   0   0   0   0   0   0   0   0   0   0   0 
  0   0   0   0   0   0   0   0   0   0   0   0   0   0   0   0 
  0   0   0   0   0   0   0   0   0   0   0   0   0   0   0   1 
  1   0   0   0   0   0   0   1   1   0   0   0   0   0   0   1 
  1   0   0   0   0   0   0   1   1   0   0   0   0   0   0   1 
  1   0   0   0   0   0   0   1   1   0   0   0   0   0   0   0 
  0   0   0   0   0   0   0   1   1   0   0   0   0   0   0   0 
  0   0   0   0   0   0   0   0   0   0   0   0   0   0   0   0 
  0   0   0   0   0   0   0   0   0   0   0   0   0   0   0   0 
  0   0   0   0   0   0   0   0   0   0   0   0   0   0   0   0 
  0   0   0   0   0   0   0   0   0   0   0   0   0   0   0   0 
  0   0   0   0   0   0   0   0   0   0   0   0   0   0   0   0 
  0   0   0   0   0   0   0   0   0   0   0   0   0   0   0   0 
  0   0   0   0   0   0   0   0   0   0   0   0   0   0   0   0 
  0   0   0   0   0   0   0   0   0   0   0   0   0   0   0   0 
  0   0   0   0   0   0   0   0   0   0   0   0   0   0   0   0 
  0   0   0   0   0   0   0   0   0   0   0   0   0   0   0   0 
  0   0   0   0   0   0   0   0   0   0   0   0   0   0   0   0 
  0   0   0   0   0   0   0   0   0   0   0   0   0   0   0   0 
  0   0   0   0   0   0   0   0   0   0   0   0   0   0   0   0 
  0   0   0   0   0   0   0   0   0   0   0   0   0   0   0   0 
 67   0   0   0   0   0   0   0   0   0   0   0   0   0   0   0 
  0   0   0   0   0   0   0   0   0   0   0   0   0   0   0   0 
  0   0   0   0   0   0   0   0   0   0   0   0   0   0   0   0 
  0   0   0   0   0   0   0   0   0   0   0   0   0   0   0   0 
  0   0   0   0   0   0   0   0   0   0   0   0   0   0   0   0 
  0   0   0   0   0   0   0   0   0   0   0   0   0   0   0   1 
  1   1   1   1   1   1   1   1   0   1   1   1   1   1   1   1 
  1   0   0   0   0   0   0   1   2   1   1   1   1   1   1   2 
  1   0   0   0   0   0   0   1   1   1   1   1   1   1   1   1 
  0   0   0   0   0   0   0   1   1   0   0   0   0   0   0   0 
  0   0   0   0   0   0   0   0   0   0   0   0   0   0   0   0 
  0   0   0   0   0   0   0   0   0   0   0   0   0   0   0   0 
  0   0   0   0   0   0   0   0   0   0   0   0   0   0   0   0 
  0   0   0   0   0   0   0   0   0   0   0   0   0   0   0   0 
  0   0   0   0   0   0   0   0   0   0   0   0   0   0   0   0 
  0   0   0   0   0   0   0   0   0   0   0   0   0   0   0   0 
  0   0   0   0   0   0   0   0   0   0   0   0   0   0   0   0 
  0   0   0   0   0   0   0   0   0   0   0   0   0   0   0   0 
  0   0   0   0   0   0   0   0   0   0   0   0   0   0   0   0 
  0   0   0   0   0   0   0   0   0   0   0   0   0   0   0   0 
  0   0   0   0   0   0   0   0   0   0   0   0   0   0   0   0 
  0   0   0   0   0   0   0   0   0   0   0   0   0   0   0   0 
  0   0   0   0   0   0   0   0   0   0   0   0   0   0   0   0 
  0   0   0   0   0   0   0   0   0   0   0   0   0   0   0   0 
 67   0   0   0   0   0   0   0   0   0   0   0   0   0   0   0 
  0   0   0   0   0   0   0   0   0   0   0   0   0   0   0   0 
  0   0   0   0   0   0   0   0   0   0   0   0   0   0   0   0 
  0   0   0   0   0   0   0   0   0   0   0   0   0   0   0   0 
  0   0   0   0   0   0   0   0   0   0   0   0   0   0   0   0 
  0   0   0   0   0   0   0   0   0   0   0   0   0   0   0   0 
  1   1   1   1   1   1   1   0   1   1   1   1   1   1   1   1 
  0   0   0   0   0   0   0   1   0   1   1   1   1   1   1   0 
  1   0   0   0   0   0   0   0   1   1   1   1   1   1   1   1 
  1   0   0   0   0   0   0   1   1   0   0   0   0   0   0   0 
  0   0   0   0   0   0   0   0   0   0   0   0   0   0   0   0 
  0   0   0   0   0   0   0   0   0   0   0   0   0   0   0   0 
  0   0   0   0   0   0   0   0   0   0   0   0   0   0   0   0 
  0   0   0   0   0   0   0   0   0   0   0   0   0   0   0   0 
  0   0   0   0   0   0   0   0   0   0   0   0   0   0   0   0 
  0   0   0   0   0   0   0   0   0   0   0   0   0   0   0   0 
  0   0   0   0   0   0   0   0   0   0   0   0   0   0   0   0 
  0   0   0   0   0   0   0   0   0   0   0   0   0   0   0   0 
  0   0   0   0   0   0   0   0   0   0   0   0   0   0   0   0 
  0   0   0   0   0   0   0   0   0   0   0   0   0   0   0   0 
  0   0   0   0   0   0   0   0   0   0   0   0   0   0   0   0 
  0   0   0   0   0   0   0   0   0   0   0   0   0   0   0   0 
  0   0   0   0   0   0   0   0   0   0   0   0   0   0   0   0 
  0   0   0   0   0   0   0   0   0   0   0   0   0   0   0   0 
 66   0   0   0   0   0   0   0   0   0   0   0   0   0   0   0 
  0   0   0   0   0   0   0   0   0   0   0   0   0   0   0   0 
  0   0   0   0   0   0   0   0   0   0   0   0   0   0   0   0 
  0   0   0   0   0   0   0   0   0   0   0   0   0   0   0   0 
  0   0   0   0   0   0   0   0   0   0   0   0   0   0   0   0 
  0   0   0   0   0   0   0   0   0   0   0   0   0   0   0   0 
  1   1   1   1   1   1   1   1   0   1   1   1   1   1   1   1 
  0   0   0   0   0   0   0   1   1   1   1   1   1   1   1   1 
  1   0   0   0   0   0   0   0   1   1   1   1   1   1   1   0 
  1   0   0   0   0   0   0   1   1   0   0   0   0   0   0   0 
  0   0   0   0   0   0   0   0   0   0   0   0   0   0   0   0 
  0   0   0   0   0   0   0   0   0   0   0   0   0   0   0   0 
  0   0   0   0   0   0   0   0   0   0   0   0   0   0   0   0 
  0   0   0   0   0   0   0   0   0   0   0   0   0   0   0   0 
  0   0   0   0   0   0   0   0   0   0   0   0   0   0   0   0 
  0   0   0   0   0   0   0   0   0   0   0   0   0   0   0   0 
  0   0   0   0   0   0   0   0   0   0   0   0   0   0   0   0 
  0   0   0   0   0   0   0   0   0   0   0   0   0   0   0   0 
  0   0   0   0   0   0   0   0   0   0   0   0   0   0   0   0 
  0   0   0   0   0   0   0   0   0   0   0   0   0   0   0   0 
  0   0   0   0   0   0   0   0   0   0   0   0   0   0   0   0 
  0   0   0   0   0   0   0   0   0   0   0   0   0   0   0   0 
  0   0   0   0   0   0   0   0   0   0   0   0   0   0   0   0 
  0   0   0   0   0   0   0   0   0   0   0   0   0   0   0   0 
 66   0   0   0   0   0   0   0   0   0   0   0   0   0   0   0 
  0   0   0   0   0   0   0   0   0   0   0   0   0   0   0   0 
  0   0   0   0   0   0   0   0   0   0   0   0   0   0   0   0 
  0   0   0   0   0   0   0   0   0   0   0   0   0   0   0   0 
  0   0   0   0   0   0   0   0   0   0   0   0   0   0   0   0 
  0   0   0   0   0   0   0   0   0   0   0   0   0   0   0   1 
  1   1   1   1   1   1   1   0   1   1   1   1   1   1   1   1 
  1   0   0   0   0   0   0   0   1   1   1   1   1   1   1   1 
  0   0   0   0   0   0   0   1   1   1   1   1   1   1   1   2 
  1   0   0   0   0   0   0   1   1   0   0   0   0   0   0   0 
  0   0   0   0   0   0   0   0   0   0   0   0   0   0   0   0 
  0   0   0   0   0   0   0   0   0   0   0   0   0   0   0   0 
  0   0   0   0   0   0   0   0   0   0   0   0   0   0   0   0 
  0   0   0   0   0   0   0   0   0   0   0   0   0   0   0   0 
  0   0   0   0   0   0   0   0   0   0   0   0   0   0   0   0 
  0   0   0   0   0   0   0   0   0   0   0   0   0   0   0   0 
  0   0   0   0   0   0   0   0   0   0   0   0   0   0   0   0 
  0   0   0   0   0   0   0   0   0   0   0   0   0   0   0   0 
  0   0   0   0   0   0   0   0   0   0   0   0   0   0   0   0 
  0   0   0   0   0   0   0   0   0   0   0   0   0   0   0   0 
  0   0   0   0   0   0   0   0   0   0   0   0   0   0   0   0 
  0   0   0   0   0   0   0   0   0   0   0   0   0   0   0   0 
  0   0   0   0   0   0   0   0   0   0   0   0   0   0   0   0 
  0   0   0   0   0   0   0   0   0   0   0   0   0   0   0   0 
 66   0   0   0   0   0   0   0   0   0   0   0   0   0   0   0 
  0   0   0   0   0   0   0   0   0   0   0   0   0   0   0   0 
  0   0   0   0   0   0   0   0   0   0   0   0   0   0   0   0 
  0   0   0   0   0   0   0   0   0   0   0   0   0   0   0   0 
  0   0   0   0   0   0   0   0   0   0   0   0   0   0   0   0 
  0   0   0   0   0   0   0   0   0   0   0   0   0   0   0   1 
  1   0   0   0   0   0   0   1   1   0   0   0   0   0   0   1 
  1   0   0   0   0   0   0   0   0   0   0   0   0   0   0   0 
  0   0   0   0   0   0   0   1   1   0   0   0   0   0   0   1 
  1   0   0   0   0   0   0   1   1   0   0   0   0   0   0   0 
  0   0   0   0   0   0   0   0   0   0   0   0   0   0   0   0 
  0   0   0   0   0   0   0   0   0   0   0   0   0   0   0   0 
  0   0   0   0   0   0   0   0   0   0   0   0   0   0   0   0 
  0   0   0   0   0   0   0   0   0   0   0   0   0   0   0   0 
  0   0   0   0   0   0   0   0   0   0   0   0   0   0   0   0 
  0   0   0   0   0   0   0   0   0   0   0   0   0   0   0   0 
  0   0   0   0   0   0   0   0   0   0   0   0   0   0   0   0 
  0   0   0   0   0   0   0   0   0   0   0   0   0   0   0   0 
  0   0   0   0   0   0   0   0   0   0   0   0   0   0   0   0 
  0   0   0   0   0   0   0   0   0   0   0   0   0   0   0   0 
  0   0   0   0   0   0   0   0   0   0   0   0   0   0   0   0 
  0   0   0   0   0   0   0   0   0   0   0   0   0   0   0   0 
  0   0   0   0   0   0   0   0   0   0   0   0   0   0   0   0 
  0   0   0   0   0   0   0   0   0   0   0   0   0   0   0   0 
 65   0   0   0   0   0   0   0   0   0   0   0   0   0   0   0 
  0   0   0   0   0   0   0   0   0   0   0   0   0   0   0   0 
  0   0   0   0   0   0   0   0   0   0   0   0   0   0   0   0 
  1   1   1   1   1   1   1   1   0   0   0   0   0   0   0   0 
  0   0   0   0   0   0   0   0   0   0   0   0   0   0   0   0 
  1   1   1   1   1   1   1   1   1   1   1   1   1   1   1   1 
  1   1   1   0   0   1   1   1   1   1   1   1   1   1   1   1 
  1   0   0   0   0   0   0   0   0   0   0   0   0   0   0   0 
  0   0   0   0   0   0   0   1   1   1   1   1   1   1   1   2 
  2   1   1   1   1   1   1   1   1   0   0   0   0   0   0   0 
  0   0   0   0   0   0   0   0   0   0   0   0   0   0   0   0 
  0   0   0   0   0   0   0   0   0   0   0   0   0   0   0   0 
  0   0   0   0   0   0   0   0   0   0   0   0   0   0   0   0 
  0   0   0   0   0   0   0   0   0   0   0   0   0   0   0   0 
  0   0   0   0   0   0   0   0   0   0   0   0   0   0   0   0 
  0   0   0   0   0   0   0   0   0   0   0   0   0   0   0   0 
  0   0   0   0   0   0   0   0   0   0   0   0   0   0   0   0 
  0   0   0   0   0   0   0   0   0   0   0   0   0   0   0   0 
  0   0   0   0   0   0   0   0   0   0   0   0   0   0   0   0 
  0   0   0   0   0   0   0   0   0   0   0   0   0   0   0   0 
  0   0   0   0   0   0   0   0   0   0   0   0   0   0   0   0 
  0   0   0   0   0   0   0   0   0   0   0   0   0   0   0   0 
  0   0   0   0   0   0   0   0   0   0   0   0   0   0   0   0 
  0   0   0   0   0   0   0   0   0   0   0   0   0   0   0   0 
 65   0   0   0   0   0   0   0   0   0   0   0   0   0   0   0 
  0   0   0   0   0   0   0   0   0   0   0   0   0   0   0   0 
  0   0   0   0   0   0   0   0   0   0   0   0   0   0   0   1 
  1   1   1   1   1   1   1   1   1   0   0   0   0   0   0   0 
  0   0   0   0   0   0   0   0   0   0   0   0   0   0   0   1 
  1   1   1   1   1   1   1   1   1   1   1   1   1   1   1   1 
  1   1   1   1   1   1   1   1   1   1   1   1   1   1   1   1 
  0   0   0   0   0   0   0   0   0   0   0   0   0   0   0   0 
  0   0   0   0   0   0   0   0   1   1   1   1   1   1   1   1 
  1   1   1   1   1   1   1   1   0   0   0   0   0   0   0   0 
  0   0   0   0   0   0   0   0   0   0   0   0   0   0   0   0 
  0   0   0   0   0   0   0   0   0   0   0   0   0   0   0   0 
  0   0   0   0   0   0   0   0   0   0   0   0   0   0   0   0 
  0   0   0   0   0   0   0   0   0   0   0   0   0   0   0   0 
  0   0   0   0   0   0   0   0   0   0   0   0   0   0   0   0 
  0   0   0   0   0   0   0   0   0   0   0   0   0   0   0   0 
  0   0   0   0   0   0   0   0   0   0   0   0   0   0   0   0 
  0   0   0   0   0   0   0   0   0   0   0   0   0   0   0   0 
  0   0   0   0   0   0   0   0   0   0   0   0   0   0   0   0 
  0   0   0   0   0   0   0   0   0   0   0   0   0   0   0   0 
  0   0   0   0   0   0   0   0   0   0   0   0   0   0   0   0 
  0   0   0   0   0   0   0   0   0   0   0   0   0   0   0   0 
  0   0   0   0   0   0   0   0   0   0   0   0   0   0   0   0 
  0   0   0   0   0   0   0   0   0   0   0   0   0   0   0   0 
 65   0   0   0   0   0   0   0   0   0   0   0   0   0   0   0 
  0   0   0   0   0   0   0   0   0   0   0   0   0   0   0   0 
  0   0   0   0   0   0   0   0   0   0   0   0   0   0   0   1 
  1   0   0   0   0   0   0   1   1   0   0   0   0   0   0   0 
  0   0   0   0   0   0   0   0   0   0   0   0   0   0   0   1 
  1   0   0   0   0   0   0   0   0   0   0   0   0   0   0   1 
  1   0   1   1   1   1   0   1   1   0   0   0   0   0   0   0 
  0   0   0   0   0   0   0   0   0   0   0   0   0   0   0   0 
  0   0   0   0   0   0   0   0   0   0   0   0   0   0   0   0 
  0   0   0   0   0   0   0   0   0   0   0   0   0   0   0   0 
  0   0   0   0   0   0   0   0   0   0   0   0   0   0   0   0 
  0   0   0   0   0   0   0   0   0   0   0   0   0   0   0   0 
  0   0   0   0   0   0   0   0   0   0   0   0   0   0   0   0 
  0   0   0   0   0   0   0   0   0   0   0   0   0   0   0   0 
  0   0   0   0   0   0   0   0   0   0   0   0   0   0   0   0 
  0   0   0   0   0   0   0   0   0   0   0   0   0   0   0   0 
  0   0   0   0   0   0   0   0   0   0   0   0   0   0   0   0 
  0   0   0   0   0   0   0   0   0   0   0   0   0   0   0   0 
  0   0   0   0   0   0   0   0   0   0   0   0   0   0   0   0 
  0   0   0   0   0   0   0   0   0   0   0   0   0   0   0   0 
  0   0   0   0   0   0   0   0   0   0   0   0   0   0   0   0 
  0   0   0   0   0   0   0   0   0   0   0   0   0   0   0   0 
  0   0   0   0   0   0   0   0   0   0   0   0   0   0   0   0 
  0   0   0   0   0   0   0   0   0   0   0   0   0   0   0   0 
 65   0   0   0   0   0   0   0   0   0   0   0   0   0   0   0 
  0   0   0   0   0   0   0   0   0   0   0   0   0   0   0   0 
  0   0   0   0   0   0   0   0   0   0   0   0   0   0   0   1 
  1   0   0   0   0   0   0   1   1   0   0   0   0   0   0   0 
  1   1   1   1   1   1   1   1   0   0   0   0   0   0   0   1 
  1   0   0   0   0   0   0   0   0   0   0   0   0   0   0   1 
  1   0   1   1   1   1   0   1   1   0   0   0   0   0   0   0 
  0   0   0   0   0   0   0   0   0   0   0   0   0   0   0   0 
  0   0   0   0   0   0   0   0   0   0   0   0   0   0   0   0 
  0   0   0   0   0   0   0   0   0   0   0   0   0   0   0   0 
  0   0   0   0   0   0   0   0   0   0   0   0   0   0   0   0 
  0   0   0   0   0   0   0   0   0   0   0   0   0   0   0   0 
  0   0   0   0   0   0   0   0   0   0   0   0   0   0   0   0 
  0   0   0   0   0   0   0   0   0   0   0   0   0   0   0   0 
  0   0   0   0   0   0   0   0   0   0   0   0   0   0   0   0 
  0   0   0   0   0   0   0   0   0   0   0   0   0   0   0   0 
  0   0   0   0   0   0   0   0   0   0   0   0   0   0   0   0 
  0   0   0   0   0   0   0   0   0   0   0   0   0   0   0   0 
  0   0   0   0   0   0   0   0   0   0   0   0   0   0   0   0 
  0   0   0   0   0   0   0   0   0   0   0   0   0   0   0   0 
  0   0   0   0   0   0   0   0   0   0   0   0   0   0   0   0 
  0   0   0   0   0   0   0   0   0   0   0   0   0   0   0   0 
  0   0   0   0   0   0   0   0   0   0   0   0   0   0   0   0 
  0   0   0   0   0   0   0   0   0   0   0   0   0   0   0   0 
 64   0   0   0   0   0   0   0   0   0   0   0   0   0   0   0 
  0   0   0   0   0   0   0   0   0   0   0   0   0   0   0   0 
  0   0   0   0   0   0   0   0   0   0   0   0   0   0   0   1 
  1   0   0   0   0   0   0   1   1   0   0   0   0   0   0   1 
  1   1   1   1   1   1   1   1   1   0   0   0   0   0   0   1 
  1   0   0   0   0   0   0   0   0   0   0   0   0   0   0   1 
  1   0   1   1   1   1   0   1   1   0   0   0   0   0   0   0 
  0   0   0   0   0   0   0   0   0   0   0   0   0   0   0   0 
  0   0   0   0   0   0   0   0   0   0   0   0   0   0   0   0 
  0   0   0   0   0   0   0   0   0   0   0   0   0   0   0   0 
  0   0   0   0   0   0   0   0   0   0   0   0   0   0   0   0 
  0   0   0   0   0   0   0   0   0   0   0   0   0   0   0   0 
  0   0   0   0   0   0   0   0   0   0   0   0   0   0   0   0 
  0   0   0   0   0   0   0   0   0   0   0   0   0   0   0   0 
  0   0   0   0   0   0   0   0   0   0   0   0   0   0   0   0 
  0   0   0   0   0   0   0   0   0   0   0   0   0   0   0   0 
  0   0   0   0   0   0   0   0   0   0   0   0   0   0   0   0 
  0   0   0   0   0   0   0   0   0   0   0   0   0   0   0   0 
  0   0   0   0   0   0   0   0   0   0   0   0   0   0   0   0 
  0   0   0   0   0   0   0   0   0   0   0   0   0   0   0   0 
  0   0   0   0   0   0   0   0   0   0   0   0   0   0   0   0 
  0   0   0   0   0   0   0   0   0   0   0   0   0   0   0   0 
  0   0   0   0   0   0   0   0   0   0   0   0   0   0   0   0 
  0   0   0   0   0   0   0   0   0   0   0   0   0   0   0   0 
 64   0   0   0   0   0   0   0   0   0   0   0   0   0   0   0 
  0   0   0   0   0   0   0   0   0   0   0   0   0   0   0   0 
  0   0   0   0   0   0   0   0   0   0   0   0   0   0   0   1 
  1   0   0   0   0   0   0   1   1   0   0   0   0   0   0   1 
  0   1   1   1   1   1   1   0   1   0   0   0   0   0   0   1 
  1   0   0   0   0   0   0   0   0   0   0   0   0   0   0   1 
  1   0   1   1   1   1   0   1   1   0   0   0   0   0   0   0 
  0   0   0   0   0   0   0   0   0   0   0   0   0   0   0   0 
  0   0   0   0   0   0   0   0   0   0   0   0   0   0   0   0 
  0   0   0   0   0   0   0   0   0   0   0   0   0   0   0   0 
  0   0   0   0   0   0   0   0   0   0   0   0   0   0   0   0 
  0   0   0   0   0   0   0   0   0   0   0   0   0   0   0   0 
  0   0   0   0   0   0   0   0   0   0   0   0   0   0   0   0 
  0   0   0   0   0   0   0   0   0   0   0   0   0   0   0   0 
  0   0   0   0   0   0   0   0   0   0   0   0   0   0   0   0 
  0   0   0   0   0   0   0   0   0   0   0   0   0   0   0   0 
  0   0   0   0   0   0   0   0   0   0   0   0   0   0   0   0 
  0   0   0   0   0   0   0   0   0   0   0   0   0   0   0   0 
  0   0   0   0   0   0   0   0   0   0   0   0   0   0   0   0 
  0   0   0   0   0   0   0   0   0   0   0   0   0   0   0   0 
  0   0   0   0   0   0   0   0   0   0   0   0   0   0   0   0 
  0   0   0   0   0   0   0   0   0   0   0   0   0   0   0   0 
  0   0   0   0   0   0   0   0   0   0   0   0   0   0   0   0 
  0   0   0   0   0   0   0   0   0   0   0   0   0   0   0   0 
 64   0   0   0   0   0   0   0   0   0   0   0   0   0   0   0 
  0   0   0   0   0   0   0   0   0   0   0   0   0   0   0   0 
  0   0   0   0   0   0   0   0   0   0   0   0   0   0   0   1 
  1   0   0   0   0   0   0   1   1   0   0   0   0   0   0   1 
  2   1   1   1   1   1   1   2   1   0   0   0   0   0   0   1 
  1   0   0   0   0   0   0   0   0   0   0   0   0   0   0   1 
  1   0   1   1   1   1   0   1   1   0   0   0   0   0   0   0 
  0   0   0   0   0   0   0   0   0   0   0   0   0   0   0   0 
  0   0   0   0   0   0   0   0   0   0   0   0   0   0   0   0 
  0   0   0   0   0   0   0   0   0   0   0   0   0   0   0   0 
  0   0   0   0   0   0   0   0   0   0   0   0   0   0   0   0 
  0   0   0   0   0   0   0   0   0   0   0   0   0   0   0   0 
  0   0   0   0   0   0   0   0   0   0   0   0   0   0   0   0 
  0   0   0   0   0   0   0   0   0   0   0   0   0   0   0   0 
  0   0   0   0   0   0   0   0   0   0   0   0   0   0   0   0 
  0   0   0   0   0   0   0   0   0   0   0   0   0   0   0   0 
  0   0   0   0   0   0   0   0   0   0   0   0   0   0   0   0 
  0   0   0   0   0   0   0   0   0   0   0   0   0   0   0   0 
  0   0   0   0   0   0   0   0   0   0   0   0   0   0   0   0 
  0   0   0   0   0   0   0   0   0   0   0   0   0   0   0   0 
  0   0   0   0   0   0   0   0   0   0   0   0   0   0   0   0 
  0   0   0   0   0   0   0   0   0   0   0   0   0   0   0   0 
  0   0   0   0   0   0   0   0   0   0   0   0   0   0   0   0 
  0   0   0   0   0   0   0   0   0   0   0   0   0   0   0   0 
 63   0   0   0   0   0   0   0   0   0   0   0   0   0   0   0 
  0   0   0   0   0   0   0   0   0   0   0   0   0   0   0   0 
  0   0   0   0   0   0   0   0   0   0   0   0   0   0   0   1 
  1   0   0   0   0   0   0   1   1   0   0   0   0   0   0   1 
  1   0   0   0   0   0   0   1   1   0   0   0   0   0   0   1 
  1   0   0   0   0   0   0   0   0   0   0   0   0   0   0   1 
  1   0   1   1   1   1   0   1   1   0   0   0   0   0   0   0 
  0   0   0   0   0   0   0   0   0   0   0   0   0   0   0   0 
  0   0   0   0   0   0   0   0   0   0   0   0   0   0   0   0 
  0   0   0   0   0   0   0   0   0   0   0   0   0   0   0   0 
  0   0   0   0   0   0   0   0   0   0   0   0   0   0   0   0 
  0   0   0   0   0   0   0   0   0   0   0   0   0   0   0   0 
  0   0   0   0   0   0   0   0   0   0   0   0   0   0   0   0 
  0   0   0   0   0   0   0   0   0   0   0   0   0   0   0   0 
  0   0   0   0   0   0   0   0   0   0   0   0   0   0   0   0 
  0   0   0   0   0   0   0   0   0   0   0   0   0   0   0   0 
  0   0   0   0   0   0   0   0   0   0   0   0   0   0   0   0 
  0   0   0   0   0   0   0   0   0   0   0   0   0   0   0   0 
  0   0   0   0   0   0   0   0   0   0   0   0   0   0   0   0 
  0   0   0   0   0   0   0   0   0   0   0   0   0   0   0   0 
  0   0   0   0   0   0   0   0   0   0   0   0   0   0   0   0 
  0   0   0   0   0   0   0   0   0   0   0   0   0   0   0   0 
  0   0   0   0   0   0   0   0   0   0   0   0   0   0   0   0 
  0   0   0   0   0   0   0   0   0   0   0   0   0   0   0   0 
 63   0   0   0   0   0   0   0   0   1   1   1   1   1   1   0 
  0   0   0   0   0   0   0   0   0   0   0   0   0   0   0   0 
  0   0   0   1   1   1   1   1   0   0   0   0   0   0   0   1 
  1   0   0   0   0   0   0   1   1   1   1   1   1   1   1   2 
  2   1   1   1   1   1   1   2   2   1   1   1   1   1   1   1 
  1   0   0   0   0   0   0   0   0   0   0   0   0   0   0   1 
  1   1   1   1   1   1   1   1   1   0   0   0   0   0   0   0 
  0   0   0   0   0   0   0   0   0   0   0   0   0   0   0   0 
  0   0   0   0   0   0   0   0   0   0   0   0   0   0   0   0 
  0   0   0   0   0   0   0   0   0   0   0   0   0   0   0   0 
  0   0   0   0   0   0   0   0   0   0   0   0   0   0   0   0 
  0   0   0   0   0   0   0   0   0   0   0   0   0   0   0   0 
  0   0   0   0   0   0   0   0   0   0   0   0   0   0   0   0 
  0   0   0   0   0   0   0   0   0   0   0   0   0   0   0   0 
  0   0   0   0   0   0   0   0   0   0   0   0   0   0   0   0 
  0   0   0   0   0   0   0   0   0   0   0   0   0   0   0   0 
  0   0   0   0   0   0   0   0   0   0   0   0   0   0   0   0 
  0   0   0   0   0   0   0   0   0   0   0   0   0   0   0   0 
  0   0   0   0   0   0   0   0   1   1   1   1   1   1   1   1 
  0   0   0   0   0   0   0   0   0   0   0   0   0   0   0   0 
  0   0   0   0   0   0   0   0   0   0   0   0   0   0   0   0 
  0   0   0   0   0   0   0   0   0   0   0   0   0   0   0   0 
  0   0   0   0   0   0   0   0   1   1   1   1   1   1   1   1 
  0   0   0   0   0   0   0   0   0   0   0   0   0   0   0   0 
 63   0   0   0   0   0   0   0   1   1   0   2   2   0   1   1 
  0   0   0   0   0   0   0   0   0   0   0   0   0   0   0   0 
  0   0   1   1   0   2   1   2   1   0   0   0   0   0   0   1 
  1   0   0   0   0   0   0   0   1   1   1   1   1   1   1   1 
  1   1   1   1   1   1   1   1   1   1   1   1   1   1   1   1 
  0   0   0   0   0   0   0   0   0   0   0   0   0   0   0   0 
  1   1   1   0   0   1   1   1   0   0   0   0   0   0   0   0 
  0   0   0   0   0   0   0   0   0   0   0   0   0   0   0   0 
  0   0   0   0   0   0   0   0   0   0   0   0   0   0   0   0 
  0   0   0   0   0   0   0   0   0   0   0   0   0   0   0   0 
  0   0   0   0   0   0   0   0   0   0   0   0   0   0   0   0 
  0   0   0   0   0   0   0   0   0   0   0   0   0   0   0   0 
  0   0   0   0   0   0   0   0   0   0   0   0   0   0   0   0 
  0   0   0   0   0   0   0   0   0   0   0   0   0   0   0   0 
  0   0   0   0   0   0   0   0   0   0   0   0   0   0   0   0 
  0   0   0   0   0   0   0   0   0   0   0   0   0   0   0   0 
  0   0   0   0   0   0   0   0   0   0   0   0   0   0   0   0 
  0   0   0   0   0   0   0   0   0   0   0   0   0   0   0   0 
  0   0   0   0   0   0   0   1   1   1   1   1   1   1   1   1 
  1   0   0   0   0   0   0   0   0   0   0   0   0   0   0   0 
  0   0   0   0   0   0   0   0   0   0   0   0   0   0   0   0 
  0   0   0   0   0   0   0   0   0   0   0   0   0   0   0   0 
  0   0   0   0   0   0   0   1   1   1   1   1   1   1   1   1 
  1   0   0   0   0   0   0   0   0   0   0   0   0   0   0   0 
 62   0   0   0   0   0   0   0   1   1   1   1   1   1   1   1 
  0   0   0   0   0   0   0   0   0   0   0   0   0   0   0   0 
  0   0   1   1   1   1   0   1   1   0   0   0   0   0   0   1 
  1   0   0   0   0   0   0   0   0   0   0   0   0   0   0   0 
  0   0   0   0   0   0   0   0   0   0   0   0   0   0   0   0 
  0   0   0   0   0   0   0   0   0   0   0   0   0   0   0   0 
  0   0   0   0   0   0   0   0   0   0   0   0   0   0   0   0 
  0   0   0   0   0   0   0   0   0   0   0   0   0   0   0   0 
  0   0   0   0   0   0   0   0   0   0   0   0   0   0   0   0 
  0   0   0   0   0   0   0   0   0   0   0   0   0   0   0   0 
  0   0   0   0   0   0   0   0   0   0   0   0   0   0   0   0 
  0   0   0   0   0   0   0   0   0   0   0   0   0   0   0   0 
  0   0   0   0   0   0   0   0   0   0   0   0   0   0   0   0 
  0   0   0   0   0   0   0   0   0   0   0   0   0   0   0   0 
  0   0   0   0   0   0   0   0   0   0   0   0   0   0   0   0 
  0   0   0   0   0   0   0   0   0   0   0   0   0   0   0   0 
  0   0   0   0   0   0   0   0   0   0   0   0   0   0   0   0 
  0   0   0   0   0   0   0   0   0   0   0   0   0   0   0   0 
  0   0   0   0   0   0   0   1   1   0   0   0   0   0   0   1 
  1   0   0   0   0   0   0   0   0   0   0   0   0   0   0   0 
  0   0   0   0   0   0   0   0   0   0   0   0   0   0   0   0 
  0   0   0   0   0   0   0   0   0   0   0   0   0   0   0   0 
  0   0   0   0   0   0   0   1   1   0   0   0   0   0   0   1 
  1   0   0   0   0   0   0   0   0   0   0   0   0   0   0   0 
 61   0   0   0   0   0   0   0   1   1   1   1   1   1   1   1 
  0   0   0   0   0   0   0   0   0   0   0   0   0   0   0   0 
  1   1   1   0   0   1   1   2   1   0   0   0   0   0   0   1 
  1   0   0   0   0   0   0   0   0   0   0   0   0   0   0   0 
  0   0   0   0   0   0   0   0   0   0   0   0   0   0   0   0 
  0   0   0   0   0   0   0   0   0   0   0   0   0   0   0   0 
  0   0   0   0   0   0   0   0   0   0   0   0   0   0   0   0 
  0   0   0   0   0   0   0   0   0   0   0   0   0   0   0   0 
  0   0   0   0   0   0   0   0   0   0   0   0   0   0   0   0 
  0   0   0   0   0   0   0   0   0   0   0   0   0   0   0   0 
  0   0   0   0   0   0   0   0   0   0   0   0   0   0   0   0 
  0   0   0   0   0   0   0   0   0   0   0   0   0   0   0   0 
  0   0   0   0   0   0   0   0   0   0   0   0   0   0   0   0 
  0   0   0   0   0   0   0   0   0   0   0   0   0   0   0   0 
  0   0   0   0   0   0   0   0   0   0   0   0   0   0   0   0 
  0   0   0   0   0   0   0   0   0   0   0   0   0   0   0   0 
  0   0   0   0   0   0   0   0   0   0   0   0   0   0   0   0 
  0   0   0   0   0   0   0   0   0   0   0   0   0   0   0   0 
  0   0   0   0   0   0   0   1   1   1   1   1   1   1   1   1 
  1   0   0   0   0   0   0   0   0   0   0   0   0   0   0   0 
  0   0   0   0   0   0   0   0   0   0   0   0   0   0   0   0 
  0   0   0   0   0   0   0   0   0   0   0   0   0   0   0   0 
  0   0   0   0   0   0   0   1   1   1   1   1   1   1   1   1 
  1   0   0   0   0   0   0   0   0   0   0   0   0   0   0   0 
 61   0   0   0   0   0   0   0   1   1   1   1   1   1   1   1 
  0   0   0   0   0   0   0   0   0   0   0   0   0   0   0   1 
  1   1   0   0   0   0   1   0   1   0   0   0   0   0   0   1 
  1   0   0   0   0   0   0   0   0   0   0   0   0   0   0   0 
  0   0   0   0   0   0   0   0   0   0   0   0   0   0   0   0 
  0   0   0   0   0   0   0   0   0   0   0   0   0   0   0   0 
  0   0   0   0   0   0   0   0   0   0   0   0   0   0   0   0 
  0   0   0   0   0   0   0   0   0   0   0   0   0   0   0   0 
  0   0   0   0   0   0   0   0   0   0   0   0   0   0   0   0 
  0   0   0   0   0   0   0   0   0   0   0   0   0   0   0   0 
  0   0   0   0   0   0   0   0   0   0   0   0   0   0   0   0 
  0   0   0   0   0   0   0   0   0   0   0   0   0   0   0   0 
  0   0   0   0   0   0   0   0   0   0   0   0   0   0   0   0 
  0   0   0   0   0   0   0   0   0   0   0   0   0   0   0   0 
  0   0   0   0   0   0   0   0   0   0   0   0   0   0   0   0 
  0   0   0   0   0   0   0   0   0   0   0   0   0   0   0   0 
  0   0   0   0   0   0   0   0   0   0   0   0   0   0   0   0 
  0   0   0   0   0   0   0   0   0   0   0   0   0   0   0   0 
  0   0   0   0   0   0   0   0   1   1   1   1   1   1   1   1 
  0   0   0   0   0   0   0   0   0   0   0   0   0   0   0   0 
  0   0   0   0   0   0   0   0   0   0   0   0   0   0   0   0 
  0   0   0   0   0   0   0   0   0   0   0   0   0   0   0   0 
  0   0   0   0   0   0   0   0   1   1   1   1   1   1   1   1 
  0   0   0   0   0   0   0   0   0   0   0   0   0   0   0   0 
 61   0   0   0   0   0   0   0   1   1   1   1   1   1   1   1 
  0   0   0   0   0   0   0   0   0   0   0   0   0   0   0   1 
  0   1   0   0   0   0   1   1   1   0   0   0   0   0   0   1 
  1   0   0   0   0   0   0   0   0   0   0   0   0   0   0   0 
  0   0   0   0   0   0   0   0   0   0   0   0   0   0   0   0 
  0   0   0   0   0   0   0   0   0   0   0   0   0   0   0   0 
  0   0   0   0   0   0   0   0   0   0   0   0   0   0   0   0 
  0   0   0   0   0   0   0   0   0   0   0   0   0   0   0   0 
  0   0   0   0   0   0   0   0   0   0   0   0   0   0   0   0 
  0   0   0   0   0   0   0   0   0   0   0   0   0   0   0   0 
  0   0   0   0   0   0   0   0   0   0   0   0   0   0   0   0 
  0   0   0   0   0   0   0   0   0   0   0   0   0   0   0   0 
  0   0   0   0   0   0   0   0   0   0   0   0   0   0   0   0 
  0   0   0   0   0   0   0   0   0   0   0   0   0   0   0   0 
  0   0   0   0   0   0   0   0   0   0   0   0   0   0   0   0 
  0   0   0   0   0   0   0   0   0   0   0   0   0   0   0   0 
  0   0   0   0   0   0   0   0   0   0   0   0   0   0   0   0 
  0   0   0   0   0   0   0   0   0   0   0   0   0   0   0   0 
  0   0   0   0   0   0   0   0   1   1   1   1   1   1   1   1 
  0   0   0   0   0   0   0   0   0   0   0   0   0   0   0   0 
  0   0   0   0   0   0   0   0   0   0   0   0   0   0   0   0 
  0   0   0   0   0   0   0   0   0   0   0   0   0   0   0   0 
  0   0   0   0   0   0   0   0   1   1   1   1   1   1   1   1 
  0   0   0   0   0   0   0   0   0   0   0   0   0   0   0   0 
 60   0   0   0   0   0   0   0   1   1   1   1   1   1   1   1 
  0   0   0   0   0   0   0   0   0   0   0   0   0   0   0   1 
  2   1   1   0   0   1   1   1   0   0   0   0   0   0   0   1 
  1   0   0   0   0   0   0   0   0   0   0   0   0   0   0   0 
  0   0   0   0   0   0   0   0   0   0   0   0   0   0   0   0 
  0   0   0   0   0   0   0   0   0   0   0   0   0   0   0   0 
  0   0   0   0   0   0   0   0   0   0   0   0   0   0   0   0 
  0   0   0   0   0   0   0   0   0   0   0   0   0   0   0   0 
  0   0   0   0   0   0   0   0   0   0   0   0   0   0   0   0 
  0   0   0   0   0   0   0   0   0   0   0   0   0   0   0   0 
  0   0   0   0   0   0   0   0   0   0   0   0   0   0   0   0 
  0   0   0   0   0   0   0   0   0   0   0   0   0   0   0   0 
  0   0   0   0   0   0   0   0   0   0   0   0   0   0   0   0 
  0   0   0   0   0   0   0   0   0   0   0   0   0   0   0   0 
  0   0   0   0   0   0   0   0   0   0   0   0   0   0   0   0 
  0   0   0   0   0   0   0   0   0   0   0   0   0   0   0   0 
  0   0   0   0   0   0   0   0   0   0   0   0   0   0   0   0 
  0   0   0   0   0   0   0   0   0   0   0   0   0   0   0   0 
  0   0   0   0   0   0   0   1   1   1   1   1   1   1   1   1 
  1   0   0   0   0   0   0   0   0   0   0   0   0   0   0   0 
  0   0   0   0   0   0   0   0   0   0   0   0   0   0   0   0 
  0   0   0   0   0   0   0   0   0   0   0   0   0   0   0   0 
  0   0   0   0   0   0   0   1   1   1   1   1   1   1   1   1 
  1   0   0   0   0   0   0   0   0   0   0   0   0   0   0   0 
 60   0   0   0   0   0   0   0   1   1   1   1   1   1   1   1 
  0   0   0   0   0   0   0   0   0   0   0   0   0   0   0   1 
  1   0   1   1   1   1   0   0   0   0   0   0   0   0   0   1 
  1   0   0   0   0   0   0   0   0   0   0   0   0   0   0   0 
  0   0   0   0   0   0   0   0   0   0   0   0   0   0   0   0 
  0   0   0   0   0   0   0   0   0   0   0   0   0   0   0   0 
  0   0   0   0   0   0   0   0   0   0   0   0   0   0   0   0 
  0   0   0   0   0   0   0   0   0   0   0   0   0   0   0   0 
  0   0   0   0   0   0   0   0   0   0   0   0   0   0   0   0 
  0   0   0   0   0   0   0   0   0   0   0   0   0   0   0   0 
  0   0   0   0   0   0   0   0   0   0   0   0   0   0   0   0 
  0   0   0   0   0   0   0   0   0   0   0   0   0   0   0   0 
  0   0   0   0   0   0   0   0   0   0   0   0   0   0   0   0 
  0   0   0   0   0   0   0   0   0   0   0   0   0   0   0   0 
  0   0   0   0   0   0   0   0   0   0   0   0   0   0   0   0 
  0   0   0   0   0   0   0   0   0   0   0   0   0   0   0   0 
  0   0   0   0   0   0   0   0   0   0   0   0   0   0   0   0 
  0   0   0   0   0   0   0   0   0   0   0   0   0   0   0   0 
  0   0   0   0   0   0   0   1   1   0   0   0   0   0   0   1 
  1   0   0   0   0   0   0   0   0   0   0   0   0   0   0   0 
  0   0   0   0   0   0   0   0   0   0   0   0   0   0   0   0 
  0   0   0   0   0   0   0   0   0   0   0   0   0   0   0   0 
  0   0   0   0   0   0   0   1   1   0   0   0   0   0   0   1 
  1   0   0   0   0   0   0   0   0   0   0   0   0   0   0   0 
 59   0   0   1   1   0   0   1   1   1   0   2   2   0   1   1 
  1   1   1   1   1   1   1   1   1   1   1   1   1   1   1   2 
  2   1   1   1   1   1   1   1   1   1   1   1   1   1   1   1 
  1   0   0   0   0   0   0   0   0   0   0   0   0   0   0   0 
  0   0   0   0   0   0   0   0   0   0   0   0   0   0   0   0 
  0   0   0   0   0   0   0   0   0   0   0   0   0   0   0   0 
  0   0   0   0   0   0   0   0   0   0   0   0   0   0   0   0 
  0   0   0   0   0   0   0   0   0   0   0   0   0   0   0   0 
  0   0   0   0   0   0   0   0   0   0   0   0   0   0   0   0 
  0   0   0   0   0   0   0   0   0   0   0   0   0   0   0   0 
  0   0   0   0   0   0   0   0   0   0   0   0   0   0   0   0 
  0   0   0   0   0   0   0   0   0   0   0   0   0   0   0   0 
  0   0   0   0   0   0   0   0   0   0   0   0   0   0   0   0 
  0   0   0   0   0   0   0   0   0   0   0   0   0   0   0   0 
  0   0   0   0   0   0   0   0   0   0   0   0   0   0   0   0 
  0   0   0   0   0   0   0   0   1   1   1   1   1   1   1   1 
  1   1   1   1   1   1   1   1   1   1   1   1   1   1   1   1 
  1   1   1   1   1   1   1   1   1   1   1   1   1   1   1   1 
  1   1   1   1   1   1   1   1   1   0   0   0   0   0   0   1 
  1   1   1   1   1   1   1   1   1   1   1   1   1   1   1   1 
  1   1   1   1   1   1   1   1   1   1   1   1   1   1   1   1 
  1   1   1   1   1   1   1   1   1   1   1   1   1   1   1   1 
  1   1   1   1   1   1   1   1   1   0   0   0   0   0   0   1 
  0   0   0   1   1   0   0   1   0   0   0   0   0   0   0   0 
 61   1   1   1   1   1   1   2   1   1   1   1   1   1   1   1 
  1   1   1   1   1   1   1   1   1   1   1   1   1   1   1   1 
  1   1   1   0   0   1   1   1   1   1   1   1   1   1   1   1 
  0   0   0   0   0   0   0   0   0   0   0   0   0   0   0   0 
  0   0   0   0   0   0   0   0   0   0   0   0   0   0   0   0 
  0   0   0   0   0   0   0   0   0   0   0   0   0   0   0   0 
  0   0   0   0   0   0   0   0   0   0   0   0   0   0   0   0 
  0   0   0   0   0   0   0   0   0   0   0   0   0   0   0   0 
  0   0   0   0   0   0   0   0   0   0   0   0   0   0   0   0 
  0   0   0   0   0   0   0   0   0   0   0   0   0   0   0   0 
  0   0   0   0   0   0   0   0   0   0   0   0   0   0   0   0 
  0   0   0   0   0   0   0   0   0   0   0   0   0   0   0   0 
  0   0   0   0   0   0   0   0   0   0   0   0   0   0   0   0 
  0   0   0   0   0   0   0   0   0   0   0   0   0   0   0   0 
  0   0   0   0   0   0   0   0   0   0   0   0   0   0   0   0 
  0   0   0   0   0   0   0   1   1   1   1   1   1   1   1   1 
  1   1   1   1   1   1   1   1   1   1   1   1   1   1   1   1 
  1   1   1   1   1   1   1   1   1   1   1   1   1   1   1   1 
  1   1   1   1   1   1   1   1   0   0   0   0   0   0   0   0 
  1   1   1   1   1   1   1   1   1   1   1   1   1   1   1   1 
  1   1   1   1   1   1   1   1   1   1   1   1   1   1   1   1 
  1   1   1   1   1   1   1   1   1   1   1   1   1   1   1   1 
  1   1   1   1   1   1   1   1   0   0   0   0   0   0   0   1 
  2   1   1   1   1   1   1   2   1   0   0   0   0   0   0   0 
 60   1   1   1   1   1   1   1   1   0   0   0   0   0   0   1 
  1   0   0   0   0   0   0   0   0   0   0   0   0   0   0   0 
  0   0   0   0   0   0   0   0   0   0   0   0   0   0   0   0 
  0   0   0   0   0   0   0   0   0   0   0   0   0   0   0   0 
  0   0   0   0   0   0   0   0   0   0   0   0   0   0   0   0 
  0   0   0   0   0   0   0   0   0   0   0   0   0   0   0   0 
  0   0   0   0   0   0   0   0   0   0   0   0   0   0   0   0 
  0   0   0   0   0   0   0   0   0   0   0   0   0   0   0   0 
  0   0   0   0   0   0   0   0   0   0   0   0   0   0   0   0 
  0   0   0   0   0   0   0   0   0   0   0   0   0   0   0   0 
  0   0   0   0   0   0   0   0   0   0   0   0   0   0   0   0 
  0   0   0   0   0   0   0   0   0   0   0   0   0   0   0   0 
  0   0   0   0   0   0   0   0   0   0   0   0   0   0   0   0 
  0   0   0   0   0   0   0   0   0   0   0   0   0   0   0   0 
  0   0   0   0   0   0   0   0   0   0   0   0   0   0   0   0 
  0   0   0   0   0   0   0   1   1   0   0   0   0   0   0   0 
  0   0   0   0   0   0   0   0   0   0   0   0   0   0   0   0 
  0   0   0   0   0   0   0   0   0   0   0   0   0   0   0   0 
  0   0   0   0   0   0   0   0   0   0   0   0   0   0   0   0 
  0   0   0   0   0   0   0   0   0   0   0   0   0   0   0   0 
  0   0   0   0   0   0   0   0   0   0   0   0   0   0   0   0 
  0   0   0   0   0   0   0   0   0   0   0   0   0   0   0   0 
  0   0   0   0   0   0   0   0   0   0   0   0   0   0   0   1 
  2   1   1   1   1   1   1   1   1   0   0   0   0   0   0   0 
 60   1   1   1   1   1   1   1   1   0   0   0   0   0   0   1 
  1   0   0   0   0   0   0   0   0   0   0   0   0   0   0   0 
  0   0   0   0   0   0   0   0   0   0   0   0   0   0   0   0 
  0   0   0   0   0   0   0   0   0   0   0   0   0   0   0   0 
  0   0   0   0   0   0   0   0   0   0   0   0   0   0   0   0 
  0   0   0   0   0   0   0   0   0   0   0   0   0   0   0   0 
  0   0   0   0   0   0   0   0   0   0   0   0   0   0   0   0 
  0   0   0   0   0   0   0   0   0   0   0   0   0   0   0   0 
  0   0   0   0   0   0   0   0   0   0   0   0   0   0   0   0 
  0   0   0   0   0   0   0   0   0   0   0   0   0   0   0   0 
  0   0   0   0   0   0   0   0   0   0   0   0   0   0   0   0 
  0   0   0   0   0   0   0   0   0   0   0   0   0   0   0   0 
  0   0   0   0   0   0   0   0   0   0   0   0   0   0   0   0 
  0   0   0   0   0   0   0   0   0   0   0   0   0   0   0   0 
  0   0   0   0   0   0   0   0   0   0   0   0   0   0   0   0 
  0   0   0   0   0   0   0   1   1   0   0   0   0   0   0   0 
  0   0   0   0   0   0   0   0   0   0   0   0   0   0   0   0 
  0   0   0   0   0   0   0   0   0   0   0   0   0   0   0   0 
  0   0   0   0   0   0   0   0   0   0   0   0   0   0   0   0 
  0   0   0   0   0   0   0   0   0   0   0   0   0   0   0   0 
  0   0   0   0   0   0   0   0   0   0   0   0   0   0   0   0 
  0   0   0   0   0   0   0   0   0   0   0   0   0   0   0   0 
  0   0   0   0   0   0   0   0   0   0   0   0   0   0   0   1 
  2   1   1   1   1   1   1   1   1   0   0   0   0   0   0   0 
 59   1   1   1   1   1   1   1   1   0   0   0   0   0   0   1 
  1   0   0   0   0   0   0   0   0   0   0   0   0   0   0   0 
  0   0   0   0   0   0   0   0   0   0   0   0   0   0   0   0 
  0   0   0   0   0   0   0   0   0   0   0   0   0   0   0   0 
  0   0   0   0   0   0   0   0   0   0   0   0   0   0   0   0 
  0   0   0   0   0   0   0   0   0   0   0   0   0   0   0   0 
  0   0   0   0   0   0   0   0   0   0   0   0   0   0   0   0 
  0   0   0   0   0   0   0   0   0   0   0   0   0   0   0   0 
  0   0   0   0   0   0   0   0   0   0   0   0   0   0   0   0 
  0   0   0   0   0   0   0   0   0   0   0   0   0   0   0   0 
  0   0   0   0   0   0   0   0   0   0   0   0   0   0   0   0 
  0   0   0   0   0   0   0   0   0   0   0   0   0   0   0   0 
  0   0   0   0   0   0   0   0   0   0   0   0   0   0   0   0 
  0   0   0   0   0   0   0   0   0   0   0   0   0   0   0   0 
  0   0   0   0   0   0   0   0   0   0   0   0   0   0   0   0 
  0   0   0   0   0   0   0   1   1   0   0   0   0   0   0   0 
  0   0   0   0   0   0   0   0   0   0   0   0   0   0   0   0 
  0   0   0   0   0   0   0   0   0   0   0   0   0   0   0   0 
  0   0   0   0   0   0   0   0   0   0   0   0   0   0   0   0 
  0   0   0   0   0   0   0   0   0   0   0   0   0   0   0   0 
  0   0   0   0   0   0   0   0   0   0   0   0   0   0   0   0 
  0   0   0   0   0   0   0   0   0   0   0   0   0   0   0   0 
  0   0   0   0   0   0   0   0   0   0   0   0   0   0   0   1 
  2   1   1   1   1   1   1   1   1   0   0   0   0   0   0   0 
 59   1   1   1   1   1   1   1   1   0   0   0   0   0   0   1 
  1   0   0   0   0   0   0   0   0   0   0   0   0   0   0   0 
  0   0   0   0   0   0   0   0   0   0   0   0   0   0   0   0 
  0   0   0   0   0   0   0   0   0   0   0   0   0   0   0   0 
  0   0   0   0   0   0   0   0   0   0   0   0   0   0   0   0 
  0   0   0   0   0   0   0   0   0   0   0   0   0   0   0   0 
  0   0   0   0   0   0   0   0   0   0   0   0   0   0   0   0 
  0   0   0   0   0   0   0   0   0   0   0   0   0   0   0   0 
  0   0   0   0   0   0   0   0   0   0   0   0   0   0   0   0 
  0   0   0   0   0   0   0   0   0   0   0   0   0   0   0   0 
  0   0   0   0   0   0   0   0   0   0   0   0   0   0   0   0 
  0   0   0   0   0   0   0   0   0   0   0   0   0   0   0   0 
  0   0   0   0   0   0   0   0   0   0   0   0   0   0   0   0 
  0   0   0   0   0   0   0   0   0   0   0   0   0   0   0   0 
  0   0   0   0   0   0   0   0   0   0   0   0   0   0   0   0 
  0   0   0   0   0   0   0   1   1   0   0   0   0   0   0   0 
  0   0   0   0   0   0   0   0   0   0   0   0   0   0   0   0 
  0   0   0   0   0   0   0   0   0   0   0   0   0   0   0   0 
  0   0   0   0   0   0   0   0   0   0   0   0   0   0   0   0 
  0   0   0   0   0   0   0   0   0   0   0   0   0   0   0   0 
  0   0   0   0   0   0   0   0   0   0   0   0   0   0   0   0 
  0   0   0   0   0   0   0   0   0   0   0   0   0   0   0   0 
  0   0   0   0   0   0   0   0   0   0   0   0   0   0   0   1 
  2   1   1   1   1   1   1   1   1   0   0   0   0   0   0   0 
 59   1   1   1   1   1   1   1   1   0   0   0   0   0   0   1 
  1   0   0   0   0   0   0   0   0   0   0   0   0   0   0   0 
  0   0   0   0   0   0   0   0   0   0   0   0   0   0   0   0 
  0   0   0   0   0   0   0   0   0   0   0   0   0   0   0   0 
  0   0   0   0   0   0   0   0   0   0   0   0   0   0   0   0 
  0   0   0   0   0   0   0   0   0   0   0   0   0   0   0   0 
  0   0   0   0   0   0   0   0   0   0   0   0   0   0   0   0 
  0   0   0   0   0   0   0   0   0   0   0   0   0   0   0   0 
  0   0   0   0   0   0   0   0   0   0   0   0   0   0   0   0 
  0   0   0   0   0   0   0   0   0   0   0   0   0   0   0   0 
  0   0   0   0   0   0   0   0   0   0   0   0   0   0   0   0 
  0   0   0   0   0   0   0   0   0   0   0   0   0   0   0   0 
  0   0   0   0   0   0   0   0   0   0   0   0   0   0   0   0 
  0   0   0   0   0   0   0   0   0   0   0   0   0   0   0   0 
  0   0   0   0   0   0   0   0   0   0   0   0   0   0   0   0 
  0   0   0   0   0   0   0   1   1   0   0   0   0   0   0   0 
  0   0   0   0   0   0   0   0   0   0   0   0   0   0   0   0 
  0   0   0   0   0   0   0   0   0   0   0   0   0   0   0   0 
  0   0   0   0   0   0   0   0   0   0   0   0   0   0   0   0 
  0   0   0   0   0   0   0   0   0   0   0   0   0   0   0   0 
  0   0   0   0   0   0   0   0   0   0   0   0   0   0   0   0 
  0   0   0   0   0   0   0   0   0   0   0   0   0   0   0   0 
  0   0   0   0   0   0   0   0   0   0   0   0   0   0   0   1 
  2   1   1   1   1   1   1   1   1   0   0   0   0   0   0   0 
 58   1   1   1   1   1   1   1   1   0   0   0   0   0   0   1 
  1   0   0   0   0   0   0   0   0   0   0   0   0   0   0   0 
  0   0   0   0   0   0   0   0   0   0   0   0   0   0   0   0 
  0   0   0   0   0   0   0   0   0   0   0   0   0   0   0   0 
  0   0   0   0   0   0   0   0   0   0   0   0   0   0   0   0 
  0   0   0   0   0   0   0   0   0   0   0   0   0   0   0   0 
  0   0   0   0   0   0   0   0   0   0   0   0   0   0   0   0 
  0   0   0   0   0   0   0   0   0   0   0   0   0   0   0   0 
  0   0   0   0   0   0   0   0   0   0   0   0   0   0   0   0 
  0   0   0   0   0   0   0   0   0   0   0   0   0   0   0   0 
  0   0   0   0   0   0   0   0   0   0   0   0   0   0   0   0 
  0   0   0   0   0   0   0   0   0   0   0   0   0   0   0   0 
  0   0   0   0   0   0   0   0   0   0   0   0   0   0   0   0 
  0   0   0   0   0   0   0   0   0   0   0   0   0   0   0   0 
  0   0   0   0   0   0   0   0   0   0   0   0   0   0   0   0 
  0   0   0   0   0   0   0   1   1   0   0   0   0   0   0   0 
  0   0   0   0   0   0   0   0   0   0   0   0   0   0   0   0 
  0   0   0   0   0   0   0   0   0   0   0   0   0   0   0   0 
  0   0   0   0   0   0   0   0   0   0   0   0   0   0   0   0 
  0   0   0   0   0   0   0   0   0   0   0   0   0   0   0   0 
  0   0   0   0   0   0   0   0   0   0   0   0   0   0   0   0 
  0   0   0   0   0   0   0   0   0   0   0   0   0   0   0   0 
  0   0   0   0   0   0   0   0   0   0   0   0   0   0   0   1 
  2   1   1   1   1   1   1   1   1   0   0   0   0   0   0   0 
 58   1   0   2   2   0   1   1   1   1   1   1   1   1   1   1 
  1   0   0   0   0   0   0   0   0   0   0   0   0   0   0   0 
  0   0   0   0   0   0   0   0   0   0   0   0   0   0   0   0 
  0   0   0   0   0   0   0   0   0   0   0   0   0   0   0   0 
  0   0   0   0   0   0   0   0   0   0   0   0   0   0   0   0 
  0   0   0   0   0   0   0   0   0   0   0   0   0   0   0   0 
  0   0   0   0   0   0   0   0   0   0   0   0   0   0   0   0 
  0   0   0   0   0   0   0   0   0   0   0   0   0   0   0   0 
  0   0   0   0   0   0   0   0   0   0   0   0   0   0   0   0 
  0   0   0   0   0   0   0   0   0   0   0   0   0   0   0   0 
  0   0   0   0   0   0   0   0   0   0   0   0   0   0   0   0 
  0   0   0   0   0   0   0   0   0   0   0   0   0   0   0   0 
  0   0   0   0   0   0   0   0   1   1   1   1   1   1   1   1 
  1   1   1   1   1   1   1   1   1   1   1   1   1   1   1   1 
  1   1   1   0   0   1   1   1   1   1   1   1   1   1   1   1 
  1   1   1   1   1   1   1   1   1   0   0   0   0   0   0   0 
  0   0   0   0   0   0   0   0   0   0   0   0   0   0   0   0 
  0   0   0   0   0   0   0   0   0   0   0   0   0   0   0   0 
  0   0   0   0   0   0   0   0   0   0   0   0   0   0   0   0 
  0   0   0   0   0   0   0   0   0   0   0   0   0   0   0   0 
  0   0   0   0   0   0   0   0   0   0   0   0   0   0   0   0 
  0   0   0   0   0   0   0   0   0   0   0   0   0   0   0   0 
  0   0   0   0   0   0   0   0   0   0   0   0   0   0   0   1 
  3   0   1   1   1   1   0   2   0   1   1   1   1   1   1   1 
 57   1   1   1   1   1   1   0   1   1   1   1   1   1   1   1 
  0   0   0   0   0   0   0   0   0   0   0   0   0   0   0   0 
  0   0   0   0   0   0   0   0   0   0   0   0   0   0   0   0 
  0   0   0   0   0   0   0   0   0   0   0   0   0   0   0   0 
  0   0   0   0   0   0   0   0   0   0   0   0   0   0   0   0 
  0   0   0   0   0   0   0   0   0   0   0   0   0   0   0   0 
  0   0   0   0   0   0   0   0   0   0   0   0   0   0   0   0 
  0   0   0   0   0   0   0   0   0   0   0   0   0   0   0   0 
  0   0   0   0   0   0   0   0   0   0   0   0   0   0   0   0 
  0   0   0   0   0   0   0   0   0   0   0   0   0   0   0   0 
  0   0   0   0   0   0   0   0   0   0   0   0   0   0   0   0 
  0   0   0   0   0   0   0   0   0   0   0   0   0   0   0   0 
  0   0   0   0   0   0   0   1   1   1   1   1   1   1   1   1 
  1   1   1   1   1   1   1   1   1   1   1   1   1   1   1   1 
  1   1   1   1   1   1   1   2   2   1   1   1   1   1   1   1 
  1   1   1   1   1   1   1   1   0   0   0   0   0   0   0   0 
  0   0   0   0   0   0   0   0   0   0   0   0   0   0   0   0 
  0   0   0   0   0   0   0   0   0   0   0   0   0   0   0   0 
  0   0   0   0   0   0   0   0   0   0   0   0   0   0   0   0 
  0   0   0   0   0   0   0   0   0   0   0   0   0   0   0   0 
  0   0   0   0   0   0   0   0   0   0   0   0   0   0   0   0 
  0   0   0   0   0   0   0   0   0   0   0   0   0   0   0   0 
  0   0   0   0   0   0   0   0   0   0   0   0   0   0   0   0 
  1   1   1   0   0   1   1   1   1   1   1   1   1   1   1   1 
 56   0   0   0   0   0   0   0   0   0   0   0   0   0   0   0 
  0   0   0   0   0   0   0   0   0   0   0   0   0   0   0   0 
  0   0   0   0   0   0   0   0   0   0   0   0   0   0   0   0 
  0   0   0   0   0   0   0   0   0   0   0   0   0   0   0   0 
  0   0   0   0   0   0   0   0   0   0   0   0   0   0   0   0 
  0   0   0   0   0   0   0   0   0   0   0   0   0   0   0   0 
  0   0   0   0   0   0   0   0   0   0   0   0   0   0   0   0 
  0   0   0   0   0   0   0   0   0   0   0   0   0   0   0   0 
  0   0   0   0   0   0   0   0   0   0   0   0   0   0   0   0 
  0   0   0   0   0   0   0   0   0   0   0   0   0   0   0   0 
  0   0   0   0   0   0   0   0   0   0   0   0   0   0   0   0 
  0   0   0   0   0   0   0   0   0   0   0   0   0   0   0   0 
  0   0   0   0   0   0   0   1   1   0   0   0   0   0   0   0 
  0   0   0   0   0   0   0   0   0   0   0   0   0   0   0   0 
  0   0   1   1   1   1   0   1   1   0   0   0   0   0   0   0 
  0   0   0   0   0   0   0   0   0   0   0   0   0   0   0   0 
  0   0   0   0   0   0   0   0   0   0   0   0   0   0   0   0 
  0   0   0   0   0   0   0   0   0   0   0   0   0   0   0   0 
  0   0   0   0   0   0   0   0   0   0   0   0   0   0   0   0 
  0   0   0   0   0   0   0   0   0   0   0   0   0   0   0   0 
  0   0   0   0   0   0   0   0   0   0   0   0   0   0   0   0 
  0   0   0   0   0   0   0   0   0   0   0   0   0   0   0   0 
  0   0   0   0   0   0   0   0   0   0   0   0   0   0   0   0 
  0   0   0   0   0   0   0   0   0   0   0   0   0   0   0   0 
 56   0   0   0   0   0   0   0   0   0   0   0   0   0   0   0 
  0   0   0   0   0   0   0   0   0   0   0   0   0   0   0   0 
  0   0   0   0   0   0   0   0   0   0   0   0   0   0   0   0 
  0   0   0   0   0   0   0   0   0   0   0   0   0   0   0   0 
  0   0   0   0   0   0   0   0   0   0   0   0   0   0   0   0 
  0   0   0   0   0   0   0   0   0   0   0   0   0   0   0   0 
  0   0   0   0   0   0   0   0   0   0   0   0   0   0   0   0 
  0   0   0   0   0   0   0   0   0   0   0   0   0   0   0   0 
  0   0   0   0   0   0   0   0   0   0   0   0   0   0   0   0 
  0   0   0   0   0   0   0   0   0   0   0   0   0   0   0   0 
  0   0   0   0   0   0   0   0   0   0   0   0   0   0   0   0 
  0   0   0   0   0   0   0   0   0   0   0   0   0   0   0   0 
  0   0   0   0   0   0   0   1   1   0   0   0   0   0   0   0 
  0   0   0   0   0   0   0   0   0   0   0   0   0   0   0   0 
  0   0   1   1   1   1   0   1   1   0   0   0   0   0   0   0 
  0   0   0   0   0   0   0   0   0   0   0   0   0   0   0   0 
  0   0   0   0   0   0   0   0   0   0   0   0   0   0   0   0 
  0   0   0   0   0   0   0   0   0   0   0   0   0   0   0   0 
  0   0   0   0   0   0   0   0   0   0   0   0   0   0   0   0 
  0   0   0   0   0   0   0   0   0   0   0   0   0   0   0   0 
  0   0   0   0   0   0   0   0   0   0   0   0   0   0   0   0 
  0   0   0   0   0   0   0   0   0   0   0   0   0   0   0   0 
  0   0   0   0   0   0   0   0   0   0   0   0   0   0   0   0 
  0   0   0   0   0   0   0   0   0   0   0   0   0   0   0   0 
 56   0   0   0   0   0   0   0   0   0   0   0   0   0   0   0 
  0   0   0   0   0   0   0   0   0   0   0   0   0   0   0   0 
  0   0   0   0   0   0   0   0   0   0   0   0   0   0   0   0 
  0   0   0   0   0   0   0   0   0   0   0   0   0   0   0   0 
  0   0   0   0   0   0   0   0   0   0   0   0   0   0   0   0 
  0   0   0   0   0   0   0   0   0   0   0   0   0   0   0   0 
  0   0   0   0   0   0   0   0   0   0   0   0   0   0   0   0 
  0   0   0   0   0   0   0   0   0   0   0   0   0   0   0   0 
  0   0   0   0   0   0   0   0   0   0   0   0   0   0   0   0 
  0   0   0   0   0   0   0   0   0   0   0   0   0   0   0   0 
  0   0   0   0   0   0   0   0   0   0   0   0   0   0   0   0 
  0   0   0   0   0   0   0   0   0   0   0   0   0   0   0   0 
  0   0   0   0   0   0   0   1   1   0   0   0   0   0   0   0 
  0   0   0   0   0   0   0   0   0   0   0   0   0   0   0   0 
  0   0   1   1   1   1   0   1   1   0   0   0   0   0   0   0 
  0   0   0   0   0   0   0   0   0   0   0   0   0   0   0   0 
  0   0   0   0   0   0   0   0   0   0   0   0   0   0   0   0 
  0   0   0   0   0   0   0   0   0   0   0   0   0   0   0   0 
  0   0   0   0   0   0   0   0   0   0   0   0   0   0   0   0 
  0   0   0   0   0   0   0   0   0   0   0   0   0   0   0   0 
  0   0   0   0   0   0   0   0   0   0   0   0   0   0   0   0 
  0   0   0   0   0   0   0   0   0   0   0   0   0   0   0   0 
  0   0   0   0   0   0   0   0   0   0   0   0   0   0   0   0 
  0   0   0   0   0   0   0   0   0   0   0   0   0   0   0   0 
 55   0   0   0   0   0   0   0   0   0   0   0   0   0   0   0 
  0   0   0   0   0   0   0   0   0   0   0   0   0   0   0   0 
  0   0   0   0   0   0   0   0   0   0   0   0   0   0   0   0 
  0   0   0   0   0   0   0   0   0   0   0   0   0   0   0   0 
  0   0   0   0   0   0   0   0   0   0   0   0   0   0   0   0 
  0   0   0   0   0   0   0   0   0   0   0   0   0   0   0   0 
  0   0   0   0   0   0   0   0   0   0   0   0   0   0   0   0 
  0   0   0   0   0   0   0   0   0   0   0   0   0   0   0   0 
  0   0   0   0   0   0   0   0   0   0   0   0   0   0   0   0 
  0   0   0   0   0   0   0   0   0   0   0   0   0   0   0   0 
  0   0   0   0   0   0   0   0   0   0   0   0   0   0   0   0 
  0   0   0   0   0   0   0   0   0   0   0   0   0   0   0   0 
  0   0   0   0   0   0   0   1   1   0   0   0   0   0   0   0 
  0   0   0   0   0   0   0   0   0   0   0   0   0   0   0   0 
  0   0   1   1   1   1   0   1   1   0   0   0   0   0   0   0 
  0   0   0   0   0   0   0   0   0   0   0   0   0   0   0   0 
  0   0   0   0   0   0   0   0   0   0   0   0   0   0   0   0 
  0   0   0   0   0   0   0   0   0   0   0   0   0   0   0   0 
  0   0   0   0   0   0   0   0   0   0   0   0   0   0   0   0 
  0   0   0   0   0   0   0   0   0   0   0   0   0   0   0   0 
  0   0   0   0   0   0   0   0   0   0   0   0   0   0   0   0 
  0   0   0   0   0   0   0   0   0   0   0   0   0   0   0   0 
  0   0   0   0   0   0   0   0   0   0   0   0   0   0   0   0 
  0   0   0   0   0   0   0   0   0   0   0   0   0   0   0   0 
 55   0   0   0   0   0   0   0   0   0   0   0   0   0   0   0 
  0   0   0   0   0   0   0   0   0   0   0   0   0   0   0   0 
  0   0   0   0   0   0   0   0   0   0   0   0   0   0   0   0 
  0   0   0   0   0   0   0   0   0   0   0   0   0   0   0   0 
  0   0   0   0   0   0   0   0   0   0   0   0   0   0   0   0 
  0   0   0   0   0   0   0   0   0   0   0   0   0   0   0   0 
  0   0   0   0   0   0   0   0   0   0   0   0   0   0   0   0 
  0   0   0   0   0   0   0   0   0   0   0   0   0   0   0   0 
  0   0   0   0   0   0   0   0   0   0   0   0   0   0   0   0 
  0   0   0   0   0   0   0   0   0   0   0   0   0   0   0   0 
  0   0   0   0   0   0   0   0   0   0   0   0   0   0   0   0 
  0   0   0   0   0   0   0   0   0   0   0   0   0   0   0   0 
  0   0   0   0   0   0   0   1   1   0   0   0   0   0   0   0 
  0   0   0   0   0   0   0   0   0   0   0   0   0   0   0   0 
  0   0   1   1   1   1   0   1   1   0   0   0   0   0   0   0 
  0   0   0   0   0   0   0   0   0   0   0   0   0   0   0   0 
  0   0   0   0   0   0   0   0   0   0   0   0   0   0   0   0 
  0   0   0   0   0   0   0   0   0   0   0   0   0   0   0   0 
  0   0   0   0   0   0   0   0   0   0   0   0   0   0   0   0 
  0   0   0   0   0   0   0   0   0   0   0   0   0   0   0   0 
  0   0   0   0   0   0   0   0   0   0   0   0   0   0   0   0 
  0   0   0   0   0   0   0   0   0   0   0   0   0   0   0   0 
  0   0   0   0   0   0   0   0   0   0   0   0   0   0   0   0 
  0   0   0   0   0   0   0   0   0   0   0   0   0   0   0   0 
 55   0   0   0   0   0   0   0   0   0   0   0   0   0   0   0 
  0   0   0   0   0   0   0   0   0   0   0   0   0   0   0   0 
  0   0   0   0   0   0   0   0   0   0   0   0   0   0   0   0 
  0   0   0   0   0   0   0   0   0   0   0   0   0   0   0   0 
  0   0   0   0   0   0   0   0   0   0   0   0   0   0   0   0 
  0   0   0   0   0   0   0   0   0   0   0   0   0   0   0   0 
  0   0   0   0   0   0   0   0   0   0   0   0   0   0   0   0 
  0   0   0   0   0   0   0   0   0   0   0   0   0   0   0   0 
  0   0   0   0   0   0   0   0   0   0   0   0   0   0   0   0 
  0   0   0   0   0   0   0   0   0   0   0   0   0   0   0   0 
  0   0   0   0   0   0   0   0   0   0   0   0   0   0   0   0 
  0   0   0   0   0   0   0   0   0   0   0   0   0   0   0   0 
  0   0   0   0   0   0   0   1   1   0   0   0   0   0   0   0 
  0   0   0   0   0   0   0   0   0   0   0   0   0   0   0   0 
  0   0   1   1   1   1   0   1   1   0   0   0   0   0   0   0 
  0   0   0   0   0   0   0   0   0   0   0   0   0   0   0   0 
  0   0   0   0   0   0   0   0   0   0   0   0   0   0   0   0 
  0   0   0   0   0   0   0   0   0   0   0   0   0   0   0   0 
  0   0   0   0   0   0   0   0   0   0   0   0   0   0   0   0 
  0   0   0   0   0   0   0   0   0   0   0   0   0   0   0   0 
  0   0   0   0   0   0   0   0   0   0   0   0   0   0   0   0 
  0   0   0   0   0   0   0   0   0   0   0   0   0   0   0   0 
  0   0   0   0   0   0   0   0   0   0   0   0   0   0   0   0 
  0   0   0   0   0   0   0   0   0   0   0   0   0   0   0   0 
 54   0   0   0   0   0   0   0   0   0   0   0   0   0   0   0 
  0   0   0   0   0   0   0   0   0   0   0   0   0   0   0   0 
  0   0   0   0   0   0   0   0   0   0   0   0   0   0   0   0 
  0   0   0   0   0   0   0   0   0   0   0   0   0   0   0   0 
  0   0   0   0   0   0   0   0   0   0   0   0   0   0   0   0 
  0   0   0   0   0   0   0   0   0   0   0   0   0   0   0   0 
  0   0   0   0   0   0   0   0   0   0   0   0   0   0   0   0 
  0   0   0   0   0   0   0   0   0   0   0   0   0   0   0   0 
  0   0   0   0   0   0   0   0   0   0   0   0   0   0   0   0 
  0   0   0   0   0   0   0   0   1   1   1   0   0   1   1   1 
  1   1   1   1   1   1   1   1   1   1   1   1   1   1   1   1 
  1   1   1   1   1   1   1   1   1   1   1   1   1   1   1   1 
  1   1   1   1   1   1   1   1   1   0   0   0   0   0   0   0 
  0   0   0   0   0   0   0   0   0   0   0   0   0   0   0   0 
  0   0   1   1   0   2   1   2   1   0   0   0   0   0   0   0 
  0   0   0   0   0   0   0   0   0   0   0   0   0   0   0   0 
  0   0   0   0   0   0   0   0   0   0   0   0   0   0   0   0 
  0   0   0   0   0   0   0   0   0   0   0   0   0   0   0   0 
  0   0   0   0   0   0   0   0   0   0   0   0   0   0   0   0 
  0   0   0   0   0   0   0   0   0   0   0   0   0   0   0   0 
  0   0   0   0   0   0   0   0   0   0   0   0   0   0   0   0 
  0   0   0   0   0   0   0   0   0   0   0   0   0   0   0   0 
  0   0   0   0   0   0   0   0   0   0   0   0   0   0   0   0 
  0   0   0   0   0   0   0   0   0   0   0   0   0   0   0   0 
 54   0   0   0   0   0   0   0   0   0   0   0   0   0   0   0 
  0   0   0   0   0   0   0   0   0   0   0   0   0   0   0   0 
  0   0   0   0   0   0   0   0   0   0   0   0   0   0   0   0 
  0   0   0   0   0   0   0   0   0   0   0   0   0   0   0   0 
  0   0   0   0   0   0   0   0   0   0   0   0   0   0   0   0 
  0   0   0   0   0   0   0   0   0   0   0   0   0   0   0   0 
  0   0   0   0   0   0   0   0   0   0   0   0   0   0   0   0 
  0   0   0   0   0   0   0   0   0   0   0   0   0   0   0   0 
  0   0   0   0   0   0   0   0   0   0   0   0   0   0   0   0 
  0   0   0   0   0   0   0   1   1   1   1   1   1   1   1   1 
  1   1   1   1   1   1   1   1   1   1   1   1   1   1   1   1 
  1   1   1   1   1   1   1   1   1   1   1   1   1   1   1   1 
  1   1   1   1   1   1   1   1   0   0   0   0   0   0   0   0 
  0   0   0   0   0   0   0   0   0   0   0   0   0   0   0   0 
  0   0   0   1   1   1   1   1   0   0   0   0   0   0   0   0 
  0   0   0   0   0   0   0   0   0   0   0   0   0   0   0   0 
  0   0   0   0   0   0   0   0   0   0   0   0   0   0   0   0 
  0   0   0   0   0   0   0   0   0   0   0   0   0   0   0   0 
  0   0   0   0   0   0   0   0   0   0   0   0   0   0   0   0 
  0   0   0   0   0   0   0   0   0   0   0   0   0   0   0   0 
  0   0   0   0   0   0   0   0   0   0   0   0   0   0   0   0 
  0   0   0   0   0   0   0   0   0   0   0   0   0   0   0   0 
  0   0   0   0   0   0   0   0   0   0   0   0   0   0   0   0 
  0   0   0   0   0   0   0   0   0   0   0   0   0   0   0   0 
 54   0   0   0   0   0   0   0   0   0   0   0   0   0   0   0 
  0   0   0   0   0   0   0   0   0   0   0   0   0   0   0   0 
  0   0   0   0   0   0   0   0   0   0   0   0   0   0   0   0 
  0   0   0   0   0   0   0   0   0   0   0   0   0   0   0   0 
  0   0   0   0   0   0   0   0   0   0   0   0   0   0   0   0 
  0   0   0   0   0   0   0   0   0   0   0   0   0   0   0   0 
  0   0   0   0   0   0   0   0   0   0   0   0   0   0   0   0 
  0   0   0   0   0   0   0   0   0   0   0   0   0   0   0   0 
  0   0   0   0   0   0   0   0   0   0   0   0   0   0   0   0 
  0   0   0   0   0   0   0   1   1   0   1   1   1   1   0   0 
  0   0   0   0   0   0   0   0   0   0   0   0   0   0   0   0 
  0   0   0   0   0   0   0   0   0   0   0   0   0   0   0   0 
  0   0   0   0   0   0   0   0   0   0   0   0   0   0   0   0 
  0   0   0   0   0   0   0   0   0   0   0   0   0   0   0   0 
  0   0   0   0   0   0   0   0   0   0   0   0   0   0   0   0 
  0   0   0   0   0   0   0   0   0   0   0   0   0   0   0   0 
  0   0   0   0   0   0   0   0   0   0   0   0   0   0   0   0 
  0   0   0   0   0   0   0   0   0   0   0   0   0   0   0   0 
  0   0   0   0   0   0   0   0   0   0   0   0   0   0   0   0 
  0   0   0   0   0   0   0   0   0   0   0   0   0   0   0   0 
  0   0   0   0   0   0   0   0   0   0   0   0   0   0   0   0 
  0   0   0   0   0   0   0   0   0   0   0   0   0   0   0   0 
  0   0   0   0   0   0   0   0   0   0   0   0   0   0   0   0 
  0   0   0   0   0   0   0   0   0   0   0   0   0   0   0   0 
 53   0   0   0   0   0   0   0   0   0   0   0   0   0   0   0 
  0   0   0   0   0   0   0   0   0   0   0   0   0   0   0   0 
  0   0   0   0   0   0   0   0   0   0   0   0   0   0   0   0 
  0   0   0   0   0   0   0   0   0   0   0   0   0   0   0   0 
  0   0   0   0   0   0   0   0   0   0   0   0   0   0   0   0 
  0   0   0   0   0   0   0   0   0   0   0   0   0   0   0   0 
  0   0   0   0   0   0   0   0   0   0   0   0   0   0   0   0 
  0   0   0   0   0   0   0   0   0   0   0   0   0   0   0   0 
  0   0   0   0   0   0   0   0   0   0   0   0   0   0   0   0 
  1   1   1   1   1   1   1   0   1   0   1   1   1   1   0   0 
  0   0   0   0   0   0   0   0   0   0   0   0   0   0   0   0 
  0   0   0   0   0   0   0   0   0   0   0   0   0   0   0   0 
  0   0   0   0   0   0   0   0   0   0   0   0   0   0   0   0 
  0   0   0   0   0   0   0   0   0   0   0   0   0   0   0   0 
  0   0   0   0   0   0   0   0   0   0   0   0   0   0   0   0 
  0   0   0   0   0   0   0   0   0   0   0   0   0   0   0   0 
  0   0   0   0   0   0   0   0   0   0   0   0   0   0   0   0 
  0   0   0   0   0   0   0   0   0   0   0   0   0   0   0   0 
  0   0   0   0   0   0   0   0   0   0   0   0   0   0   0   0 
  0   0   0   0   0   0   0   0   0   0   0   0   0   0   0   0 
  0   0   0   0   0   0   0   0   0   0   0   0   0   0   0   0 
  0   0   0   0   0   0   0   0   0   0   0   0   0   0   0   0 
  0   0   0   0   0   0   0   0   0   0   0   0   0   0   0   0 
  0   0   0   0   0   0   0   0   0   0   0   0   0   0   0   0 
 53   0   0   0   0   0   0   0   0   0   0   0   0   0   0   0 
  0   0   0   0   0   0   0   0   0   0   0   0   0   0   0   0 
  0   0   0   0   0   0   0   0   0   0   0   0   0   0   0   0 
  0   0   0   0   0   0   0   0   0   0   0   0   0   0   0   0 
  0   0   0   0   0   0   0   0   0   0   0   0   0   0   0   0 
  0   0   0   0   0   0   0   0   0   0   0   0   0   0   0   0 
  0   0   0   0   0   0   0   0   0   0   0   0   0   0   0   0 
  0   0   0   0   0   0   0   0   0   0   0   0   0   0   0   0 
  0   0   0   0   0   0   0   0   0   0   0   0   0   0   0   1 
  1   1   1   1   1   1   1   2   1   0   1   1   1   1   0   0 
  0   0   0   0   0   0   0   0   0   0   0   0   0   0   0   0 
  0   0   0   0   0   0   0   0   0   0   0   0   0   0   0   0 
  0   0   0   0   0   0   0   0   0   0   0   0   0   0   0   0 
  0   0   0   0   0   0   0   0   0   0   0   0   0   0   0   0 
  0   0   0   0   0   0   0   0   0   0   0   0   0   0   0   0 
  0   0   0   0   0   0   0   0   0   0   0   0   0   0   0   0 
  0   0   0   0   0   0   0   0   0   0   0   0   0   0   0   0 
  0   0   0   0   0   0   0   0   0   0   0   0   0   0   0   0 
  0   0   0   0   0   0   0   0   0   0   0   0   0   0   0   0 
  0   0   0   0   0   0   0   0   0   0   0   0   0   0   0   0 
  0   0   0   0   0   0   0   0   0   0   0   0   0   0   0   0 
  0   0   0   0   0   0   0   0   0   0   0   0   0   0   0   0 
  0   0   0   0   0   0   0   0   0   0   0   0   0   0   0   0 
  0   0   0   0   0   0   0   0   0   0   0   0   0   0   0   0 
 53   0   0   0   0   0   0   0   0   0   0   0   0   0   0   0 
  0   0   0   0   0   0   0   0   0   0   0   0   0   0   0   0 
  0   0   0   0   0   0   0   0   0   0   0   0   0   0   0   0 
  0   0   0   0   0   0   0   0   0   0   0   0   0   0   0   0 
  0   0   0   0   0   0   0   0   0   0   0   0   0   0   0   0 
  0   0   0   0   0   0   0   0   0   0   0   0   0   0   0   0 
  0   0   0   0   0   0   0   0   0   0   0   0   0   0   0   0 
  0   0   0   0   0   0   0   0   0   0   0   0   0   0   0   0 
  0   0   0   0   0   0   0   0   0   0   0   0   0   0   0   1 
  0   1   1   1   1   1   1   1   1   0   1   1   1   1   0   0 
  0   0   0   0   0   0   0   0   0   0   0   0   0   0   0   0 
  0   0   0   0   0   0   0   0   0   0   0   0   0   0   0   0 
  0   0   0   0   0   0   0   0   0   0   0   0   0   0   0   0 
  0   0   0   0   0   0   0   0   0   0   0   0   0   0   0   0 
  0   0   0   0   0   0   0   0   0   0   0   0   0   0   0   0 
  0   0   0   0   0   0   0   0   0   0   0   0   0   0   0   0 
  0   0   0   0   0   0   0   0   0   0   0   0   0   0   0   0 
  0   0   0   0   0   0   0   0   0   0   0   0   0   0   0   0 
  0   0   0   0   0   0   0   0   0   0   0   0   0   0   0   0 
  0   0   0   0   0   0   0   0   0   0   0   0   0   0   0   0 
  0   0   0   0   0   0   0   0   0   0   0   0   0   0   0   0 
  0   0   0   0   0   0   0   0   0   0   0   0   0   0   0   0 
  0   0   0   0   0   0   0   0   0   0   0   0   0   0   0   0 
  0   0   0   0   0   0   0   0   0   0   0   0   0   0   0   0 
 52   0   0   0   0   0   0   0   0   0   0   0   0   0   0   0 
  0   0   0   0   0   0   0   0   0   0   0   0   0   0   0   0 
  0   0   0   0   0   0   0   0   0   0   0   0   0   0   0   0 
  0   0   0   0   0   0   0   0   0   0   0   0   0   0   0   0 
  0   0   0   0   0   0   0   0   0   0   0   0   0   0   0   0 
  0   0   0   0   0   0   0   0   0   0   0   0   0   0   0   0 
  0   0   0   0   0   0   0   0   0   0   0   0   0   0   0   0 
  0   0   0   0   0   0   0   0   0   0   0   0   0   0   0   0 
  0   0   0   0   0   0   0   0   0   0   0   0   0   0   0   1 
  2   1   1   1   1   1   1   2   2   0   1   1   1   1   0   0 
  0   0   0   0   0   0   0   0   0   0   0   0   0   0   0   0 
  0   0   0   0   0   0   0   0   0   0   0   0   0   0   0   0 
  0   0   0   0   0   0   0   0   0   0   0   0   0   0   0   0 
  0   0   0   0   0   0   0   0   0   0   0   0   0   0   0   0 
  0   0   0   0   0   0   0   0   0   0   0   0   0   0   0   0 
  0   0   0   0   0   0   0   0   0   0   0   0   0   0   0   0 
  0   0   0   0   0   0   0   0   0   0   0   0   0   0   0   0 
  0   0   0   0   0   0   0   0   0   0   0   0   0   0   0   0 
  0   0   0   0   0   0   0   0   0   0   0   0   0   0   0   0 
  0   0   0   0   0   0   0   0   0   0   0   0   0   0   0   0 
  0   0   0   0   0   0   0   0   0   0   0   0   0   0   0   0 
  0   0   0   0   0   0   0   0   0   0   0   0   0   0   0   0 
  0   0   0   0   0   0   0   0   0   0   0   0   0   0   0   0 
  0   0   0   0   0   0   0   0   0   0   0   0   0   0   0   0 
 52   0   0   0   0   0   0   0   0   0   0   0   0   0   0   0 
  0   0   0   0   0   0   0   0   0   0   0   0   0   0   0   0 
  0   0   0   0   0   0   0   0   0   0   0   0   0   0   0   0 
  0   0   0   0   0   0   0   0   0   0   0   0   0   0   0   0 
  0   0   0   0   0   0   0   0   0   0   0   0   0   0   0   0 
  0   0   0   0   0   0   0   0   0   0   0   0   0   0   0   0 
  0   0   0   0   0   0   0   0   0   0   0   0   0   0   0   0 
  0   0   0   0   0   0   0   0   0   0   0   0   0   0   0   0 
  0   0   0   0   0   0   0   0   0   0   0   0   0   0   0   1 
  1   0   0   0   0   0   0   2   2   0   1   1   1   1   0   0 
  0   0   0   0   0   0   0   0   0   0   0   0   0   0   0   0 
  0   0   0   0   0   0   0   0   0   0   0   0   0   0   0   0 
  0   0   0   0   0   0   0   0   0   0   0   0   0   0   0   0 
  0   0   0   0   0   0   0   0   0   0   0   0   0   0   0   0 
  0   0   0   0   0   0   0   0   0   0   0   0   0   0   0   0 
  0   0   0   0   0   0   0   0   0   0   0   0   0   0   0   0 
  0   0   0   0   0   0   0   0   0   0   0   0   0   0   0   0 
  0   0   0   0   0   0   0   0   0   0   0   0   0   0   0   0 
  0   0   0   0   0   0   0   0   0   0   0   0   0   0   0   0 
  0   0   0   0   0   0   0   0   0   0   0   0   0   0   0   0 
  0   0   0   0   0   0   0   0   0   0   0   0   0   0   0   0 
  0   0   0   0   0   0   0   0   0   0   0   0   0   0   0   0 
  0   0   0   0   0   0   0   0   0   0   0   0   0   0   0   0 
  0   0   0   0   0   0   0   0   0   0   0   0   0   0   0   0 
 52   0   0   0   0   0   0   0   0   0   0   0   0   0   0   0 
  0   0   0   0   0   0   0   0   0   0   0   0   0   0   0   0 
  0   0   0   0   0   0   0   0   0   0   0   0   0   0   0   0 
  0   0   0   0   0   0   0   0   0   0   0   0   0   0   0   0 
  0   0   0   0   0   0   0   0   0   0   0   0   0   0   0   0 
  0   0   0   0   0   0   0   0   0   0   0   0   0   0   0   0 
  1   1   1   1   1   1   1   1   0   0   0   0   0   0   0   0 
  0   0   0   0   0   0   0   0   0   0   0   0   0   0   0   0 
  1   1   1   1   1   1   1   1   1   1   1   1   1   1   1   2 
  2   1   1   1   1   1   1   2   3   1   2   0   1   1   0   0 
  0   0   0   0   0   0   0   0   0   0   0   0   0   0   0   0 
  0   0   0   0   0   0   0   0   0   0   0   0   0   0   0   0 
  0   0   0   0   0   0   0   0   0   0   0   0   0   0   0   0 
  0   0   0   0   0   0   0   0   0   0   0   0   0   0   0   0 
  0   0   0   0   0   0   0   0   0   0   0   0   0   0   0   0 
  0   0   0   0   0   0   0   0   0   0   0   0   0   0   0   0 
  0   0   0   0   0   0   0   0   0   0   0   0   0   0   0   0 
  0   0   0   0   0   0   0   0   0   0   0   0   0   0   0   0 
  0   0   0   0   0   0   0   0   0   0   0   0   0   0   0   0 
  0   0   0   0   0   0   0   0   0   0   0   0   0   0   0   0 
  0   0   0   0   0   0   0   0   0   0   0   0   0   0   0   0 
  0   0   0   0   0   0   0   0   0   0   0   0   0   0   0   0 
  0   0   0   0   0   0   0   0   0   0   0   0   0   0   0   0 
  0   0   0   0   0   0   0   0   0   0   0   0   0   0   0   0 
 51   0   0   0   0   0   0   0   0   0   0   0   0   0   0   0 
  0   0   0   0   0   0   0   0   0   0   0   0   0   0   0   0 
  0   0   0   0   0   0   0   0   0   0   0   0   0   0   0   0 
  0   0   0   0   0   0   0   0   0   0   0   0   0   0   0   0 
  0   0   0   0   0   0   0   0   0   0   0   0   0   0   0   0 
  0   0   0   0   0   0   0   0   0   0   0   0   0   0   0   1 
  1   1   1   1   1   1   1   1   1   0   0   0   0   0   0   0 
  0   0   0   0   0   0   0   0   0   0   0   0   0   0   0   1 
  1   1   1   1   1   1   1   1   1   1   1   1   1   1   1   1 
  1   1   1   1   1   1   1   1   1   1   1   1   1   0   0   0 
  0   0   0   0   0   0   0   0   0   0   0   0   0   0   0   0 
  0   0   0   0   0   0   0   0   0   0   0   0   0   0   0   0 
  0   0   0   0   0   0   0   0   0   0   0   0   0   0   0   0 
  0   0   0   0   0   0   0   0   0   0   0   0   0   0   0   0 
  0   0   0   0   0   0   0   0   0   0   0   0   0   0   0   0 
  0   0   0   0   0   0   0   0   0   0   0   0   0   0   0   0 
  0   0   0   0   0   0   0   0   0   0   0   0   0   0   0   0 
  0   0   0   0   0   0   0   0   0   0   0   0   0   0   0   0 
  0   0   0   0   0   0   0   0   0   0   0   0   0   0   0   0 
  0   0   0   0   0   0   0   0   0   0   0   0   0   0   0   0 
  0   0   0   0   0   0   0   0   0   0   0   0   0   0   0   0 
  0   0   0   0   0   0   0   0   0   0   0   0   0   0   0   0 
  0   0   0   0   0   0   0   0   0   0   0   0   0   0   0   0 
  0   0   0   0   0   0   0   0   0   0   0   0   0   0   0   0 
 51   0   0   0   0   0   0   0   0   0   0   0   0   0   0   0 
  0   0   0   0   0   0   0   0   0   0   0   0   0   0   0   0 
  0   0   0   0   0   0   0   0   0   0   0   0   0   0   0   0 
  0   0   0   0   0   0   0   0   0   0   0   0   0   0   0   0 
  0   0   0   0   0   0   0   0   0   0   0   0   0   0   0   0 
  0   0   0   0   0   0   0   0   0   0   0   0   0   0   0   1 
  1   0   0   0   0   0   0   1   1   0   0   0   0   0   0   0 
  0   0   0   0   0   0   0   0   0   0   0   0   0   0   0   1 
  1   0   0   0   0   0   0   0   0   0   0   0   0   0   0   0 
  0   0   0   0   0   0   0   0   0   0   0   0   0   0   0   0 
  0   0   0   0   0   0   0   0   0   0   0   0   0   0   0   0 
  0   0   0   0   0   0   0   0   0   0   0   0   0   0   0   0 
  0   0   0   0   0   0   0   0   0   0   0   0   0   0   0   0 
  0   0   0   0   0   0   0   0   0   0   0   0   0   0   0   0 
  0   0   0   0   0   0   0   0   0   0   0   0   0   0   0   0 
  0   0   0   0   0   0   0   0   0   0   0   0   0   0   0   0 
  0   0   0   0   0   0   0   0   0   0   0   0   0   0   0   0 
  0   0   0   0   0   0   0   0   0   0   0   0   0   0   0   0 
  0   0   0   0   0   0   0   0   0   0   0   0   0   0   0   0 
  0   0   0   0   0   0   0   0   0   0   0   0   0   0   0   0 
  0   0   0   0   0   0   0   0   0   0   0   0   0   0   0   0 
  0   0   0   0   0   0   0   0   0   0   0   0   0   0   0   0 
  0   0   0   0   0   0   0   0   0   0   0   0   0   0   0   0 
  0   0   0   0   0   0   0   0   0   0   0   0   0   0   0   0 
 50   0   0   0   0   0   0   0   0   0   0   0   0   0   0   0 
  0   0   0   0   0   0   0   0   0   0   0   0   0   0   0   0 
  0   0   0   0   0   0   0   0   0   0   0   0   0   0   0   0 
  0   0   0   0   0   0   0   0   0   0   0   0   0   0   0   0 
  0   0   0   0   0   0   0   0   0   0   0   0   0   0   0   0 
  0   0   0   0   0   0   0   0   0   0   0   0   0   0   0   1 
  1   0   0   0   0   0   0   1   1   0   0   0   0   0   0   0 
  0   0   0   0   0   0   0   0   0   0   0   0   0   0   0   1 
  1   0   0   0   0   0   0   0   0   0   0   0   0   0   0   0 
  0   0   0   0   0   0   0   0   0   0   0   0   0   0   0   0 
  0   0   0   0   0   0   0   0   0   0   0   0   0   0   0   0 
  0   0   0   0   0   0   0   0   0   0   0   0   0   0   0   0 
  0   0   0   0   0   0   0   0   0   0   0   0   0   0   0   0 
  0   0   0   0   0   0   0   0   0   0   0   0   0   0   0   0 
  0   0   0   0   0   0   0   0   0   0   0   0   0   0   0   0 
  0   0   0   0   0   0   0   0   0   0   0   0   0   0   0   0 
  0   0   0   0   0   0   0   0   0   0   0   0   0   0   0   0 
  0   0   0   0   0   0   0   0   0   0   0   0   0   0   0   0 
  0   0   0   0   0   0   0   0   0   0   0   0   0   0   0   0 
  0   0   0   0   0   0   0   0   0   0   0   0   0   0   0   0 
  0   0   0   0   0   0   0   0   0   0   0   0   0   0   0   0 
  0   0   0   0   0   0   0   0   0   0   0   0   0   0   0   0 
  0   0   0   0   0   0   0   0   0   0   0   0   0   0   0   0 
  0   0   0   0   0   0   0   0   0   0   0   0   0   0   0   0 
 50   0   0   0   0   0   0   0   0   0   0   0   0   0   0   0 
  0   0   0   0   0   0   0   0   0   0   0   0   0   0   0   0 
  0   0   0   0   0   0   0   0   0   0   0   0   0   0   0   0 
  0   0   0   0   0   0   0   0   0   0   0   0   0   0   0   0 
  0   0   0   0   0   0   0   0   0   0   0   0   0   0   0   0 
  0   0   0   0   0   0   0   0   0   0   0   0   0   0   0   1 
  1   0   0   0   0   0   0   1   1   0   0   0   0   0   0   0 
  0   0   0   0   0   0   0   0   0   0   0   0   0   0   0   1 
  1   0   0   0   0   0   0   0   0   0   0   0   0   0   0   0 
  0   0   0   0   0   0   0   0   0   0   0   0   0   0   0   0 
  0   0   0   0   0   0   0   0   0   0   0   0   0   0   0   0 
  0   0   0   0   0   0   0   0   0   0   0   0   0   0   0   0 
  0   0   0   0   0   0   0   0   0   0   0   0   0   0   0   0 
  0   0   0   0   0   0   0   0   0   0   0   0   0   0   0   0 
  0   0   0   0   0   0   0   0   0   0   0   0   0   0   0   0 
  0   0   0   0   0   0   0   0   0   0   0   0   0   0   0   0 
  0   0   0   0   0   0   0   0   0   0   0   0   0   0   0   0 
  0   0   0   0   0   0   0   0   0   0   0   0   0   0   0   0 
  0   0   0   0   0   0   0   0   0   0   0   0   0   0   0   0 
  0   0   0   0   0   0   0   0   0   0   0   0   0   0   0   0 
  0   0   0   0   0   0   0   0   0   0   0   0   0   0   0   0 
  0   0   0   0   0   0   0   0   0   0   0   0   0   0   0   0 
  0   0   0   0   0   0   0   0   0   0   0   0   0   0   0   0 
  0   0   0   0   0   0   0   0   0   0   0   0   0   0   0   0 
 50   0   0   0   0   0   0   0   0   0   0   0   0   0   0   0 
  0   0   0   0   0   0   0   0   0   0   0   0   0   0   0   0 
  0   0   0   0   0   0   0   0   0   0   0   0   0   0   0   0 
  0   0   0   0   0   0   0   0   0   0   0   0   0   0   0   0 
  0   0   0   0   0   0   0   0   0   0   0   0   0   0   0   0 
  0   0   0   0   0   0   0   0   0   0   0   0   0   0   0   1 
  1   0   0   0   0   0   0   1   1   0   0   0   0   0   0   0 
  0   0   0   0   0   0   0   0   0   0   0   0   0   0   0   1 
  1   0   0   0   0   0   0   0   0   0   0   0   0   0   0   0 
  0   0   0   0   0   0   0   0   0   0   0   0   0   0   0   0 
  0   0   0   0   0   0   0   0   0   0   0   0   0   0   0   0 
  0   0   0   0   0   0   0   0   0   0   0   0   0   0   0   0 
  0   0   0   0   0   0   0   0   0   0   0   0   0   0   0   0 
  0   0   0   0   0   0   0   0   0   0   0   0   0   0   0   0 
  0   0   0   0   0   0   0   0   0   0   0   0   0   0   0   0 
  0   0   0   0   0   0   0   0   0   0   0   0   0   0   0   0 
  0   0   0   0   0   0   0   0   0   0   0   0   0   0   0   0 
  0   0   0   0   0   0   0   0   0   0   0   0   0   0   0   0 
  0   0   0   0   0   0   0   0   0   0   0   0   0   0   0   0 
  0   0   0   0   0   0   0   0   0   0   0   0   0   0   0   0 
  0   0   0   0   0   0   0   0   0   0   0   0   0   0   0   0 
  0   0   0   0   0   0   0   0   0   0   0   0   0   0   0   0 
  0   0   0   0   0   0   0   0   0   0   0   0   0   0   0   0 
  0   0   0   0   0   0   0   0   0   0   0   0   0   0   0   0 
 49   0   0   0   0   0   0   0   0   0   0   0   0   0   0   0 
  0   0   0   0   0   0   0   0   0   0   0   0   0   0   0   0 
  0   0   0   0   0   0   0   0   0   0   0   0   0   0   0   0 
  0   0   0   0   0   0   0   0   0   0   0   0   0   0   0   0 
  0   0   0   0   0   0   0   0   0   0   0   0   0   0   0   0 
  0   0   0   0   0   0   0   0   0   0   0   0   0   0   0   1 
  1   0   0   0   0   0   0   1   1   0   0   0   0   0   0   0 
  0   0   0   0   0   0   0   0   0   0   0   0   0   0   0   1 
  1   0   0   0   0   0   0   0   0   0   0   0   0   0   0   0 
  0   0   0   0   0   0   0   0   0   0   0   0   0   0   0   0 
  0   0   0   0   0   0   0   0   0   0   0   0   0   0   0   0 
  0   0   0   0   0   0   0   0   0   0   0   0   0   0   0   0 
  0   0   0   0   0   0   0   0   0   0   0   0   0   0   0   0 
  0   0   0   0   0   0   0   0   0   0   0   0   0   0   0   0 
  0   0   0   0   0   0   0   0   0   0   0   0   0   0   0   0 
  0   0   0   0   0   0   0   0   0   0   0   0   0   0   0   0 
  0   0   0   0   0   0   0   0   0   0   0   0   0   0   0   0 
  0   0   0   0   0   0   0   0   0   0   0   0   0   0   0   0 
  0   0   0   0   0   0   0   0   0   0   0   0   0   0   0   0 
  0   0   0   0   0   0   0   0   0   0   0   0   0   0   0   0 
  0   0   0   0   0   0   0   0   0   0   0   0   0   0   0   0 
  0   0   0   0   0   0   0   0   0   0   0   0   0   0   0   0 
  0   0   0   0   0   0   0   0   0   0   0   0   0   0   0   0 
  0   0   0   0   0   0   0   0   0   0   0   0   0   0   0   0 
 49   0   0   0   0   0   0   0   0   0   0   0   0   0   0   0 
  0   0   0   0   0   0   0   0   0   0   0   0   0   0   0   0 
  0   0   0   0   0   0   0   0   0   0   0   0   0   0   0   0 
  0   0   0   0   0   0   0   0   0   0   0   0   0   0   0   0 
  0   0   0   0   0   0   0   0   0   0   0   0   0   0   0   0 
  0   0   0   0   0   0   0   0   0   0   0   0   0   0   0   1 
  1   0   0   0   0   0   0   1   1   0   0   0   0   0   0   0 
  0   0   0   0   0   0   0   0   0   0   0   0   0   0   0   1 
  1   0   0   0   0   0   0   0   0   0   0   0   0   0   0   0 
  0   0   0   0   0   0   0   0   0   0   0   0   0   0   0   0 
  0   0   0   0   0   0   0   0   0   0   0   0   0   0   0   0 
  0   0   0   0   0   0   0   0   0   0   0   0   0   0   0   0 
  0   0   0   0   0   0   0   0   0   0   0   0   0   0   0   0 
  0   0   0   0   0   0   0   0   0   0   0   0   0   0   0   0 
  0   0   0   0   0   0   0   0   0   0   0   0   0   0   0   0 
  0   0   0   0   0   0   0   0   0   0   0   0   0   0   0   0 
  0   0   0   0   0   0   0   0   0   0   0   0   0   0   0   0 
  0   0   0   0   0   0   0   0   0   0   0   0   0   0   0   0 
  0   0   0   0   0   0   0   0   0   0   0   0   0   0   0   0 
  0   0   0   0   0   0   0   0   0   0   0   0   0   0   0   0 
  0   0   0   0   0   0   0   0   0   0   0   0   0   0   0   0 
  0   0   0   0   0   0   0   0   0   0   0   0   0   0   0   0 
  0   0   0   0   0   0   0   0   0   0   0   0   0   0   0   0 
  0   0   0   0   0   0   0   0   0   0   0   0   0   0   0   0 
 49   0   0   0   0   0   0   0   0   0   0   0   0   0   0   0 
  0   0   0   0   0   0   0   0   0   0   0   0   0   0   0   0 
  0   0   0   0   0   0   0   0   0   0   0   0   0   0   0   0 
  0   0   0   0   0   0   0   0   0   0   0   0   0   0   0   0 
  1   1   1   1   1   1   1   1   0   0   0   0   0   0   0   0 
  0   0   0   0   0   0   0   0   1   1   1   1   1   1   1   1 
  1   0   0   0   0   0   0   1   1   1   1   1   1   1   1   1 
  1   1   1   1   1   1   1   1   1   1   1   1   1   1   1   1 
  1   0   0   0   0   0   0   0   0   0   0   0   0   0   0   0 
  0   0   0   0   0   0   0   0   0   0   0   0   0   0   0   0 
  0   0   0   0   0   0   0   0   0   0   0   0   0   0   0   0 
  0   0   0   0   0   0   0   0   0   0   0   0   0   0   0   0 
  0   0   0   0   0   0   0   0   0   0   0   0   0   0   0   0 
  0   0   0   0   0   0   0   0   0   0   0   0   0   0   0   0 
  0   0   0   0   0   0   0   0   0   0   0   0   0   0   0   0 
  0   0   0   0   0   0   0   0   0   0   0   0   0   0   0   0 
  0   0   0   0   0   0   0   0   0   0   0   0   0   0   0   0 
  0   0   0   0   0   0   0   0   0   0   0   0   0   0   0   0 
  0   0   0   0   0   0   0   0   0   0   0   0   0   0   0   0 
  0   0   0   0   0   0   0   0   0   0   0   0   0   0   0   0 
  1   1   1   0   0   1   1   1   1   0   1   1   1   2   0   2 
  2   0   3   1   7   1   2   1   1   1   1   1   1   1   1   1 
  0   0   0   0   0   0   0   0   0   0   0   0   0   0   0   0 
  0   0   0   0   0   0   0   0   1   1   2   1   1   0   1   1 
 48   0   0   0   0   0   0   0   0   0   0   0   0   0   0   0 
  0   0   0   0   0   0   0   0   0   0   0   0   0   0   0   0 
  0   0   0   0   0   0   0   0   0   0   0   0   0   0   0   0 
  0   0   0   0   0   0   0   0   0   0   0   0   0   0   0   1 
  1   1   1   1   1   1   1   1   1   0   0   0   0   0   0   0 
  0   0   0   0   0   0   0   1   1   1   1   1   1   1   1   1 
  0   0   0   0   0   0   0   0   1   1   1   1   1   1   1   1 
  1   1   1   1   1   1   1   1   1   1   1   1   1   1   1   1 
  0   0   0   0   0   0   0   0   0   0   0   0   0   0   0   0 
  0   0   0   0   0   0   0   0   0   0   0   0   0   0   0   0 
  0   0   0   0   0   0   0   0   0   0   0   0   0   0   0   0 
  0   0   0   0   0   0   0   0   0   0   0   0   0   0   0   0 
  0   0   0   0   0   0   0   0   0   0   0   0   0   0   0   0 
  0   0   0   0   0   0   0   0   0   0   0   0   0   0   0   0 
  0   0   0   0   0   0   0   0   0   0   0   0   0   0   0   0 
  0   0   0   0   0   0   0   0   0   0   0   0   0   0   0   0 
  0   0   0   0   0   0   0   0   0   0   0   0   0   0   0   0 
  0   0   0   0   0   0   0   0   0   0   0   0   0   0   0   0 
  0   0   0   0   0   0   0   0   0   0   0   0   0   0   0   0 
  0   0   0   0   0   0   0   0   0   0   0   0   0   0   0   1 
  2   1   1   1   1   1   1   1   2   1   4   8   1   9   2   8 
 10   4  14   2  28   2  12   8   2   1   0   0   1   1   1   1 
  1   0   0   0   0   0   0   0   0   0   0   0   0   0   0   0 
  0   0   0   0   0   0   0   1   2   1   5   2   3   1   1   1 
 48   0   0   0   0   0   0   0   0   0   0   0   0   0   0   0 
  0   0   0   0   0   0   0   0   0   0   0   0   0   0   0   0 
  0   0   0   0   0   0   0   0   0   0   0   0   0   0   0   0 
  0   0   0   0   0   0   0   0   0   0   0   0   0   0   0   1 
  1   0   0   0   0   0   0   1   1   0   0   0   0   0   0   0 
  0   0   0   0   0   0   0   1   1   0   0   0   0   0   0   0 
  0   0   0   0   0   0   0   0   0   0   0   0   0   0   0   0 
  0   0   0   0   0   0   0   0   0   0   0   0   0   0   0   0 
  0   0   0   0   0   0   0   0   0   0   0   0   0   0   0   0 
  0   0   0   0   0   0   0   0   0   0   0   0   0   0   0   0 
  0   0   0   0   0   0   0   0   0   0   0   0   0   0   0   0 
  0   0   0   0   0   0   0   0   0   0   0   0   0   0   0   0 
  0   0   0   0   0   0   0   0   0   0   0   0   0   0   0   0 
  0   0   0   0   0   0   0   0   0   0   0   0   0   0   0   0 
  0   0   0   0   0   0   0   0   0   0   0   0   0   0   0   0 
  0   0   0   0   0   0   0   0   0   0   0   0   0   0   0   0 
  0   0   0   0   0   0   0   0   0   0   0   0   0   0   0   0 
  0   0   0   0   0   0   0   0   0   0   0   0   0   0   0   0 
  0   0   0   0   0   0   0   0   0   0   0   0   0   0   0   0 
  0   0   0   0   0   0   0   0   0   0   0   0   0   0   0   0 
  1   1   1   1   1   1   0   3  16   4   1  13   1  18  25  15 
 26   1  24  17  19   5  15  18   4   1   1   1   1   0   0   1 
  1   0   0   0   0   0   0   0   0   0   0   0   0   0   0   0 
  0   0   0   0   0   0   0   1   3   0   1   1   1   3   5  12 
 48   0   0   0   0   0   0   0   0   0   0   0   0   0   0   0 
  0   0   0   0   0   0   0   0   0   0   0   0   0   0   0   0 
  0   0   0   0   0   0   0   0   0   0   0   0   0   0   0   0 
  0   0   0   0   0   0   0   0   0   0   0   0   0   0   0   1 
  1   0   0   0   0   0   0   1   1   0   0   0   0   0   0   0 
  0   0   0   0   0   0   0   1   1   0   0   0   0   0   0   0 
  0   0   0   0   0   0   0   0   0   0   0   0   0   0   0   0 
  0   0   0   0   0   0   0   0   0   0   0   0   0   0   0   0 
  0   0   0   0   0   0   0   0   0   0   0   0   0   0   0   0 
  0   0   0   0   0   0   0   0   0   0   0   0   0   0   0   0 
  0   0   0   0   0   0   0   0   0   0   0   0   0   0   0   0 
  0   0   0   0   0   0   0   0   0   0   0   0   0   0   0   0 
  0   0   0   0   0   0   0   0   0   0   0   0   0   0   0   0 
  0   0   0   0   0   0   0   0   0   0   0   0   0   0   0   0 
  0   0   0   0   0   0   0   0   0   0   0   0   0   0   0   0 
  0   0   0   0   0   0   0   0   0   0   0   0   0   0   0   0 
  0   0   0   0   0   0   0   0   0   0   0   0   0   0   0   0 
  0   0   0   0   0   0   0   0   0   0   0   0   0   0   0   0 
  0   0   0   0   0   0   0   0   0   0   0   0   0   0   0   0 
  0   0   0   0   0   0   0   0   0   0   0   0   0   0   0   0 
  0   1   1   1   1   1   0   2  14   5   2   8   9  29  26  38 
  2   5  11  44  41  22  13   6   2   1   1   1   1   0   0   1 
  1   0   0   0   0   0   0   0   0   0   0   0   0   0   0   0 
  0   0   0   0   0   0   0   2   5   1   1   4   3   2   3   3 
 47   0   0   0   0   0   0   0   0   0   0   0   0   0   0   0 
  0   0   0   0   0   0   0   0   0   0   0   0   0   0   0   0 
  0   0   0   0   0   0   0   0   0   0   0   0   0   0   0   0 
  0   0   0   0   0   0   0   0   0   0   0   0   0   0   0   1 
  1   0   0   0   0   0   0   1   1   0   0   0   0   0   0   0 
  0   0   0   0   0   0   0   1   1   0   0   0   0   0   0   0 
  0   0   0   0   0   0   0   0   0   0   0   0   0   0   0   0 
  0   0   0   0   0   0   0   0   0   0   0   0   0   0   0   0 
  0   0   0   0   0   0   0   0   0   0   0   0   0   0   0   0 
  0   0   0   0   0   0   0   0   0   0   0   0   0   0   0   0 
  0   0   0   0   0   0   0   0   0   0   0   0   0   0   0   0 
  0   0   0   0   0   0   0   0   0   0   0   0   0   0   0   0 
  0   0   0   0   0   0   0   0   0   0   0   0   0   0   0   0 
  0   0   0   0   0   0   0   0   0   0   0   0   0   0   0   0 
  0   0   0   0   0   0   0   0   0   0   0   0   0   0   0   0 
  0   0   0   0   0   0   0   0   0   0   0   0   0   0   0   0 
  0   0   0   0   0   0   0   0   0   0   0   0   0   0   0   0 
  0   0   0   0   0   0   0   0   0   0   0   0   0   0   0   0 
  0   0   0   0   0   0   0   0   0   0   0   0   0   0   0   0 
  0   0   0   0   0   0   0   0   0   0   0   0   0   0   0   0 
  0   1   1   1   1   1   0   7  28   4  16  52  72  12  43  46 
 48  15  16  35  42   2  36   5   2   1   1   2   0   0   0   1 
  1   0   0   0   0   0   0   0   0   0   0   0   0   0   0   0 
  0   0   0   0   0   0   0   2   4   1   3   0   3   2   1   9 
 47   0   0   0   0   0   0   0   0   0   0   0   0   0   0   0 
  0   0   0   0   0   0   0   0   0   0   0   0   0   0   0   0 
  0   0   0   0   0   0   0   0   0   0   0   0   0   0   0   0 
  0   0   0   0   0   0   0   0   0   0   0   0   0   0   0   1 
  1   0   0   0   0   0   0   1   1   0   0   0   0   0   0   0 
  0   0   0   0   0   0   0   1   1   0   0   0   0   0   0   0 
  0   0   0   0   0   0   0   0   0   0   0   0   0   0   0   0 
  0   0   0   0   0   0   0   0   0   0   0   0   0   0   0   0 
  0   0   0   0   0   0   0   0   0   0   0   0   0   0   0   0 
  0   0   0   0   0   0   0   0   0   0   0   0   0   0   0   0 
  0   0   0   0   0   0   0   0   0   0   0   0   0   0   0   0 
  0   0   0   0   0   0   0   0   0   0   0   0   0   0   0   0 
  0   0   0   0   0   0   0   0   0   0   0   0   0   0   0   0 
  0   0   0   0   0   0   0   0   0   0   0   0   0   0   0   0 
  0   0   0   0   0   0   0   0   0   0   0   0   0   0   0   0 
  0   0   0   0   0   0   0   0   0   0   0   0   0   0   0   0 
  0   0   0   0   0   0   0   0   0   0   0   0   0   0   0   0 
  0   0   0   0   0   0   0   0   0   0   0   0   0   0   0   0 
  0   0   0   0   0   0   0   0   0   0   0   0   0   0   0   0 
  0   0   0   0   0   0   0   0   0   0   0   0   0   0   0   0 
  1   1   1   1   1   1   0   2   5  18  25   6   4  22  50  50 
 18  16   5  29  57  35  30  13   1   1   1   2   1   0   0   1 
  1   0   0   0   0   0   0   0   0   0   0   0   0   0   0   0 
  0   0   0   0   0   0   0   1   1   4   3   4   8   2   5  10 
 47   0   0   0   0   0   0   0   0   0   0   0   0   0   0   0 
  0   0   0   0   0   0   0   0   0   0   0   0   0   0   0   0 
  0   0   0   0   0   0   0   0   0   0   0   0   0   0   0   0 
  0   0   0   0   0   0   0   0   0   0   0   0   0   0   0   1 
  1   0   0   0   0   0   0   1   1   0   0   0   0   0   0   0 
  0   0   0   0   0   0   0   1   1   0   0   0   0   0   0   0 
  0   0   0   0   0   0   0   0   0   0   0   0   0   0   0   0 
  0   0   0   0   0   0   0   0   0   0   0   0   0   0   0   0 
  0   0   0   0   0   0   0   0   0   0   0   0   0   0   0   0 
  0   0   0   0   0   0   0   0   0   0   0   0   0   0   0   0 
  0   0   0   0   0   0   0   0   0   0   0   0   0   0   0   0 
  0   0   0   0   0   0   0   0   0   0   0   0   0   0   0   0 
  0   0   0   0   0   0   0   0   0   0   0   0   0   0   0   0 
  0   0   0   0   0   0   0   0   0   0   0   0   0   0   0   0 
  0   0   0   0   0   0   0   0   0   0   0   0   0   0   0   0 
  0   0   0   0   0   0   0   0   0   0   0   0   0   0   0   0 
  0   0   0   0   0   0   0   0   0   0   0   0   0   0   0   0 
  0   0   0   0   0   0   0   0   0   0   0   0   0   0   0   0 
  0   0   0   0   0   0   0   0   0   0   0   0   0   0   0   0 
  0   0   0   0   0   0   0   0   0   0   0   0   0   0   0   1 
  1   1   1   1   1   1   0   2  14  43  17  90  76  16   4   5 
  7  23  14  31  13  53  12  28   1   0   1   1   0   0   0   1 
  1   0   0   0   0   0   0   0   0   0   0   0   0   0   0   0 
  0   0   0   0   0   0   0   3   7   1   2   3   4   7  15   7 
 46   0   0   0   0   0   0   0   0   0   0   0   0   0   0   0 
  0   0   0   0   0   0   0   0   0   0   0   0   0   0   0   0 
  0   0   0   0   0   0   0   0   0   0   0   0   0   0   0   0 
  0   0   0   0   0   0   0   0   0   0   0   0   0   0   0   1 
  1   0   0   0   0   0   0   1   1   0   0   0   0   0   0   0 
  0   0   0   0   0   0   0   1   1   0   0   0   0   0   0   0 
  0   0   0   0   0   0   0   0   0   0   0   0   0   0   0   0 
  0   0   0   0   0   0   0   0   0   0   0   0   0   0   0   0 
  0   0   0   0   0   0   0   0   0   0   0   0   0   0   0   0 
  0   0   0   0   0   0   0   0   0   0   0   0   0   0   0   0 
  0   0   0   0   0   0   0   0   0   0   0   0   0   0   0   0 
  0   0   0   0   0   0   0   0   0   0   0   0   0   0   0   0 
  0   0   0   0   0   0   0   0   0   0   0   0   0   0   0   0 
  0   0   0   0   0   0   0   0   0   0   0   0   0   0   0   0 
  0   0   0   0   0   0   0   0   0   0   0   0   0   0   0   0 
  0   0   0   0   0   0   0   0   0   0   0   0   0   0   0   0 
  0   0   0   0   0   0   0   0   0   0   0   0   0   0   0   0 
  0   0   0   0   0   0   0   0   0   0   0   0   0   0   0   0 
  0   0   0   0   0   0   0   0   0   0   0   0   0   0   0   0 
  0   0   0   0   0   0   0   0   0   0   0   0   0   0   0   1 
  1   0   1   1   1   1   1   3  18  47   9  47  10  22   0  19 
 25   5  21  21  12  63   4   9   3   0   0   0   0   0   0   1 
  1   0   0   0   0   0   0   0   0   0   0   0   0   0   0   0 
  0   0   0   0   0   0   0   3  11   1   2   0   7  18  16  41 
 46   0   0   0   0   0   0   0   0   0   0   0   0   0   0   0 
  1   1   1   0   0   1   1   1   0   0   0   0   0   0   0   0 
  1   1   1   0   0   1   1   1   0   0   0   0   0   0   0   0 
  0   0   0   0   0   0   0   0   0   1   1   1   1   1   1   1 
  1   0   0   0   0   0   0   1   1   1   1   1   1   1   1   1 
  1   1   1   1   1   1   1   1   1   0   0   0   0   0   0   0 
  0   0   0   0   0   0   0   0   0   0   0   0   0   0   0   0 
  0   0   0   0   0   0   0   0   0   0   0   0   0   0   0   0 
  0   0   0   0   0   0   0   0   0   0   0   0   0   0   0   0 
  0   0   0   0   0   0   0   0   0   0   0   0   0   0   0   0 
  0   0   0   0   0   0   0   0   0   0   0   0   0   0   0   0 
  0   0   0   0   0   0   0   0   0   0   0   0   0   0   0   0 
  0   0   0   0   0   0   0   0   0   0   0   0   0   0   0   0 
  0   0   0   0   0   0   0   0   0   0   0   0   0   0   0   0 
  0   0   0   0   0   0   0   0   1   1   1   0   0   1   1   1 
  2   1   1   0   0   2   3   2   2   1   2   4   1   2   1   3 
  2   0   3   4   3   2   1   2   0   0   0   0   0   0   0   0 
  0   0   0   0   0   0   0   0   1   1   1   1   1   1   1   1 
  1   1   1   1   1   1   1   1   1   1   1   1   1   1   1   1 
  0   0   0   0   0   0   0   0   1   1   1   1   1   1   1   1 
  1   0   1   1   1   1   1   4  35  13  61  53   8   2  26  30 
 14  26   4   9  19  21  45  30   5   1   1   0   0   1   1   2 
  1   0   0   0   0   0   0   0   0   0   0   0   0   0   0   0 
  0   0   0   0   0   0   0   1   3   9   3   8   2  40  30  48 
 46   0   0   0   0   0   0   0   0   0   0   0   0   0   0   1 
  1   1   1   1   1   1   1   1   1   0   0   0   0   0   0   1 
  1   1   1   1   1   1   1   1   1   0   0   0   0   0   0   0 
  0   0   0   0   0   0   0   0   1   1   0   2   2   0   1   1 
  1   0   0   0   0   0   0   0   1   1   1   1   1   1   1   1 
  1   1   1   1   1   1   1   1   0   0   0   0   0   0   0   0 
  0   0   0   0   0   0   0   0   0   0   0   0   0   0   0   0 
  0   0   0   0   0   0   0   0   0   0   0   0   0   0   0   0 
  0   0   0   0   0   0   0   0   0   0   0   0   0   0   0   0 
  0   0   0   0   0   0   0   0   0   0   0   0   0   0   0   0 
  0   0   0   0   0   0   0   0   0   0   0   0   0   0   0   0 
  0   0   0   0   0   0   0   0   0   0   0   0   0   0   0   0 
  0   0   0   0   0   0   0   0   0   0   0   0   0   0   0   0 
  0   0   0   0   0   0   0   0   0   0   0   0   0   0   0   0 
  0   0   0   0   0   0   0   1   1   1   1   1   1   1   1   3 
  9   1   3   1   2   2   6   5  15   7   4  12   1   5   4  18 
 15   7   3   8   8   6   5  10   2   0   0   0   0   0   0   0 
  0   0   0   0   0   0   0   1   1   1   1   1   1   1   1   1 
  1   1   1   1   1   1   1   1   1   1   1   1   1   1   1   1 
  1   0   0   0   0   0   0   1   1   1   1   1   1   1   1   1 
  0   0   1   1   1   1   1   2  10  54  18  58   1   7   9  36 
 18  19   6   9  19  43  58   2   4   0   1   1   1   1   0   2 
  1   0   0   0   0   0   0   0   0   0   0   0   0   0   0   0 
  0   0   0   0   0   0   0   0   5  15  12  42  80  28  32  44 
 45   0   0   0   0   0   0   0   0   0   0   0   0   0   0   1 
  1   0   1   1   1   1   0   1   1   0   0   0   0   0   0   1 
  1   0   1   1   1   1   0   1   1   0   0   0   0   0   0   0 
  0   0   0   0   0   0   0   0   1   1   1   1   1   1   1   1 
  1   0   0   0   0   0   0   0   0   0   0   0   0   0   0   0 
  0   0   0   0   0   0   0   0   0   0   0   0   0   0   0   0 
  0   0   0   0   0   0   0   0   0   0   0   0   0   0   0   0 
  0   0   0   0   0   0   0   0   0   0   0   0   0   0   0   0 
  0   0   0   0   0   0   0   0   0   0   0   0   0   0   0   0 
  0   0   0   0   0   0   0   0   0   0   0   0   0   0   0   0 
  0   0   0   0   0   0   0   0   0   0   0   0   0   0   0   0 
  0   0   0   0   0   0   0   0   0   0   0   0   0   0   0   0 
  0   0   0   0   0   0   0   0   0   0   0   0   0   0   0   0 
  0   0   0   0   0   0   0   0   0   0   0   0   0   0   0   0 
  0   0   0   0   0   0   0   1   1   0   1   1   1   1   0   1 
  4   4   3   2   1   3   1  12  32   6   5   2   1   7   7  19 
 19  11   4   4   6   2   6  14   4   0   0   0   0   0   0   0 
  0   0   0   0   0   0   0   1   1   0   0   0   0   0   0   0 
  0   0   0   0   0   0   0   0   0   0   0   0   0   0   0   1 
  1   0   0   0   0   0   0   1   1   0   0   0   0   0   0   0 
  0   0   1   1   1   1   1   2   4  49  17  55   0   1   4  15 
  2  26   6  10  14  58  45   4   3   1   1   1   1   1   1   1 
  1   0   0   0   0   0   0   0   0   0   0   0   0   0   0   0 
  0   0   0   0   0   0   0   4  15  11  28   8  17  55  18  31 
 44   0   0   0   0   0   0   0   0   0   0   0   0   0   0   1 
  1   1   1   0   0   1   1   1   1   0   0   0   0   0   0   1 
  1   1   1   0   0   1   1   1   0   1   1   1   1   1   1   1 
  1   1   1   1   1   1   1   1   1   1   1   1   1   1   1   1 
  1   0   0   0   0   0   0   0   0   0   0   0   0   0   0   0 
  0   0   0   0   0   0   0   0   0   0   0   0   0   0   0   0 
  0   0   0   0   0   0   0   0   0   0   0   0   0   0   0   0 
  0   0   0   0   0   0   0   0   0   0   0   0   0   0   0   0 
  0   0   0   0   0   0   0   0   0   0   0   0   0   0   0   0 
  0   0   0   0   0   0   0   0   0   0   0   0   0   0   0   0 
  0   0   0   0   0   0   0   0   0   0   0   0   0   0   0   0 
  0   0   0   0   0   0   0   0   0   0   0   0   0   0   0   0 
  0   0   0   0   0   0   0   0   0   0   0   0   0   0   0   0 
  0   0   0   0   0   0   0   0   0   0   0   0   0   0   0   0 
  0   0   0   0   0   0   0   1   1   0   1   1   1   1   0   1 
  6   5   7   5   3   5   5   1   9  10  10   8   6  13  11  20 
 10   4   1   1   1   4   2   2   1   0   0   0   0   0   0   0 
  0   0   0   0   0   0   0   1   1   0   0   0   0   0   0   0 
  0   0   0   0   0   0   0   0   0   0   0   0   0   0   0   1 
  1   0   0   0   0   0   0   1   1   0   0   0   0   0   0   0 
  0   0   1   1   1   1   1   1   2  43  31  60   4   9   2   5 
 16  16   6  19  25  55  45  18   1   1   1   1   1   1   1   1 
  1   0   0   0   0   0   0   0   0   0   0   0   0   0   0   0 
  0   0   0   0   0   0   0   2   2   8  61  25  61  42  10   1 
 44   0   0   0   0   0   0   0   0   0   0   0   0   0   0   0 
  1   1   0   0   0   0   1   1   0   0   0   0   0   0   0   0 
  1   1   0   0   0   0   1   0   1   1   1   1   1   1   1   1 
  1   1   1   1   1   1   1   1   1   1   1   1   1   1   1   1 
  1   0   0   0   0   0   0   0   0   0   0   0   0   0   0   0 
  0   0   0   0   0   0   0   0   0   0   0   0   0   0   0   0 
  0   0   0   0   0   0   0   0   0   0   0   0   0   0   0   0 
  0   0   0   0   0   0   0   0   0   0   0   0   0   0   0   0 
  0   0   0   0   0   0   0   0   0   0   0   0   0   0   0   0 
  0   0   0   0   0   0   0   0   0   0   0   0   0   0   0   0 
  0   0   0   0   0   0   0   0   0   0   0   0   0   0   0   0 
  0   0   0   0   0   0   0   0   0   0   0   0   0   0   0   0 
  0   0   0   0   0   0   0   0   0   0   0   0   0   0   0   0 
  0   0   0   0   0   0   0   0   0   0   0   0   0   0   0   0 
  0   0   0   0   0   0   0   1   1   0   1   1   1   1   0   4 
 14  14   9   3   2   1   3   8   3   5  13  11   5  16  13  18 
  1   2   2   6   1   2   4   5   1   0   0   0   0   0   0   0 
  0   0   0   0   0   0   0   1   1   0   0   0   0   0   0   0 
  0   0   0   0   0   0   0   0   0   0   0   0   0   0   0   1 
  1   0   0   0   0   0   0   1   1   0   0   0   0   0   0   0 
  0   0   1   1   1   1   1   2   9  32  35  72   3   7   1   4 
 25  16  13   3  11  43  42  14   0   1   1   1   1   1   1   1 
  1   0   0   0   0   0   0   0   0   0   0   0   0   0   0   0 
  0   0   0   0   0   0   0   3  14  19  37  34  62   5  24   7 
 44   0   0   0   0   0   0   0   0   0   0   0   0   0   0   0 
  1   1   0   0   0   0   1   1   0   0   0   0   0   0   0   0 
  1   1   0   0   0   0   1   1   0   1   1   1   1   1   1   1 
  1   1   1   1   1   1   1   0   1   1   1   1   1   1   1   1 
  1   0   0   0   0   0   0   0   0   0   0   0   0   0   0   0 
  0   0   0   0   0   0   0   0   0   0   0   0   0   0   0   0 
  0   0   0   0   0   0   0   0   0   0   0   0   0   0   0   0 
  0   0   0   0   0   0   0   0   0   0   0   0   0   0   0   0 
  0   0   0   0   0   0   0   0   0   0   0   0   0   0   0   0 
  0   0   0   0   0   0   0   0   0   0   0   0   0   0   0   0 
  0   0   0   0   0   0   0   0   0   0   0   0   0   0   0   0 
  0   0   0   0   0   0   0   0   0   0   0   0   0   0   0   0 
  0   0   0   0   0   0   0   0   0   0   0   0   0   0   0   0 
  0   0   0   0   0   0   0   0   0   0   0   0   0   0   0   0 
  0   0   0   0   0   0   0   1   1   0   1   1   1   1   0   3 
 17  17   8  10   8   4   6  10   7   0   2   5   7   4   6   7 
 22   8   1   1   3   7   0  15   4   0   0   0   0   0   0   0 
  0   0   0   0   0   0   0   1   1   0   0   0   0   0   0   0 
  0   0   0   0   0   0   0   0   0   0   0   0   0   0   0   1 
  1   0   0   0   0   0   0   1   1   0   0   0   0   0   0   0 
  0   0   1   1   1   1   1   2   2  25  49  78   6   6   9   7 
  6  21  29  13   2  38  27   9   1   1   1   1   1   1   1   1 
  1   0   0   0   0   0   0   0   0   0   0   0   0   0   0   0 
  0   0   0   0   0   0   0   1   7   3  32  14  52   6   8  19 
 43   0   0   0   0   0   0   0   0   0   0   0   0   0   0   1 
  1   1   1   0   0   1   1   1   1   0   0   0   0   0   0   1 
  1   1   1   0   0   1   1   0   1   1   1   1   1   1   1   1 
  1   1   1   1   1   1   1   2   2   1   1   1   1   1   1   1 
  1   0   0   0   0   0   0   0   0   0   0   0   0   0   0   0 
  0   0   0   0   0   0   0   0   0   0   0   0   0   0   0   0 
  0   0   0   0   0   0   0   0   0   0   0   0   0   0   0   0 
  0   0   0   0   0   0   0   0   0   0   0   0   0   0   0   0 
  0   0   0   0   0   0   0   0   0   0   0   0   0   0   0   0 
  0   0   0   0   0   0   0   0   0   0   0   0   0   0   0   0 
  0   0   0   0   0   0   0   0   0   0   0   0   0   0   0   0 
  0   0   0   0   0   0   0   0   0   0   0   0   0   0   0   0 
  0   0   0   0   0   0   0   0   0   0   0   0   0   0   0   0 
  0   0   0   0   0   0   0   0   0   0   0   0   0   0   0   0 
  0   0   0   0   0   0   0   1   1   0   1   1   1   1   0   4 
 14  19  18  11   2   2   0   1  14  11  19  28  38  31  43  58 
 30  15  10   2   8   3   3   1   1   0   0   0   0   0   0   0 
  0   0   0   0   0   0   0   1   1   0   0   0   0   0   0   0 
  0   0   0   0   0   0   0   0   0   0   0   0   0   0   0   1 
  1   0   0   0   0   0   0   1   1   0   0   0   0   0   0   0 
  0   0   1   1   1   1   0   2   9  21  56  88   9   4   3   1 
  1   0  14   7   4  30  31  21   2   1   1   1   1   1   1   1 
  1   0   0   0   0   0   0   0   0   0   0   0   0   0   0   0 
  0   0   0   0   0   0   0   2   9   8  48  21  53   3   3  19 
 43   0   0   0   0   0   0   0   0   0   0   0   0   0   0   1 
  1   0   1   1   1   1   0   1   1   0   0   0   0   0   0   1 
  1   0   1   1   1   1   0   1   1   0   0   0   0   0   0   0 
  0   0   0   0   0   0   0   1   2   1   1   1   1   1   1   1 
  1   0   0   0   0   0   0   0   0   0   0   0   0   0   0   0 
  0   0   0   0   0   0   0   0   0   0   0   0   0   0   0   0 
  0   0   0   0   0   0   0   0   0   0   0   0   0   0   0   0 
  0   0   0   0   0   0   0   0   0   0   0   0   0   0   0   0 
  0   0   0   0   0   0   0   0   0   0   0   0   0   0   0   0 
  0   0   0   0   0   0   0   0   0   0   0   0   0   0   0   0 
  0   0   0   0   0   0   0   0   0   0   0   0   0   0   0   0 
  0   0   0   0   0   0   0   0   0   0   0   0   0   0   0   0 
  0   0   0   0   0   0   0   0   0   0   0   0   0   0   0   0 
  0   0   0   0   0   0   0   0   0   0   0   0   0   0   0   0 
  0   0   0   0   0   0   0   1   1   0   1   1   1   1   0   1 
  5   9  21  40  53  69  81  99  84  88  85  70  32   3  18  60 
 68  32  22   2  10   3   7  12   2   0   0   0   0   0   0   0 
  0   0   0   0   0   0   0   1   1   0   0   0   0   0   0   0 
  0   0   0   0   0   0   0   0   0   0   0   0   0   0   0   1 
  1   0   0   0   0   0   0   1   1   0   0   0   0   0   0   0 
  1   1   1   1   1   1   0   1   2  15  62  97   5   1   5   1 
  8  26   7   5   5  30  27  27   1   1   1   1   1   1   1   1 
  1   0   0   0   0   0   0   0   0   0   0   0   0   0   1   1 
  0   0   0   0   0   0   0   2   7  15  47  16  76   4  10  16 
 43   1   1   1   1   1   1   0   1   1   1   1   1   1   1   0 
  1   1   1   1   1   1   1   1   1   1   1   1   1   1   1   0 
  2   1   2   0   1   1   0   1   1   1   1   1   1   1   1   1 
  1   1   1   1   1   1   1   2   2   1   1   1   1   1   1   2 
  1   0   0   0   0   0   0   0   0   0   0   0   0   0   0   0 
  0   0   0   0   0   0   0   0   0   0   0   0   0   0   0   0 
  0   0   0   0   0   0   0   0   0   0   0   0   0   0   0   0 
  0   0   0   0   0   0   0   0   0   0   0   0   0   0   0   0 
  0   0   0   0   0   0   0   0   0   0   0   0   0   0   0   0 
  0   0   0   0   0   0   0   0   0   0   0   0   0   0   0   0 
  0   0   0   0   0   0   0   0   0   0   0   0   0   0   0   0 
  0   0   0   0   0   0   0   0   0   0   0   0   0   0   0   0 
  0   0   0   0   0   0   0   0   1   1   1   1   1   1   1   1 
  1   1   1   1   1   1   1   1   0   0   0   0   0   0   0   0 
  1   1   1   0   0   1   1   0   1   2   1   4   2   2   2   4 
  7  47  53  21  18  56  66  52  60  82  94  73  42  30  33  66 
 11  24  65  63  39  11   3  21   7   1   1   3   1   2   2   2 
  1   1   1   1   1   1   1   1   1   0   0   0   0   0   0   0 
  0   0   0   0   0   0   0   0   0   0   0   0   0   0   0   1 
  1   1   1   1   1   1   1   1   1   0   0   0   0   0   0   1 
  1   1   1   1   0   2   1   2   1  16  80 104  12   2   3  10 
  5  26  10   1  24  44   1  43  38  23  15   8   4   3   1   4 
  5   3   1   2   8  12   9   4   1   1   0   0   0   1   1   2 
  2   1   2   1   3   4   3   2   6   2  46  29  61  19   4   4 
 43   1   0   2   2   0   1   0   1   1   1   1   1   1   1   1 
  0   1   1   0   0   1   1   1   1   1   1   1   1   1   1   1 
  1   1   1   1   1   0   0   0   1   1   1   1   1   1   1   1 
  1   1   1   1   1   1   1   1   1   0   0   1   1   0   0   1 
  0   0   0   0   0   0   0   0   0   0   0   0   0   0   0   0 
  0   0   0   0   0   0   0   0   0   0   0   0   0   0   0   0 
  0   0   0   0   0   0   0   0   0   0   0   0   0   0   0   0 
  0   0   0   0   0   0   0   0   0   0   0   0   0   0   0   0 
  0   0   0   0   0   0   0   0   0   0   0   0   0   0   0   0 
  0   0   0   0   0   0   0   0   0   0   0   0   0   0   0   0 
  0   0   0   0   0   0   0   0   0   0   0   0   0   0   0   0 
  0   0   0   0   0   0   0   0   0   0   0   0   0   0   0   0 
  0   0   0   0   0   0   0   1   1   1   1   1   1   1   1   1 
  1   1   1   1   1   1   1   1   1   0   0   0   0   0   0   1 
  1   1   1   1   1   1   1   1   3   7  15  21  14  14   5  24 
110  22  42  25  42  30  30  33  19  19  17  14   5   0   3  16 
  8 102  76  22  19  57  26   8   1   5   2  10   4   7   5  12 
  3   1   1   1   1   1   1   1   0   0   0   0   0   0   0   0 
  0   0   0   0   0   0   0   0   0   0   0   0   0   0   0   0 
  1   1   1   1   1   1   1   1   0   0   0   0   0   0   0   1 
  1   1   1   1   1   1   1   1  12  10  41  58  15   0   5  13 
 10  39   6  29  49  20  21  27  10  25  42  43  38  34  32  30 
  6  15  21  26  17   8  14  24  30  23  24  19  15   9   1   9 
  2   6   7   5   8  11   9   6   1   9  38  45 100  13   8  25 
 43   1   1   1   1   1   1   0   1   0   0   0   0   0   0   1 
  1   0   0   0   0   0   0   1   1   0   0   0   0   0   0   0 
  0   0   0   0   0   0   0   0   0   0   0   0   0   0   0   0 
  0   0   0   0   0   0   0   0   0   0   0   0   0   0   0   0 
  0   0   0   0   0   0   0   0   0   0   0   0   0   0   0   0 
  0   0   0   0   0   0   0   0   0   0   0   0   0   0   0   0 
  0   0   0   0   0   0   0   0   0   0   0   0   0   0   0   0 
  0   0   0   0   0   0   0   0   0   0   0   0   0   0   0   0 
  0   0   0   0   0   0   0   0   0   0   0   0   0   0   0   0 
  0   0   0   0   0   0   0   0   0   0   0   0   0   0   0   0 
  0   0   0   0   0   0   0   0   0   0   0   0   0   0   0   0 
  0   0   0   0   0   0   0   0   0   0   0   0   0   0   0   0 
  0   0   0   0   0   0   0   1   1   0   0   0   0   0   0   0 
  0   0   0   0   0   0   0   1   1   0   0   0   0   0   0   1 
  1   0   1   1   1   1   0   2   6   3   1   1   7   3  41  41 
 43  62  33   5  18   4   3   5  14   4   2   5   5   4   2   6 
 19  14  23  55  67  18  42  15   3   2   3   1   0   3   2   2 
  1   0   0   0   0   0   0   0   0   0   0   0   0   0   0   0 
  0   0   0   0   0   0   0   0   0   0   0   0   0   0   0   0 
  0   0   0   0   0   0   0   0   0   0   0   0   0   0   0   1 
  1   1   1   0   0   0   0   1   6   9  55  59   3   4   1   2 
  5  15  14  21   9  64  64  24  66  44  36  26   9   8  12   3 
 31  30  30  16   1   3   5  15  19  20  22  29  34  45  51  60 
 41  40  31  27  27  29  25  26  10   1  37  31  89  16   6   4 
 41   1   1   1   1   1   1   1   1   0   0   0   0   0   0   1 
  1   0   0   0   0   0   0   1   1   0   0   0   0   0   0   0 
  0   0   0   0   0   0   0   0   0   0   0   0   0   0   0   0 
  0   0   0   0   0   0   0   0   0   0   0   0   0   0   0   0 
  0   0   0   0   0   0   0   0   0   0   0   0   0   0   0   0 
  0   0   0   0   0   0   0   0   0   0   0   0   0   0   0   0 
  0   0   0   0   0   0   0   0   0   0   0   0   0   0   0   0 
  0   0   0   0   0   0   0   0   0   0   0   0   0   0   0   0 
  0   0   0   0   0   0   0   0   0   0   0   0   0   0   0   0 
  0   0   0   0   0   0   0   0   0   0   0   0   0   0   0   0 
  0   0   0   0   0   0   0   0   0   0   0   0   0   0   0   0 
  0   0   0   0   0   0   0   0   0   0   0   0   0   0   0   0 
  0   0   0   0   0   0   0   1   1   1   1   1   1   1   1   1 
  1   1   1   1   1   1   1   1   1   0   0   0   0   0   0   1 
  1   0   1   1   1   1   0   2   8  12  18  14   5  21  46   7 
 44  38   4  15   1   9   4   1  13   7   3   2   8   7   1   3 
  1   3   4  21  36  46  25  65   6   1   2   5   2   4   1   7 
  2   0   0   0   0   0   0   0   0   0   0   0   0   0   0   0 
  0   0   0   0   0   0   0   0   0   0   0   0   0   0   0   0 
  0   0   0   0   0   0   0   0   0   0   0   0   0   0   0   1 
  1   1   1   0   0   0   0   1   1   8  59  59   6   1   0   8 
 10  33  30  17   9  58  56  14  19  18  35  38  27  19  24  42 
 46  39  33  37  34  25  24  28  27  24  18  20  24  25  25  32 
 12   1   6  15  29  38  34  25  27  29  55  50  72   8   7   7 
 43   1   1   0   0   1   1   1   0   0   0   0   0   0   0   1 
  1   0   0   0   0   0   0   1   1   0   0   0   0   0   0   0 
  0   0   0   0   0   0   0   0   0   0   0   0   0   0   0   0 
  0   0   0   0   0   0   0   0   0   0   0   0   0   0   0   0 
  0   0   0   0   0   0   0   0   0   0   0   0   0   0   0   0 
  0   0   0   0   0   0   0   0   0   0   0   0   0   0   0   0 
  0   0   0   0   0   0   0   0   0   0   0   0   0   0   0   0 
  0   0   1   0   1   0   0   0   0   0   0   0   0   0   0   0 
  0   0   0   0   0   0   0   0   0   0   0   0   0   0   0   0 
  0   0   0   0   0   0   0   0   0   0   0   0   0   0   0   0 
  0   0   0   0   0   0   0   0   0   0   0   0   0   0   0   0 
  0   0   0   0   0   0   0   0   0   0   0   0   0   0   0   0 
  0   0   0   0   0   0   0   0   1   1   1   1   1   1   1   1 
  1   1   1   1   1   1   1   1   0   0   0   0   0   0   0   1 
  1   0   1   1   1   1   0   1   1  14  17   2   8  45  30  49 
 11   6  21   9  15   4  13  19   0   3   4   5   2   1   0  10 
 33  26  23  30  44  48  73  67  15   4   2   2   1   5   4   3 
  1   0   0   0   0   0   0   0   0   0   0   0   0   0   0   0 
  0   0   0   0   0   0   0   0   0   0   0   0   0   0   0   0 
  0   0   0   0   0   0   0   0   0   0   0   0   0   0   0   1 
  1   1   1   0   0   0   0   1   4  14  55  69  18   7   2   7 
 12  19  12  19  36  34  15   6  21  12   5  12   7   2   3  12 
 12   5   1   1   5   7  24  52  64  48  37  24  15  13  15  15 
 48  42  34  25  22  24  22  36   2  21  80  57  52   1   1   3 
 42   1   1   1   1   1   1   0   0   0   0   0   0   0   0   1 
  1   0   0   0   0   0   0   1   1   0   0   0   0   0   0   0 
  0   0   0   0   0   0   0   0   0   0   0   0   0   0   0   0 
  0   0   0   0   0   0   0   0   0   0   0   0   0   0   0   0 
  0   0   0   0   0   0   0   0   0   0   0   0   0   0   0   0 
  0   0   0   0   0   0   0   0   0   0   0   0   0   0   0   0 
  0   0   0   0   0   0   0   0   0   0   0   0   0   0   0   0 
  0   1   2   1   2   1   0   0   0   0   0   0   0   0   0   0 
  0   0   0   0   0   0   0   0   0   0   0   0   0   0   0   0 
  0   0   0   0   0   0   0   0   0   0   0   0   0   0   0   0 
  0   0   0   0   0   0   0   0   0   0   0   0   0   0   0   0 
  0   0   0   0   0   0   0   0   0   0   0   0   0   0   0   0 
  0   0   0   0   0   0   0   0   1   1   1   1   1   1   1   1 
  1   1   1   1   1   1   1   1   0   0   0   0   0   0   0   1 
  1   1   1   1   1   1   0   2   3   6   3   8  34  62 106  16 
  5  15   2  13  15   4   5   1   4   4   2   2   5   5   3  11 
  7  20   3  29   5   5  30   4  47   1   5   1   2   2   3   2 
  1   0   0   0   0   0   0   0   0   0   0   0   0   0   0   0 
  0   0   0   0   0   0   0   0   0   0   0   0   0   0   0   0 
  0   0   0   0   0   0   0   0   0   0   0   0   0   0   0   1 
  1   1   1   0   0   0   0   1   5  13  60  67  19   4   2   6 
  5   5  29  25   9  18  17  23   1   4   6   3  10   4   3   4 
  1   3   3   4   2   3   1   9  14  21  32  31  20  14  13  17 
  5   8  15  30  46  54  37  16  48  24  17  16  42   4  11   8 
 41   1   1   1   1   1   1   1   0   0   0   0   0   0   0   1 
  1   0   0   0   0   0   0   1   1   0   0   0   0   0   0   0 
  0   0   0   0   0   0   0   0   0   0   0   0   0   0   0   0 
  0   0   0   0   0   0   0   0   0   0   0   0   0   0   0   0 
  0   0   0   0   0   0   0   0   0   0   0   0   0   0   0   0 
  0   0   0   0   0   0   0   0   0   0   0   0   0   0   0   0 
  0   0   0   0   0   0   0   0   0   0   0   0   0   0   0   0 
  0   1   1   1   1   2   1   0   0   0   0   0   0   0   0   0 
  0   0   0   0   0   0   0   0   0   0   0   0   0   0   0   0 
  0   0   0   0   0   0   0   0   0   0   0   0   0   0   0   0 
  0   0   0   0   0   0   0   0   0   0   0   0   0   0   0   0 
  0   0   0   0   0   0   0   0   0   0   0   0   0   0   0   0 
  0   0   0   0   0   0   0   1   1   1   1   1   1   1   1   1 
  1   1   1   1   1   1   1   1   1   0   0   0   0   0   0   0 
  1   1   1   1   1   1   0   1   0   3   1   4  55  43 110  27 
  4   8   9   0   7  25   4   7  13   1   5   7   4   1   3   0 
 24  29  24  38  17   1  19  28  64   5   3   2   1   5   1   1 
  0   0   0   0   0   0   0   0   0   0   0   0   0   0   0   0 
  0   0   0   0   0   0   0   0   0   0   0   0   0   0   0   0 
  0   0   0   0   0   0   0   0   0   0   0   0   0   0   0   1 
  1   1   1   0   0   0   0   2   6  14  65  58   9   5   3   1 
  6  13   1   4  10  14   8  15   3  12  14   3  16  23  18  21 
  8   4  18  10   1  20  65  98 128  86  43  10   2   5   5  10 
  4   7  18  20   1  17  15   5  25  35  33  23  27   7  12  21 
 42   1   1   1   1   1   1   2   1   0   0   0   0   0   0   1 
  1   0   0   0   0   0   0   1   1   0   0   0   0   0   0   0 
  0   0   0   0   0   0   0   0   0   0   0   0   0   0   0   0 
  0   0   0   0   0   0   0   0   0   0   0   0   0   0   0   0 
  0   0   0   0   0   0   0   0   0   0   0   0   0   0   0   0 
  0   0   0   0   0   0   0   0   0   0   0   0   0   0   0   0 
  0   0   0   0   0   0   0   0   0   0   0   0   0   0   0   0 
  1   2   1   0   1   1   0   0   0   0   0   0   0   0   0   0 
  0   0   0   0   0   0   0   0   0   0   0   0   0   0   0   0 
  0   0   0   0   0   0   0   0   0   0   0   0   0   0   0   0 
  0   0   0   0   0   0   0   0   0   0   0   0   0   0   0   0 
  0   0   0   0   0   0   0   0   0   0   0   0   0   0   0   0 
  0   0   0   0   0   0   0   1   1   0   0   0   0   0   0   0 
  0   0   0   0   0   0   0   1   1   0   0   0   0   0   0   0 
  0   1   2   1   1   1   0   1   0   0   2  15  55  26  47  15 
  3   4   5   8   1   4  24  17  13   3   2   5   5   4   1   4 
 13   3  10  10  17  14  42  41  53   6  10   2   4   4   5   4 
  2   0   0   0   0   0   0   0   0   0   0   0   0   0   0   0 
  0   0   0   0   0   0   0   0   0   0   0   0   0   0   0   0 
  0   0   0   0   0   0   0   0   0   0   0   0   0   0   0   1 
  1   1   1   0   0   0   0   3   7  14  63  60   7   6   4   3 
 24   2  14   5  16  28  15  13   3   4   3   5   5   9   8  13 
 12   6   5  13  31  41  15   9  38  14   6  16  16  12   2  10 
 28  12   8  33  38  17   3  12  19  10  20   7   2   4   7  21 
 42   1   1   1   1   1   1   2   1   0   0   0   0   0   0   1 
  1   1   1   1   1   1   1   1   1   0   0   0   0   0   0   0 
  0   0   0   0   0   0   0   0   0   0   0   0   0   0   0   0 
  0   0   0   0   0   0   0   0   0   0   0   0   0   0   0   0 
  0   0   0   0   0   0   0   0   0   0   0   0   0   0   0   0 
  0   0   0   0   0   0   0   0   0   0   0   0   0   0   0   0 
  1   1   1   2   3   2   4   3   2   2   1   4   2   2   2   2 
  7   1   5   2   1   2   1   2   1   1   1   0   0   1   1   1 
  0   0   0   0   0   0   0   0   0   0   0   0   0   0   0   0 
  0   0   0   0   0   0   0   0   0   0   0   0   0   0   0   0 
  1   0   0   1   1   0   0   1   0   0   0   0   0   0   0   0 
  0   0   0   0   0   0   0   0   0   0   0   0   0   0   0   0 
  1   1   1   1   1   1   1   1   1   1   1   1   1   1   1   1 
  0   0   0   0   0   0   0   1   1   0   0   0   0   0   0   0 
  1   1   2   1   0   1   3   4   1   6  13  31  57  84  16  27 
 20   1   4  11   5  12  16  25  20   3   6   6   2   4   2   2 
  4   4  14   4   8   3  39  61  66   1  15   2  12   3   0   9 
  4   1   1   0   0   1   1   1   0   0   0   0   0   0   0   0 
  0   0   0   0   0   0   0   0   0   0   0   0   0   0   0   0 
  0   0   0   0   0   0   0   0   0   0   0   0   0   0   0   1 
  1   1   1   0   1   2   1   1   3  13  99  69  16   4   2   2 
 24  25  13  25   3  34  21   5  19   3   2   4  10   1  11  31 
 18  12  11  18  19  16  42  45  56  40  13   6  10   8   0   3 
 13  14  20   9  37  28   5   9   1   1  21  31   3  30  14  22 
 39   0   0   1   1   0   0   1   0   0   0   0   0   0   0   0 
  1   1   1   1   1   1   1   1   0   0   0   0   0   0   0   0 
  0   0   0   0   0   0   0   0   0   0   0   0   0   0   0   0 
  0   0   0   0   0   0   0   0   0   0   0   0   0   0   0   0 
  0   0   0   0   0   0   0   0   0   0   0   0   0   0   0   0 
  0   0   0   0   0   0   0   0   0   0   0   0   0   0   0   1 
  4   1   7   8  11  10  19  16   9  15   4  16   9  10  10   6 
 28  17  18  10   3   8   4  13   3   1   1   1   1   2   1   1 
  1   0   0   0   0   0   0   0   0   0   0   0   0   0   0   0 
  0   0   0   0   0   0   0   0   0   0   0   0   0   0   0   1 
  2   1   1   1   1   1   1   2   1   0   0   0   0   0   0   0 
  0   0   0   0   0   0   0   0   0   0   0   0   0   0   0   1 
  1   1   1   1   1   1   1   1   1   1   1   1   1   1   1   1 
  1   0   0   0   0   0   0   1   1   0   0   0   0   0   0   1 
  1   5   9   6   3   2  20  18  21  33   5  59  14  68  22   7 
 13   2   1   3   3   5   3   3   7   2   5   3   0   4   4   7 
  7  14  16   5  10   5   1  76  23  56   0  10   9   2  10   5 
  1   1   1   1   1   1   1   1   1   0   0   0   0   0   0   0 
  0   0   0   0   0   0   0   0   0   0   0   0   0   0   0   0 
  0   0   0   0   0   0   0   0   0   0   0   0   0   0   0   0 
  1   1   1   0   2   7   2   4   7  71  58  38  37  16   7   7 
  7   7   9   1   3   2   3   1  19  21   9  14   7  22  15  13 
  4   1   2  10   8   3  13  14   3   4   1   2   1   2   1   1 
  1   4   3  16  25  18   5   4  10   1  19   3  41  20  27   2 
 39   0   0   0   0   0   0   0   0   0   0   0   0   0   0   0 
  0   0   0   0   0   0   0   0   0   0   0   0   0   0   0   0 
  0   0   0   0   0   0   0   0   0   0   0   0   0   0   0   0 
  0   0   0   0   0   0   0   0   0   0   0   0   0   0   0   0 
  0   0   0   0   0   0   0   0   0   0   0   0   0   0   0   0 
  0   0   0   0   0   0   0   0   0   0   0   0   0   0   0   2 
  9   8   4  12   3  11   6   8  15  26  13   8  10   3   5  10 
  2  16  17   4   4   6   2   9   2   0   1   1   0   1   1   1 
  1   0   0   0   0   0   0   0   0   0   0   0   0   0   0   0 
  0   0   0   0   0   0   0   0   0   0   0   0   0   0   0   1 
  1   1   1   1   1   1   1   1   1   0   0   0   0   0   0   0 
  0   0   0   0   0   0   0   0   0   0   0   0   0   0   0   1 
  1   0   0   0   0   0   0   1   1   0   0   0   0   0   0   1 
  1   0   0   0   0   0   0   1   1   0   0   0   0   0   0   2 
  5   1   2   2   0   3  10  33   4  16  29  80  17  54   5  16 
  1   1   2   1   2   2   1   1   1   1   3   4   1   1   0   1 
  2   4   4   2   5   4   3  47  15  61   2  10   6   5   9   4 
  1   0   1   1   1   1   0   1   1   0   0   0   0   0   0   0 
  0   0   0   0   0   0   0   0   0   0   0   0   0   0   0   0 
  0   0   0   0   0   0   0   0   0   0   0   0   0   0   0   0 
  0   1   1   2   4   3   1   2  22  49  30   4   1  14   6   1 
  5   1   1   2   4   7  13  20  16   4   9   1   2   7   4   1 
 10   1   4   0   0   3   1   1   7   2   2   1   1   2   3   3 
  1   1   0   1   0   1   1   2  11   1  13   8  10   5   5   3 
 39   0   0   0   0   0   0   0   0   0   0   0   0   0   0   0 
  0   0   0   0   0   0   0   0   0   0   0   0   0   0   0   0 
  0   0   0   0   0   0   0   0   0   0   0   0   0   0   0   0 
  0   0   0   0   0   0   0   0   0   0   0   0   0   0   0   0 
  0   0   0   0   0   0   0   0   0   0   0   0   0   0   0   0 
  0   0   0   0   0   0   0   0   0   0   0   0   0   0   0   2 
 10   9   3  13   6   8   7  13  21  13  13  25  25   1   1  16 
 35   1  13  12   3   3   5   1   1   1   0   1   1   0   1   2 
  1   0   0   0   0   0   0   0   0   0   0   0   0   0   0   0 
  0   0   0   0   0   0   0   0   0   0   0   0   0   0   0   1 
  1   1   1   1   1   1   1   1   1   0   0   0   0   0   0   0 
  0   0   0   0   0   0   0   0   0   0   0   0   0   0   0   1 
  1   0   0   0   0   0   0   1   1   0   0   0   0   0   0   1 
  1   0   0   0   0   0   0   1   1   0   0   0   0   0   0   1 
  2   5  13   8   1   1  26  35  93  63  11  61  13  46   2   5 
  6   1   1   1   3   2   1   2   1   1   0   1   1   1   0   1 
  4   2   0   0   3   5   7  22  49  74   1   2   4  11  11   5 
  1   0   1   1   1   1   0   1   1   0   0   0   0   0   0   0 
  0   0   0   0   0   0   0   0   0   0   0   0   0   0   0   0 
  0   0   0   0   0   0   0   0   0   0   0   0   0   0   0   1 
  2   3   3   1   5   3   1   5  55   3  58   9  12   2   3   0 
  6   7   2   2   0   8   3   2  32   5  10   8   2   3   2  17 
 10   4   5   3   5   5   1   5   4   2   2   1   1   2   1   2 
  1   0   2   1   1   2   0   6  18   5  10   5   6   4   8   2 
 39   0   0   0   0   0   0   0   0   0   0   0   0   0   0   0 
  0   0   0   0   0   0   0   0   0   0   0   0   0   0   0   0 
  0   0   0   0   0   0   0   0   0   0   0   0   0   0   0   0 
  0   0   0   0   0   0   0   0   0   0   0   0   0   0   0   0 
  0   0   0   0   0   0   0   0   0   0   0   0   0   0   0   0 
  0   0   0   0   0   0   0   0   0   0   0   0   0   0   0   2 
  9  10   3  12   3  18   5  29  28  14  22   9  12  29  45  48 
  8  28  49   7   3   6   1   1   0   1   1   0   1   1   0   1 
  0   0   0   0   0   0   0   0   0   0   0   0   0   0   0   0 
  0   0   0   0   0   0   0   0   0   0   0   0   0   0   0   1 
  1   1   1   1   1   1   1   1   1   0   0   0   0   0   0   0 
  0   0   0   0   0   0   0   0   0   0   0   0   0   0   0   1 
  1   0   0   0   0   0   0   1   1   0   0   0   0   0   0   1 
  1   0   0   0   0   0   0   1   1   0   0   0   0   0   0   2 
  8  10  12  10   3  10  42   6  98  80  16  25  46  20   7  20 
  6   1   1   2   3   2   0   1   0   2   5   4   3   1   1   1 
  8   1   4   3   3   7   8   0  71  72   6   2  11  15  10   3 
  1   0   1   1   1   1   0   1   1   0   0   0   0   0   0   0 
  0   0   0   0   0   0   0   0   0   0   0   0   0   0   0   0 
  0   0   0   0   0   0   0   0   0   0   0   0   0   0   0   1 
  2   3   2   4   4   1   1   2  66  38  66   2   0  15   3   3 
  1   8   4   7   8   1   4  17  14   8   0  11   6   1   3   8 
  1   1   9   5   0   5   1   7   2   1   1   1   2   2   2   4 
  1   1   1   0   2   1   1   1   3  11   3   7  11   3  18   8 
 38   0   0   0   0   0   0   0   0   0   0   0   0   0   0   0 
  0   0   0   0   0   0   0   0   0   0   0   0   0   0   0   0 
  0   0   0   0   0   0   0   0   0   0   0   0   0   0   0   0 
  0   0   0   0   0   0   0   0   0   0   0   0   0   0   0   0 
  0   0   0   0   0   0   0   0   0   0   0   0   0   0   0   0 
  0   0   0   0   0   0   0   0   0   0   0   0   0   0   0   2 
 12  12   1  14  12   6  13   9  60  71  43   9  33  19  22  47 
 33  55  51  24  25   8   2  19   4   0   1   1   0   1   1   1 
  0   0   0   0   0   0   0   0   0   0   0   0   0   0   0   0 
  0   0   0   0   0   0   0   0   0   0   0   0   0   0   0   1 
  1   1   1   1   1   1   1   1   1   0   0   0   0   0   0   0 
  0   0   0   0   0   0   0   0   0   0   0   0   0   0   0   1 
  1   0   0   0   0   0   0   1   1   0   0   0   0   0   0   1 
  1   0   0   0   0   0   0   1   1   0   0   0   0   0   0   3 
  9  10  12  12   8   2  48   1  17  14  63  20  44   8  11   5 
  2   1   1   2   1   0   2   2   1   1   4   4   0   1   2   2 
  8   4   4   2   7   1   7   9  73  49  20   5  10  14   9   2 
  0   0   1   1   1   1   0   1   1   0   0   0   0   0   0   0 
  0   0   0   0   0   0   0   0   0   0   0   0   0   0   0   0 
  0   0   0   0   0   0   0   0   0   0   0   0   0   0   0   0 
  1   4   4   2   8   3   3  22  43  38  34   1   2   9   9   7 
 13   1   4   2   3   7   9   2   4   8  13   0  11   7   1   4 
 17   2   9  12   5   1   4   2   1   2   2   1   1   1   3   4 
  2   1   1   2   0   1   1   3   7  10  10  10  15   3  19   7 
 38   0   0   0   0   0   0   0   0   0   0   0   0   0   0   0 
  0   0   0   0   0   0   0   0   0   0   0   0   0   0   0   0 
  0   0   0   0   0   0   0   0   0   0   0   0   0   0   0   0 
  0   0   0   0   0   0   0   0   0   0   0   0   0   0   0   0 
  0   0   0   0   0   0   0   0   0   0   0   0   0   0   0   0 
  0   0   0   0   0   0   0   0   0   0   0   0   0   0   0   2 
  7   6  14   2   8  54  50  13  43  38  33   8   6   1   5  26 
  0  28   1   8  12  23  23  15   5   1   0   1   1   0   1   1 
  1   0   0   0   0   0   0   0   0   0   0   0   0   0   0   0 
  0   0   0   0   0   0   0   0   0   0   0   0   0   0   0   1 
  1   1   1   1   1   1   1   1   1   0   0   0   0   0   0   0 
  0   0   0   0   0   0   0   0   0   0   0   0   0   0   0   1 
  1   0   0   0   0   0   0   1   1   0   0   0   0   0   0   1 
  1   0   0   0   0   0   0   1   1   0   0   0   0   0   0   1 
  2   9   9   0   3  10  53  31  33   1  47   2  35  19   8  25 
  8   2   1   2   1   1   1   4   7   1   1   2   0   3   2   5 
  3   0   5   1   6  10   1  18  59  11  38   3   7   4   2   3 
  1   0   1   1   1   1   0   1   1   0   0   0   0   0   0   0 
  0   0   0   0   0   0   0   0   0   0   0   0   0   0   0   0 
  0   0   0   0   0   0   0   0   0   0   0   0   0   0   0   2 
  8   4   4   3   3   2   6  53  10  34   3   7   5   1  10   4 
  3   1   3   2   0   0   1   1  14   8  16   9   9  12   7   5 
 15   6   2   8   8   4   1  10   6   2   1   1   2   2   2   4 
  0   0   2   1   1   2   0   2   3   2   5   1  16  10  10  26 
 38   0   0   0   0   0   0   0   0   0   0   0   0   0   0   0 
  0   0   0   0   0   0   0   0   0   0   0   0   0   0   0   0 
  0   0   0   0   0   0   0   0   0   0   0   0   0   0   0   0 
  0   0   0   0   0   0   0   0   0   0   0   0   0   0   0   0 
  0   0   0   0   0   0   0   0   0   0   0   0   0   0   0   0 
  0   0   0   0   0   0   0   0   0   0   0   0   0   0   0   3 
 13   9  28  14  35  30  35  23  60  55  46   8   2  27  31  36 
 46  16  41  29  18   5  21  32   2   1   1   0   1   1   0   1 
  1   0   0   0   0   0   0   0   0   0   0   0   0   0   0   0 
  0   0   0   0   0   0   0   0   0   0   0   0   0   0   0   1 
  1   1   1   1   1   1   1   1   1   0   0   0   0   0   0   0 
  0   0   0   0   0   0   0   0   0   0   0   0   0   0   0   1 
  1   0   0   0   0   0   0   1   1   0   0   0   0   0   0   1 
  1   0   0   0   0   0   0   1   1   0   0   0   0   0   0   2 
  2   4   1   9   9  26  14   3  55  18   3  18  19   4   1   5 
  2   1   2   1   1   2   0   4   3   2   3   2   1   1   3   3 
  2   3   1   5   3  17   7  22  38  33  60   0   2   5   8   5 
  1   0   1   1   1   1   0   1   1   0   0   0   0   0   0   0 
  0   0   0   0   0   0   0   0   0   0   0   0   0   0   0   0 
  0   0   0   0   0   0   0   0   0   0   0   0   0   0   0   2 
  7   2   2   2   2   6   7  52  43  36  17   5   8   2   1   8 
 13   2   7   1   2   7  10  13  10   1   8   9   2   6   7   1 
  4   5   7   3   2   5   3   8   7   0   2   1   1   2   2   5 
  2   1   1   0   1   0   1   3   5   5   3   6   1   9   7  15 
 37   0   0   0   0   0   0   0   0   0   0   0   0   0   0   0 
  0   0   0   0   0   0   0   0   0   0   0   0   0   0   0   0 
  0   0   0   0   0   0   0   0   0   0   0   0   0   0   0   0 
  0   0   0   0   0   0   0   0   0   0   0   0   0   0   0   0 
  0   0   0   0   0   0   0   0   0   0   0   0   0   0   0   0 
  0   0   0   0   0   0   0   0   4   1   2   2   2   2   1   3 
  1   8  26   1  88  47   4  33  27   8   5  13  11   3  20  49 
 22  14  71  19  24  16  13  10  59  19  17  19   1   3   1   4 
  2   1   1   0   1   2   0   4   2   1   0   2   2   0   7   2 
  1   2   1   3   1   3   2   3   0   0   0   0   0   0   0   1 
  1   1   0   2   2   0   1   1   1   1   1   1   1   1   1   1 
  1   1   1   1   1   1   1   1   1   2   3   1   2   2   1   1 
  1   1   1   1   2   1   1   1   1   0   0   0   0   0   0   1 
  1   2   8   1   2   4   1   3   1   1   1   4   3   1   1   7 
 11   4   9   3  16  76   4  94  17  21   7   4   8  11   1  25 
  3   1   1   1   1   1   1   7   4   1   4   2   3   5   3   6 
  9   7   1  16   3  22  11  26  25  51  84   1   8  13  18   7 
  2   1   1   1   1   1   1   1   1   0   0   0   0   0   0   0 
  0   0   0   0   0   0   0   0   1   1   1   1   1   1   1   1 
  0   0   1   1   0   1   1   1   2   1   2   1   1   0   1   1 
  0   0   7  10   7  12   8  58  22  41  21  21  10   7   4  10 
 13  18  26   3  13   8   3   9   1   8   7   2   2   4   5   0 
 12   5  19  14   9  16   8   2   4   1   2   3   3   3   2   5 
  1   3   1   5   2   2   2   2   1   7  13   1  24   6  27   1 
 37   0   0   0   0   0   0   0   0   0   0   0   0   0   0   0 
  0   0   0   0   0   0   0   0   0   0   0   0   0   0   0   0 
  0   0   0   0   0   0   0   0   0   0   0   0   0   0   0   0 
  0   0   0   0   0   0   0   0   0   0   0   0   0   0   0   0 
  0   0   0   0   0   0   0   0   0   0   0   0   0   0   0   0 
  0   0   0   0   0   0   0   4  18   3   8  10  10   8   5   1 
 19  14  69  47  20  13  37  66   3  22  23   3  12   1  14  10 
 18  35  39  14   5  11  14  21  22  20   9   9  28  16   9  18 
  8   2   2   3   6   4   0  15   5   2   3   5  11   2  27  16 
  6  12   8  10   4  11  10  16   3   0   0   0   0   0   0   1 
  1   1   2   1   1   1   1   1   1   2   4   3   3   2   2   0 
  2   1   1   1   1   1   1   0   1   9  13   5   7   9   6   1 
  1   4   5   2   7   4   4   9   2   1   1   0   0   0   0   1 
  8  13  32   5  14  16   3   8   4   3   3  14  10   5   4  10 
  1  13  13   9  65  24  85  12   0   5  17   7  13  10  12  10 
  4   5   7  11   5   0   9   2   6   2   1   1   1   4   0   3 
  9   4   5   1   8  14  11  38   8  65  50  24   2   4   8   4 
  0   1   1   0   0   1   1   1   0   0   0   0   0   0   0   0 
  0   0   0   0   0   0   0   1   3   3   3   2   4   2   2   4 
  1   1   1   4   1   3   2   2   4   1   5   2   3   0   4   1 
  2  13  39  21   2  10  71  46  47   6   4   5   1   3   3   4 
  3   2   2   7   3   5   3   7  12   5   5   9  20   8   7   7 
  5   5   9   5  14   5  12  12   3   5  15   9  14   5   7   4 
 10  20   9  17   8   5   1   1   1   5   1   2   4   4   3  26 
 37   0   0   0   0   0   0   0   0   0   0   0   0   0   0   0 
  0   0   0   0   0   0   0   0   0   0   0   0   0   0   0   0 
  0   0   0   0   0   0   0   0   0   0   0   0   0   0   0   0 
  0   0   0   0   0   0   0   0   0   0   0   0   0   0   0   0 
  0   0   0   0   0   0   0   0   0   0   0   0   0   0   0   0 
  0   0   0   0   0   0   0   3  17   8   3  17  18   9   3  10 
 39  46  99   3  18  38  24  33  20   9   6   5  11  18  17   3 
  5  10   0  15   8  19   9  30  20   8  16  29  18  40  19  13 
 15   1   3  10   9   3   4   6  15  12   5  20   1   8   3   1 
 20  16   9   1   1   2   3   4   1   0   0   0   0   0   0   1 
  1   1   2   1   0   0   0   1   3   3   3   1   3   1   0   3 
  0   1   0   0   0   0   0   1   1   7   6   7   7   7   6   1 
  2   3  10   8   1   5   1  12   1   1   1   1   0   0   0   8 
 35  13  13  12   8   9  15   1   6   2  10  11  13   9   5   3 
  5   8   3  35  31  26  30  41  15   4  10   8  10   8   5   4 
  2   9   1   2   7   7   3   5   2   2   1   2   1   3   1   3 
  2   2   3   1   3  11   8  29  14  65  41  18   2   5   1   6 
  2   0   0   0   0   0   0   0   0   0   0   0   0   0   0   0 
  0   0   0   0   0   0   0   1   2   2   2   2   1   3   1   3 
  1   0   1   1   1   1   2   1   4   3   3   2   2   1   1   1 
 10   6   2   5   2  18  58  10  22   3   3   1   1   2   3   2 
  0   7   4   4   8   1   6   5   2   5   7   4   7   3   7  11 
  0   4   2   1   9   3   9   3   7   8  10   1   2  15   7   4 
 10   2   3   0   9   3   8   3   5   4   3   3   3   2   0   6 
 36   0   0   0   0   0   0   0   0   0   0   0   0   0   0   0 
  0   0   0   0   0   0   0   0   0   0   0   0   0   0   0   0 
  0   0   0   0   0   0   0   0   0   0   0   0   0   0   0   0 
  0   0   0   0   0   0   0   0   0   0   0   0   0   0   0   0 
  0   0   0   0   0   0   0   0   0   0   0   0   0   0   0   0 
  0   0   0   0   0   0   0   2   9   3   1   2  12  10  10  32 
  2  67  24  48  33  16   9  27   1   9   2   2   3   3   4  15 
  4   4  12  24  23  10   7   8  35   2  20  52  15  21   7  31 
 26  19   5   1  10   2   4  12  36  13  12  11   3   8  12  18 
 20  10  10  10  12  12  10   9   2   0   0   0   0   0   0   1 
  1   1   1   1   1   1   1   2   2   1   2   4   1   1   2   4 
  3   1   1   1   1   1   1   2  11   9  14  18   3   2   8   2 
 12   8   8   7   8   8   2   4   3   0   1   2   1   1   1   2 
  1   7   1   8  11  20  11  15   4   4   4   5  12  15  10   2 
  2   4  29  44  32  50   4  18   6   3  13   9  10   7   4   7 
  3   4   2   7   5   3   4   0   1   1   1   4   1   3   2   3 
  2   4   2   4   1   5   7   7   5  60  25  24   3   3   1   4 
  2   0   0   0   0   0   0   0   0   0   0   0   0   0   0   0 
  0   0   0   0   0   0   0   1   2   2   2   2   2   1   2   3 
  2   0   1   0   0   2   1   2   2   1   2   0   2   1   1   6 
 21   8   1  18   6  32   5  59   4   1   1   1   3   2   2   4 
  7   4   5   2   2   4   4   4   7   2   4   0   6  10   1   8 
  0   7   2   1  10   5   7   8   9  16   1   4   2  14   7   8 
  2   5  12   3  16   2  14   8   2   1   1   1   1   3   0   4 
 36   0   0   0   0   0   0   0   0   0   0   0   0   0   0   0 
  0   0   0   0   0   0   0   0   0   0   0   0   0   0   0   0 
  0   0   0   0   0   0   0   0   0   0   0   0   0   0   0   0 
  0   0   0   0   0   0   0   0   0   0   0   0   0   0   0   0 
  0   0   0   0   0   0   0   0   0   0   0   0   0   0   0   0 
  0   0   0   0   0   0   0   2   7   3   5   3   1   4  10   5 
 65  69  37  18  21  53   4  24   1  11  29  19   3  16   7   2 
  4   1  19   4   9   5  15  25  16  22  14  21  22  18  20  38 
  8   8  27  15   9   5   2  27  24  12   4   6  25  13  10   9 
  8  13  13   3   3   9   3  12   3   0   0   0   0   0   0   0 
  1   1   1   1   1   1   1   2   7   3   3   2   1   1   1   1 
  1   1   1   1   1   1   1   1   4   2   5  18  19   1   2   2 
 30  12   4   1   6  12   5  13   3   2   2   2   0   1   1   3 
 18   8  24   6  12   4  10  20   8   3   3   2   1   4   6  14 
 21  20  62   8  61  18  16  30  17   4  19   4  10   5   6   6 
  7   3   6   6   3   0   8   2   1   3   1   2   1   3   3   1 
  2  11   4   7   2   1   5  11  19  53  14  39   7   5   3   3 
  1   0   0   0   0   0   0   0   0   0   0   0   0   0   0   0 
  0   0   0   0   0   0   0   1   2   2   2   2   3   3   2   2 
  1   2   3   3   2   0   1   0   2   2   3   2   3   0   1   3 
  6   1  10   2  14  59  20  31   9   3   2   2   0   1   3   3 
 16   0   5   5   3   2   0   9   2   3   3   2   3  16   8   3 
  5   7   3   1   5   2   5   7   1  15   9  16   9   4  12  10 
  1   5   6   3   5   5   7  16   4   3   0   1   2   1   0   5 
 36   0   0   0   0   0   0   0   0   0   0   0   0   0   0   0 
  0   0   0   0   0   0   0   0   0   0   0   0   0   0   0   0 
  0   0   0   0   0   0   0   0   0   0   0   0   0   0   0   0 
  0   0   0   0   0   0   0   0   0   0   0   0   0   0   0   0 
  0   0   0   0   0   0   0   0   0   0   0   0   0   0   0   0 
  0   0   0   0   0   0   0   1   4   4   0  11  12   1  13  58 
 14  60   2   9  50  24  48  49   4   6  19  14   4  12  10   5 
  2  12  12  17  21  16  15   9   4  16  18  13   3  10   9   4 
 20   1  16  17  15  12   7   3   1  16  22  20  24  16  27  13 
 15  14  10   1   1   7   2  11   3   0   0   0   0   0   0   0 
  1   1   1   1   1   1   1   0   2   0   2   3   1   1   2   3 
  1   1   1   1   1   1   1   7  24  29   3  64  36   1  20  14 
 15  18  17  12   0   9  10   1   1   2   1   1   1   1   1   7 
 23  22  37  20   7  30  16  39   1  11   3   8  10  10   1   5 
  5  48  14  55  33  19  18  18  12   3  21   4  12   2   9   5 
  0   9   0   2  10   6   2   5   5   2   1   2   1   4   1   3 
  1  12   4   8   0   4   2  10  16  50   5  46   3   5   2   1 
  0   0   0   0   0   0   0   0   0   0   0   0   0   0   0   0 
  0   0   0   0   0   0   0   1   4   2   2   3   1   1   2   2 
  3   2   2   2   4   2   3   1   2   2   3   1   2   2   1   2 
 13   3   5  12  28  35  41   7  10   3   3   1   0   3   2   4 
  4   0   2   1   4   2   3   9   6   6   2   7   1  11   9  14 
  7   9   5   2   4   7   4  14  21   4   6   2   3   2  21  14 
 20  17  14   3   2   0   3   7   4   3   4   4   3   1   2   2 
 35   0   0   0   0   0   0   0   0   0   0   0   0   0   0   0 
  0   0   0   0   0   0   0   0   0   0   0   0   0   0   0   0 
  0   0   0   0   0   0   0   0   0   0   0   0   0   0   0   0 
  0   0   0   0   0   0   0   0   0   0   0   0   0   0   0   0 
  0   0   0   0   0   0   0   0   0   0   0   0   0   0   0   0 
  0   0   0   0   0   0   0   4  14   2   1   5   7  20  31  86 
 28  53  10  48  31  41  61  83  55  18  25  14   1   1   7  17 
 13  13   2  12  18  12  14   1   8  12  12  12  21   6   0   6 
 10  10   9   6   1   9  29  20   3  21  42  83  58  16  50  25 
 38  44  41  25  22  21   9  24   5   0   0   0   0   0   0   1 
  1   1   1   1   1   1   1   3   9   8   4   1   2   2   1   3 
  2   1   1   1   1   1   1   2   8  29  36  63  53  14   1  39 
 67  44  24  26  33  22   9   4   1   1   0   0   0   0   0   2 
 32  29  73  58  26  51  54  43  11  10   4   5   9   8   8  18 
 51  28  36  46   8   8  12  19  10   3  17   7  15   3   9   8 
  6   5   1   4   8   3   6   2   3   3   0   3   1   4   2   1 
  7   5   2   5   3   3   2   1  16  49  19  55   5  10   4   2 
  0   0   0   0   0   0   0   0   0   0   0   0   0   0   0   0 
  0   0   0   0   0   0   0   1   3   3   1   1   3   2   3   2 
  2   4   3   4   6   1   3   1   1   2   4   2   2   1   1   3 
  3  25   2  11  30   1  63  21   8   3   2   1   1   1   1   1 
  9   2   2  10  13   9   0   8   2   3   2   5   5   1   5  13 
  1  10   7   2   7  12  11  22  22   8  26  22   9   1  19  12 
 41  13  20   3   5   7   3  10   1   3   1   1   2   4   7  20 
 35   0   0   0   0   0   0   0   0   0   0   0   0   0   0   0 
  0   0   0   0   0   0   0   0   0   0   0   0   0   0   0   0 
  0   0   0   0   0   0   0   0   0   0   0   0   0   0   0   0 
  0   0   0   0   0   0   0   0   0   0   0   0   0   0   0   0 
  0   0   0   0   0   0   0   0   0   0   0   0   0   0   0   0 
  0   0   0   0   0   0   0   1   1   1   4   8   7   7  38  65 
 13  46  31   8  31   8  69  44  31   2  10   2  10  16  13  19 
 23   5   2  10  13   0  12   1   9  18  13   1   1   0   1   7 
  9  14  25  14   5   5   4  19  15  52  27  73 106 118  38  33 
 32  29  21  13   3  14  18  16   3   0   0   0   0   0   0   1 
  1   0   0   0   0   0   0   3   1   1   3   2   2   1   1   3 
  1   0   0   0   0   0   1   3  17  41  19  69  43  31  30  20 
 63  43  41  15  14  25  25  24   1   0   0   1   2   2   1   8 
 43 107 122  85  84  70  13  77  40  35  15   3   9   5  10  22 
 53  16  46   2  10  10  14   8  10   3  17   5  12   1   9  10 
 12   1   5   7   2   1   9   4   3   3   1   4   3   3   3   3 
  7   2   1   4   3   2   5   1  25  44  36  63   9   0   1   4 
  1   0   0   0   0   0   0   0   0   0   0   0   0   0   0   0 
  0   0   0   0   0   0   0   1   3   1   2   2   1   3   1   0 
  1   3   5   5   7   2   5   1   3   3   2   0   3   1   1   3 
  4   2  13  29  44   1  35  14   7   2   2   1   1   2   2   2 
  4   3   1   3   5   5   1   8   3   4   1   1   4   8   4   9 
 12   8   8   4   1   2   0   8   3   8  20  18   1  10  13  27 
 24   2   1   2   9   8   5   4   0   5   5   6   3   2   5  26 
 35   0   0   0   0   0   0   0   0   0   0   0   0   0   0   0 
  0   0   0   0   0   0   0   0   0   0   0   0   0   0   0   0 
  0   0   0   0   0   0   0   0   0   0   0   0   0   0   0   0 
  0   0   0   0   0   0   0   0   0   0   0   0   0   0   0   0 
  0   0   0   0   0   0   0   0   1   0   1   1   1   2   0   3 
  4   1   1   1   1   2   2   5  16   5  14   5  14  20  39  95 
 46  31  10  32  12 107  21  17  31   3   7   3  19  15  10  34 
 10   9   1  33  27   7   3   6  16  13  16   3  24  18  21  21 
  8  13  14  10  10  19  27  37  47  34  94 104  27  23  41  59 
 43  53  54  48  24   3   7  26   1   2   4   2   3   1   6   2 
  3   2   3   3   0   0   5   6  14  49   2   0   3   2   3   4 
  5   3   4   2   1   1   4  39  97  20  25 126  23  83  82  80 
 87  50  37  31  27  32  26   4  48   3   0   1   3   1   4   3 
104  49  49  13   1   3  71 122   1  42  82  49  18   3   2  45 
 23  68  39  33   8   4  31  14   2   4  26   7  10   7  13   8 
  7   7   1   3  13   7   6   0   3   3   3   9   7   2   2   1 
  4   5   3   3   2  14  14   1  27  46  41  59  16   1   2   2 
  1   0   0   0   0   0   0   0   0   0   0   0   0   0   0   0 
  0   0   0   0   0   0   0   1   3   1   2   1   1   3   3   1 
  5   7   4  14   4   1   5   1   3   3   2   3   8   4   3   2 
  3   1   2  37  27  19  21  12   8   3   2   6   7   0   1   7 
  8   7   3   6  11   6   3  10   5   1   4  15   4  14   9  10 
 25  11   3  28  10  10  18  12  19  36   5   2  33  29  30  68 
 10  13  10   6  11   5   5  24  16   3   4  14   1  12  21  41 
 34   0   0   0   0   0   0   0   0   0   0   0   0   0   0   0 
  0   0   0   0   0   0   0   0   0   0   0   0   0   0   0   0 
  0   0   0   0   0   0   0   0   0   0   0   0   0   0   0   0 
  0   0   0   0   0   0   0   0   0   0   0   0   0   0   0   0 
  0   0   0   0   0   0   0   1   7   1   1   1   1   9   1  11 
 18   8   3   3   2   8   7  21  25   7   2   8  12  14 100 116 
 87  96  49   7  29  44 115  16  39   3   3  16  17  21  34   5 
 27   9  19   2  36   2  28  10  37  30  15   2   7  32  21  11 
 27  14  36  18   8  13   7   9  12  77  41   1  13   6  16  67 
 41  13   3  30  31 106  46  21   8  15   8   2  12  10  22  14 
 13  10  14  16   3   9   2  58  16 168  55   6   3   3  12  13 
 24  21  19  14   5   6  73   3  59  48  19  38   5  33  56  77 
 18  11   6  45   4  15  22  34  52  49   3   2  13   9  18   6 
 37   8  34  29  16  14  29  21  50  94  64   9  54  91  87  54 
107   0   8   5   2   1   8   0   1   8  17  24  16  18  13   4 
  3   2   1   2   2   2   4   1   2   1   2   6   7   3   1   4 
  5   1   8   7   0   1   1  29  71  51  75  87   7   2   5   1 
  0   0   0   0   0   0   0   0   0   0   0   0   0   0   0   0 
  0   0   0   0   0   0   0   1   3   2   1   3   3   0   2   2 
  0   5   5  19  25  12   2   4  20  28   4  21  19  20  14   2 
  3  16  66  10  65  13  44  21  19  16   6  13  15   3   3   7 
 37   3  20  19   1  12   5  18  25   5   1   8   7   2   3  12 
 30  11   9  59  27   1   5  13  18  18  11  26  20  32  65  73 
  7   8  48  41  30  31  11   5  25  10  10  38  38  31  43  39 
 34   0   0   0   0   0   0   0   0   0   0   0   0   0   0   0 
  0   0   0   0   0   0   0   0   0   0   0   0   0   0   0   0 
  0   0   0   0   0   0   0   0   0   0   0   0   0   0   0   0 
  0   0   0   0   0   0   0   0   0   0   0   0   0   0   0   0 
  0   0   0   0   0   0   0   2  10   5   3   3   3   4   2   7 
 12   4   5   2   9  13   1  19  19   7   5  20  54  33   3   5 
115  24  54  38  41  67  31  22  12  12  31  18   3  10  13  16 
 12  21  13  32  29  14  79  15  46  20   3   1  12  19   7   1 
  3   0   1   5   8   8   8  11  38  38   9   2  14   2   5   1 
  7  12  13  33  36  33  42   3   3   2  25  10  27  44  20  20 
  8  17   2   7  10  30  15   8  82  66  83  24  10   2   9   8 
  4   5   7   3   4  26  33  40  83  39   5  19  12  13  24  48 
  7  20  27  20   8   4  14  30  32   8   3   7  37  33  42  33 
 98  33  75  27   9   5  14  21  20  22  30  37  57  26   5  22 
 17   0   1   1   1   1   2   2   2   9  11  10  19  16   4   2 
  5   3   4   4   1   2   4   7   1   1   1   2   1   1   1   2 
  6   1   2   1   2   4   1   5   5  14  92  87   3   9   2   5 
  2   0   0   0   0   0   0   0   0   0   0   0   0   0   0   0 
  0   0   0   0   0   0   0   1   3   2   2   2   2   1   3   2 
  3   6   4  12  21   8   3   1   1   9   0   7  10  13   2  19 
 10  58   7  54  20   1  14   3  14   5   1   2   4   4   1  13 
  8   3   7   8   2   3   4   3   6   3   6   0   2   1   2   4 
 38   5  16  18   9  22  18  14  28  22   7  24   2  32   3  15 
  5   5  22  27   4   7   2  17  20   8  32  10  16  37  48  73 
 33   0   0   0   0   0   0   0   0   0   0   0   0   0   0   0 
  0   0   0   0   0   0   0   0   0   0   0   0   0   0   0   0 
  0   0   0   0   0   0   0   0   0   0   0   0   0   0   0   0 
  0   0   0   0   0   0   0   0   0   0   0   0   0   0   0   0 
  0   0   0   0   0   0   0   1   3  12  13   0   4  15   7  13 
  8   9   0   2  11   7   5   2   9  21  30  35   7  64  63  75 
 56  76  45  36  92 102   1  63  42  29  52  38  24   1   3  44 
  5  25   4  23   9   4  13  11  21  28  22  15   3  11  11  10 
  5  18  19   1   5   8   9   4  35  15   2  10   5   1  19  12 
 30  12  11   4  32  19  29  20   2   4  14  47  20  22  16  25 
 60  36  22  42  49  80   2  26  61  87  19   8  17  19   1   5 
 17  22  10   3  19  69   9  78   4   4  13  14   7   9   7  19 
 13  35  44  13  15  15   2  44  16  32  38  38  27  17  10  11 
 96  43  10  23   7   1   8  13  27   4   5  14  50  40  13  31 
  4   1   1   1   4   3   3   1  11   2  11  15  12   9   7   2 
  4   2   1   1   3   3   0   3   3   1   4   5   4   3   1   0 
  4   2   2   0   4   4   1   2  21   7  95  83   3   9  10   1 
  2   1   1   1   1   1   1   1   0   0   0   0   0   0   0   0 
  0   0   0   0   0   0   0   1   3   2   2   2   2   1   3   2 
  3   7   4  13  21   9   3   4  19  15   1  19  12  13  20   6 
 53  24  44  59  13   7  20   1  11   5   5   1   1   1   3   5 
  9   3   3   5   7   3   2   5   2   7   7   4   0   0   1   9 
 20  29   9  31  64  10  14   2  41  29   9  14   9   2  24  56 
 30  48  48  39  29  14   1   9  19   5   7  36   5  23  13  69 
 33   0   0   0   0   0   0   0   0   0   0   0   0   0   0   0 
  0   0   0   0   0   0   0   0   0   0   0   0   0   0   0   0 
  0   0   0   0   0   0   0   0   0   0   0   0   0   0   0   0 
  0   0   0   0   0   0   0   0   0   0   0   0   0   0   0   0 
  0   0   0   0   0   0   0   0   1   3   7   9   9   5   1   1 
  7   6   5   8   8   1  12   3  21   7  19   3   5  18  98  88 
 51  16  23  39  38  22  36  22  88  16 150 156  32  28   0  22 
 30  32  29  27  30  19  52   5   7   5   4  19  12   5   9   5 
  4   4  19  26   8  14  10  13   1   7   3  26  33  10  18  14 
 10   7   0   9  44  82  13  33  11   5   9  22  89 116  84  37 
 70   4  32  48 100  84  80   4  19 110  27  33   2   3  12  18 
 11  16   8  11  40  33  22  43  41   2  18   7  10  19  12  15 
 30  13  11  52  40  12   2   1  26   1  43  63 111  95 112  37 
 10 101   5  34  18   1   7  35  27   6  20  24   2   2   5  12 
  4   1   1   1   0   1   2   5  16   5  11  16   9   7  10   4 
  2   1   1   3   5   5   2   1   6   2   4   3   3   1   0   1 
  1   1   1   1   1   1   3   1  16  32  43  68   5  13  14   5 
  1   1   1   1   1   1   1   1   1   0   0   0   0   0   0   0 
  0   0   0   0   0   0   0   1   3   2   2   2   2   1   3   2 
  2   4   3  11  22  10   1   3   9  11   4   2   9  14  12  42 
 81  67  50  32  12  22  20  17   7   1   6  16   8   7   3   8 
 14   4   2   2   4   5   0   1   3   3   4   2   2   1   1   8 
  8   2   1  45  25  12   7  14  19   0  32  24  24  20  12   5 
 57  25  10  16   2   4  18  13  10   7   4  14  19   4  10  24 
 33   0   0   0   0   0   0   0   0   0   0   0   0   0   0   0 
  0   0   0   0   0   0   0   0   0   0   0   0   0   0   0   0 
  0   0   0   0   0   0   0   0   0   0   0   0   0   0   0   0 
  0   0   0   0   0   0   0   0   0   0   0   0   0   0   0   0 
  0   0   0   0   0   0   0   1   1   8   5   8   7   7   3  27 
 19   9  10   3   7  13   1  31  12  58  24  43  45  22  30  68 
 26  12  84  63  64  49  26  21  44  20  44  44  50   7  24  12 
 11  31  12  33   5  12  34  12  21  43  35   2  21   0   0   5 
 11   5  13   4   6   8   4   5   1   1   9   9  18   1   2  12 
 25  11  12  40  24  28   8   9  21   1   9  34  51  58  20  27 
 21  14  75   5  41  24  17  46  24  19  42  44  36  13   8  33 
 19  12   3  28  11  70  55   6  12  10   9  12  12  15  10   1 
 12  16  15  51  39   7   7  22  37  42  78  49  84   9   2 100 
 80  53   8   3  15  22   7   5   3   6   1   1   4   0   5   2 
  1   1   1   1   1   2   3   7  10  13   0  10  12  10   3   1 
  8   4   3   3   1   2   3   8   1   0   1   1   2   1   2   0 
  1   1   1   0   1   2   2   2  34 109  31  47   5   9   8   7 
  1   1   1   1   1   1   1   0   1   0   0   0   0   0   0   0 
  0   0   0   0   0   0   0   1   3   2   2   2   2   1   3   2 
  4   7   5  12  21   8   3   3   8  11   3   7  14  10  24  62 
  7  74  27  50   9  20  24  28  24   4   9  24   9  18  16   4 
  8   2   1   1   1   3   2   6  12   1   1   1   2   1   2   3 
 19  21   5  54   0  14  13  27  17  29   7  20  25  43  24  12 
 36  35  32  43  63  38  16  54  10   3   4   5  38  21  39   8 
 32   0   0   0   0   0   0   0   0   0   0   0   0   0   0   0 
  0   0   0   0   0   0   0   0   0   0   0   0   0   0   0   0 
  0   0   0   0   0   0   0   0   0   0   0   0   0   0   0   0 
  0   0   0   0   0   0   0   0   0   0   0   0   0   0   0   0 
  0   0   0   0   0   0   0   3  13   3   7  16   7  12  12  16 
 25  12  19  32  27  13  15  29  13  57  20  60  41  17  10  55 
 15  13  27  10   4   2  38  39  25  25   8  26   1   9   3  25 
 10  22   0  16   8  10  28  14   2  39  26   6  16  10   3   5 
  3  10  26  32  11  14  14  11  13   4  12  13   7   9   6   7 
  2   0  12   4   9   0  36  33   0  22  26  59  26  45  18  53 
 13   0   6  44  42  34   4  33  21  33  32   9  29  12  13  32 
  4  10   1  25  10  88  61  19   3  12   6   4   8  22  22   3 
  9  30  42  19  50  18  12  16  27  41  78   8   1  61  25  54 
106   3   9   4   1  26   8  30  25   7   4   5   3   9   8   8 
  2   1   2   1   4   2   4   7   8  13   4  14   8  13   5   1 
  2   1   3   1   1   1   1   3   1   1   2   2   4   3   1   2 
  4   1   3   2   3   2   2   0   9 125  72  25   4   2   1   2 
  1   1   1   1   1   1   1   2   1   0   0   0   0   0   0   0 
  0   0   0   0   0   0   0   1   3   2   2   2   2   1   3   2 
  3   4   4  13  23  10   1   3   8   7   9   3   7  26  64  13 
 86   9   3  17   7  11   8   2   8   3  14  21  30  32   8  29 
 10   0   2   1   3   5   2   7  10   1   1   2   0   4   5   1 
  9  20  10   2  34   1   8  19  42  44  36  18  25  37   9  26 
 49  28   9  13  35  36   4  32  10  16   5  21   2  36  63  70 
 32   0   0   0   0   0   0   0   0   0   0   0   0   0   0   0 
  0   0   0   0   0   0   0   0   0   0   0   0   0   0   0   0 
  0   0   0   0   0   0   0   0   0   0   0   0   0   0   0   0 
  0   0   0   0   0   0   0   0   0   0   0   0   0   0   0   0 
  0   0   0   0   0   0   0   2  12   5   9  10  22  16  26  38 
  1  35  48  18  27  12  14  92  94  71  36  52  64  14  38  21 
 39  16  49  34  26  10   4  35  24   4  16   1  21  17   3  27 
 29  78   8  63  22   4  36   9  27   3  22   4   2  14  12  14 
 37   3  18   6  18  30  24  39  30  12   8  30   7  12  17  26 
  9  29   8  20  30   7  58  37  25  69  73  79   2  41  44   1 
 63  14   6  59  14  16  12   2  17   8  56  13  51  48  25   0 
  3  11   4   6  48   5  47  22   8   0  17  12  20  23  11  24 
 10   6  22   7  38  29  25  22  16  13  36   8  26  38  26  21 
 51  36  12   2   2   2   6  15  19   5   9   4   9   3   7  10 
  2   1   1   2   1   1   1   1  10   9   9  21   4  11   4   0 
  7   4   1   2   4   5   2   7   5   1   1   2   3   2   2   2 
  2   2   0   2   1   2   2   1  58  28  68   7   8   8   9   5 
  1   0   0   0   0   0   0   1   1   0   0   0   0   0   0   0 
  0   0   0   0   0   0   0   1   3   2   2   2   2   1   3   2 
  2   5   3  11  22  10   2   5   7   2   2   5  15  50   8  54 
 50  34   9  32   8  16  11   9  32   3  22  31  27  13   9  32 
  8   1   0   2   1   2   3   2   5   1   2   1   0   4   3   2 
 21  15  34   8  13  15  37  63  82  51  12  10  56   3  27   3 
 13   4   2  16  27   8  19   5  36  25  26   3   9  48  39  38 
 32   0   0   0   0   0   0   0   0   0   0   0   0   0   0   0 
  0   0   0   0   0   0   0   0   0   0   0   0   0   0   0   0 
  0   0   0   0   0   0   0   0   0   0   0   0   0   0   0   0 
  0   0   0   0   0   0   0   0   0   0   0   0   0   0   0   0 
  0   6   2   2   7   2   1   1   7  22  10  44  37   3  19  37 
 62  22  70 123  27  29  80  14  30 125  82  26  54  30  11   5 
  9  18   9  42  18  46  21  51  18  10   8   4   7  25  23  16 
 20  28   6   6   0  33   2  10   3   2  50   7  19  24  19  29 
 12  19  27   5  18  10  29   5   9   4  21  10  32  34  43  21 
  1   7  18  14  37  30  25  85  80  61  91  31  11   7  27  29 
 60  16  15  57  13  65   0   7  19  18  27  14   2   9  15  45 
 18   4  36   5  68 140  50  14   3  16   2  13   5  10  12   5 
  8  31  13   8   9  35  18  16  53  39  48  61  29  25  49   6 
 34  17   3   7   5  19   2   3   3  10   4   1   9   2   8  13 
  2   0   3   3   3   4   1  12   4  15  14  21  21  21   0  12 
  7   1   3   3   2   1   1   0   7   2   0   2   0   1   2   5 
  0   3   3   6   3   1   3  22 110 101  61   1   3  20  13   3 
  3   2   1   3   3   4   2   2   1   1   2   2   1   0   1   1 
  0   0   0   0   0   0   0   1   5   0   1   2   1   0   2   3 
  8   5   1  16  19   5   2   5  12   1  28  14  65  27  45  43 
 48  22   5  26   8   9  12  16   1   9   1  19  43  37   5  36 
 14   2   1   3   7   6   4   0   0   4   3   3   2   2   1   7 
  1  30   1   3  59  18   7  42  52   7  13  85   3  22  42   8 
 25   7   1  24  32  20  53  10  31  20  51  78  33  58  14  31 
 31   0   0   0   0   0   0   0   0   0   0   0   0   0   0   0 
  0   0   0   0   0   0   0   0   0   0   0   0   0   0   0   0 
  0   0   0   0   0   0   0   0   0   0   0   0   0   0   0   0 
  0   0   0   0   0   0   0   0   0   0   0   0   0   0   0   0 
  4  22  18   3  30  20  12   1  18  35  26  46  26  72  65  31 
 95  49  61   5  19  17  48  22   2  43  52  22  13  20   6  39 
  3  24  10  21   0  22  16  39  40  26  10  10  25  14  11  19 
 38  61  22  50  22  41   9  12   2   8  24  39  12   3  35  12 
 56  10   6   3  15  13   3   6   2  35  20  52  41  18  30   7 
 11  19  17   1  12  27  69 103  66  27  22  12   5  11  18  37 
 19  24  61  75  17  43  10   2   1   4  43  10  32   1  11  31 
 76  60  20  27  52   2  24  26  12   1  16   4   8   7  39  37 
 53  11  67  16  27   7  29  13   2   1   2   5   2   5   4   5 
  0  18  13  11   2   8   1   4   2   3   3   3   3   0   2   8 
 11   5   3   4   5  13  12  19   7   1  23   4  10  12  16  17 
  5   0   1   1   5   2   2   5   4   1   1   2   2   4   0   4 
 18  21   3   7   2  13  20   2  11  10  47  35  22  16  20  25 
 18  13   1  14  11  19   5   4   1   1   4   4   2   3   1   3 
  1   0   0   0   0   0   1   1   5   7   2   5   5   3   2   3 
 14   9  19   1  28  22   4   1  10  17   9  20  44  33  65  19 
 22   3   2   7   3   4   2   4   2  38   5   8  17   2   4   4 
  4   2   1   3   3   2   4  10  10   4   1   3   2   3   1  13 
  3  46  18  32  49  14  45   8  20   3  41  19   5  27  22  21 
 21  48   1  15  77   2  37  53  46  55  49  47  36   3  69  14 
 31   0   0   0   0   0   0   0   0   0   0   0   0   0   0   0 
  0   0   0   0   0   0   0   0   0   0   0   0   0   0   0   0 
  0   0   0   0   0   0   0   0   0   0   0   0   0   0   0   0 
  0   0   0   0   0   0   0   0   0   0   0   0   0   0   0   2 
 18  12   6   7  11  15  35  14  24  61  27  79  52  19   4  47 
 65  38  44   1  19  18   2  25  15  17   7  20  19  21  11  39 
 19  19  24   7   8  10   1  72  20  26   2  21  21   4  12   9 
 39  25  10  12  38  22   1   7   6  18  57  10   1  18  32  49 
 17  17  10   3   3  13  26  53  33  43   7   1  19   4   5   8 
  9   8  11  14   8  29  59  86  12  25   3  12   2   4   1  16 
 60  51   9  48   0  16   8   3   3  10   7  27  52  11   1   6 
 22  21  43  45  18  21  26   8  19  17   4   1   3  21  18  24 
 61  12  44   0   1   8   5  11   9   3   2   1   1   3   7  15 
 22   5   5   4   1   2   7   2   5   4   1   1   1   1   1   4 
 10  14  10  15  18   3   7   1   9  12  11   3  25  19  29   0 
  1   1   1   0   1   1   1   1   0   1   2   1   1   1   0   6 
 18   4  33  10   3  19  10  21  59   7  51   5  24  64  15  53 
 24  36  19   9   2   2   8   3   1   2   1   3   0   2   1   1 
  1   0   0   0   0   1   1   3  12   5   1   1   0   4   5   2 
 17   7   8  27  14  13   7   7  14  31  18  58  16  51  12   5 
  2   6   5   2   4   2   5  15  16  16   9   4   8   6   3   4 
  1   0   0   1   1   1   5  10  12   5   2   1   2   4   1   5 
 19  25   8  12  13  11  47  29  71  35   7  10  43  25  44  24 
  6  29   2   2  54  21  15  23  26  38   3  16   1   5  20  19 
 31   0   0   0   0   0   0   0   0   0   0   0   0   0   0   0 
  0   0   0   0   0   0   0   0   0   0   0   0   0   0   0   0 
  0   0   0   0   0   0   0   0   0   0   0   0   0   0   0   0 
  0   0   0   0   0   0   0   0   0   0   0   0   0   0   0   5 
 19  16   1   1  18  31  33  37  73  19  56  39   5   8  10  15 
  6   1  29  26   7  26   5  15  13   8   4   9  20  10  13   3 
 22   9   0   1   7  36  28  33  35   1   7   3   2  13   4  32 
 37  22   4  22   2  11  13  21   0  18  10   7   8  13   4  16 
  7   2   2  10  24  20  16  27  19  15  19   1  34  14  26   2 
  7   2   7  22  12  18  42 104  92  20  32  55  50  34  30  39 
 47   8  19  29   8  17   2  15   3   2  25   3   2  36  35  15 
 36  30  26  16  13  13   3  16   9   7  26  16  14   8  34  16 
 78  15  57   7   0   2   6   4   3   3   2   2   1   1   0   5 
 22   4   1   1   3   5  10   9   7   3   1   4   3   4   1  12 
 11   8  10   3   3   5  12   9  13   1  42   9  58   9  29  22 
  0   0   1   1   0   1   1   1   3   2   2   4   1   1   3   6 
 11  11   3   7   2   3  50  98  16   2  43   5  53  27  54  39 
 52  26  50  29  42   3   5  12   6   1   3   5   1   2   1   1 
  0   0   0   0   0   1   1   1   5   4   7   3   4   3   1   5 
  3   3   1   3  38  13   7   5   3  28  63   3  79  12  46  22 
  3   4   3   3   5  12  10   2   7  12  11   7   5   7   4   0 
  2   2   2   0   2   0   5   8   5   0   2   1   1   3   3   7 
 32   7  17  38   3  20   3   9   4  33  30  32  37   3  25  18 
 21  14   3  14  18   5   7   8   2  33  30  29  18  22  38  35 
 30   0   0   0   0   0   0   0   0   0   0   0   0   0   0   0 
  0   0   0   0   0   0   0   0   0   0   0   0   0   0   0   0 
  0   0   0   0   0   0   0   0   0   0   0   0   0   0   0   0 
  0   0   0   0   0   0   0   0   0   0   0   0   0   0   0   8 
 29  22   5  12  24  30  61  23   7  15  37  25  43   7   9   1 
 31  18  17  48  38  10   1   2  44  10  26  25  38   2   9  52 
  8  12   1  15   4  14   0  22  15  13  14  19  17   9  10  34 
  3  16  13   2  12  18  41   8   4  18  14   9   3   5   9  17 
  2   2   2   4   7  12  22   5  37   4  43  26  20  24  27   9 
 22   1   3  17   2   3  19  82  80  15  16  26  14   5   3   3 
 30  16  18  10  28  16   9   3  13   7  18   1   1  32  12   3 
 10  12  12  24   3   4   2   5   3   1   8   8   2  23  19  12 
 59  18  60   2  12   1  10   2   4   2   4   1   2   5   5  10 
  4   3   8   3  13   4   7  13   1   2   5   5   4   3   2  16 
 30  27  25  15  17  14   1   8   5  13   1   7  20  15  64   3 
  6   1   1   1   2   0   2   1   1   2   1   1   0   0   1  10 
 43  13   8   9  13  27  43  12  15  20  32  24  29  15  35  48 
 38  73 112   4  45   7   3  32   6   3   2   2   1   1   0   3 
  1   0   0   0   0   1   1   3  14   8   2   4   6   4   2  18 
 25   9   2   3  12   8   8   4   5  68   3  90  42  21   1  19 
 29  25  25  21  14  11  14  33  25  18  10   5   1   8  12  10 
  3   1   0   4   5   7   5   0  10   9   6   5  10   5   3   5 
  6   2  18  36  21  20  39  33   9  70  19   1  79   1  50  20 
  4   4   2  12  29   2   9   1  57  20  55  14  27  21  27  54 
 30   0   0   0   0   0   0   0   0   0   0   0   0   0   0   0 
  0   0   0   0   0   0   0   0   0   0   0   0   0   0   0   0 
  0   0   0   0   0   0   0   0   0   0   0   0   0   0   0   0 
  0   0   0   0   0   0   0   0   0   0   0   0   0   0   0   2 
 23  31   7  71  12  97  32  26  60   3  18  43  48  38  13  26 
  9  15  15  25  33  15  12  11  14  13  17  27   2  42   9   8 
  3   1   3   9   7  36  22  18   5   5   1  18   4  22  12  30 
  4  24  14   4  13  21  16  37   9   5   8  13  41  11  18  29 
  4   7   7   8   1  26  31  40  20  26  17  20   8  18  21  19 
 79  42  35  43  27  22  42  22  13  13  14  25  41  32  24  38 
 38  47  25   2   8   0  14  12   4   3   6  29  25   7   3   5 
 15   4   1   2  15  11   5   5   2   4   2  18   3  23   8   3 
 49  41  51   2  15   4   1   8   8   4   2   2   1   1   3  14 
 35   2  10   0  16   2   6   8   4   3   2   1   2   2   1   9 
  8  10   7  13   5   7  14  31   7   1  32   8  10  36  67  18 
 10   2   2   1   1   0   0   2   2   2   2   1   3   2   2   2 
  5   7   9  14   0  30  15 154  83  66  33  33  19   1   7   9 
 38  29  31  47   0  79  33   8  10   3   4   3   0   3   1   1 
  1   0   0   0   0   0   1   0   3   6   4   5   0   2   5   7 
 14  16   6  12   8   7  16   1  69  10  68  29  47   3  41  33 
 34  30  27  28  26  25  18  12  12  11   8   3   2   9  11   2 
  2   1   0   2   5   5   1   3   5   3   1   6   9   4   1   1 
 20   7  13  25  54  25   2  14  10  63  11  25 107  32  19   1 
 43  30  42  16  38   9  10  36   8   9  16   7  39  42   2  42 
 30   0   0   0   0   0   0   0   0   0   0   0   0   0   0   0 
  0   0   0   0   0   0   0   0   0   0   0   0   0   0   0   0 
  0   0   0   0   0   0   0   0   0   0   0   0   0   0   0   0 
  0   0   0   0   0   0   0   0   0   0   0   0   0   0   0   2 
 15   4  38  78  46  92  19  25  24  12  20   5  22  11  12  20 
 27  12  16  16  10  15   5   2   3   0   9  21  20  28   0  19 
 38   1   4  20   7   7   1  11  15  14  14  51  37  14  32  22 
 44   1   4  15  21   7   1  60  19  10   7   8  26   3  20  55 
 11   2   3   8  12   5  10   2  91  84  52  45  55  37  38  46 
 27  30  32  32  43  39  27  30  12   8   0  16  28   7   8  16 
 13   7  15  14   2   5   0   3   5  15  25  12   5  19   3  11 
 20   8   1   2   2   2   7  10   5  11  14   5  35   2  15   8 
 49  60  52  13   3  13   0   3   4   7   4   4   1   3   2  26 
 42   5  13   8  10   2   8   1   5   1   1   4   8   7   3   1 
  8   3  31  41   1  14   2   5  14  26  25  38   5  47  20  24 
  4   2   1   2   1   1   1   4   4   2   1   1   1   1   1   8 
 31   4   5  10   3  11  29   8  24  29  79  36  12  49  29  39 
 18  20  42  90  68  15  44  24  10   9   1   1   3   3   2   5 
  2   0   0   0   0   0   0   2   7   5   2   4   5   4  11   7 
 41  45  65  44  30  15  58  87  61  44  37  44  22   9  18  36 
 15   8   9   7   8  13  15  14  12   7   8  14   3  12   8  17 
  3   1   3   3   3   4   7   3  21   6   3   7   9  10  10  14 
 13   8   7  36  40  31  18   9  15  16  85  79  20  26  27  13 
 28  31   9  60  55  18  31  65  11  14  61  34  14  95  10   7 
 29   0   0   0   0   0   0   0   0   0   0   0   0   0   0   0 
  0   0   0   0   0   0   0   0   0   0   0   0   0   0   0   0 
  0   0   0   0   0   0   0   0   0   0   0   0   0   0   0   0 
  0   0   0   0   0   0   0   0   0   0   0   0   0   0   0   9 
 25  31  67  11  48  13  30   8   9   3  32  54 128  25  30  53 
  9  13   3  31   6   4  11   6   2   8   5  47  35   2  12  19 
  1  21   3  16   0   5  15  19  24   1  16  14  13  14   2  32 
 20   7   5  22  15  10   9  24  32  11   6  38  21  38  12  58 
  3   7   2  16  13  13  15  11  18  24  36  22  25  36  20  47 
  4  18  11  15  16   9   9   2   7   9   2   1   9   2  11   1 
  9   2   6  15  19   8   4   8  24   2  12  15   0  17  16  25 
 27   7   2   7   9   0  21  20  21   3   5   6  22  17   0   6 
 24  63  60  28   0   7   5   9   9   7   8   2   1   3   7  22 
 22   5   7   9   2   1   7   0   0   1   1   1   4   4   2   2 
  1  13  22  32  13  25   6  12   5   4  20   5   8   6  27  33 
  8   1   1   1   1   1   0   7   6   2   3   2   1   1   2   1 
  8  15   7   5  31   7  65  88  24  37  15  55  16   5  46  14 
 35  39  16   9   4  44   3 101  14   0   5   4   3   2   1   1 
  1   0   0   0   0   0   0   1   3   3   7   4   6  13  11   6 
 14   8   4  41  43  59   8  21  33  36   7   1  38   6  21  35 
  5  11   7   2   3   7   0   9  14  10   2  24   3  15  10  18 
  3   1   4   4   3   3   3   1  11   1   6   8   9  13   8  14 
 27  19   0  44  14  15   4  37  21  10   7   5   8  27   5   6 
 19  25  32  13  29  63  47  43  50   6   3   3   2  54   5  13 
 29   0   0   0   0   0   0   0   0   0   0   0   0   0   0   0 
  0   1   1   2   2   1   1   3   0   1   1   1   2   1   2   1 
  2   2   1   1   0   1   1   1   1   0   1   2   3   3   1   0 
  2   1   2   2   2   2   2   1   2  10   0   2   2   1   1  44 
 58  93  37  93  31  36  37   7   0  31  62  25  89  30  43   8 
 14   9  22  33   4   4  10   9  10   2  41  25  24  37  24  35 
  7   4  20   5  17  20  16  78  27   3   9  19   4  18  13   8 
 10  13  23   9   5   8  36   1  24  15  31  24  17  20  19  92 
  5  31   6  20   7   5   2   5  11  28  39   7   8  21  19  10 
 12  15   7   2   7  12   5   1  15  18   5  19  10   5   2   1 
  2   3   4   1  16  21   9   2  11  16   2  51  15  22   9  11 
 21  26   2  22  16   7  16  24   7  19  12  18  16  25  14  18 
 10  64  66  20  22  16  14  27  57  50  39  21   4   7  12   4 
 27   2   9   1  11   7   7  10   1   4   6   6   1   1   7  14 
  7  29   5  21  26  23  14  26  13   4   8  27  34  32  89  24 
 24   3   4   9   3   4   0   9   6   3   1   4   4   8   3   3 
  3  11   2  11   3  63  99  27  23  14   6   1  20  25  33  22 
  1  59  15  31   4  68  60   3   1  29   2   4   1   7   1   7 
  2   1   2   1   2   1   3   4   3   1   2   9   5  12  33  69 
 67 108 101 108  56  48  18  61  43  10  15  25  31   9  35   1 
 12   2   6   9   8   0   5  11  10   5   7  28  16  39  13   5 
 11   0   2   1   2   8  11  16  14  16   2   8   5   2   7  23 
  6   9   8  33  35  42  26  55  66  18  15   8  14  13   6  36 
 61  44   8  31  38  42   3  58   2  53  44  69  55  15   0  25 
 29   0   0   0   0   0   0   0   0   0   0   0   0   0   0   0 
  1   4   2   8   7   7   0   9   4   5   3   1  10   5   8   4 
 10   8   0   2   1   2   0   3   1   3   1   5   9   9   2   1 
  5   0   6   5   9   5   8   1  16  46   6  14  17   7  42  31 
 59  76  86   3   7   2  14   5  20  19   1  32   9  14  29   5 
 11   5   7   6  14   5  17   9   2   7  13   7   9  21  22   9 
 14   8   7   2   1  15  11   1  16  15  23  17  14  20  18  10 
 36  25  29   4   4   1  10   4  27  24   8  22  12  14  30   5 
 15   3   4   1   5   1  16  46  27   4   7   5   7   2   7   2 
  5   8   2   7   5   2   6   9   7   5   3   7   3   9   5   2 
  5   2   3   3   8   4   4   9  20   4   1  12  17   1  15  13 
 10  25  24  12  13   8   1   0  20   3   1  24  10   5  22   6 
 17  70  50  43  11  25  27   8   3  28  26   8   2  13  13   1 
 54   3  41  17  18  25  11  17   0   5   3   2   7   8   5   3 
  1   4  12   9  16  14   2   7  21   4  11  36   5  42  57  30 
 55  12  14  36  15  23   5   6   3   3   1   3   1   5   1  14 
 11  33  24   5  15  14  71  95  24  14  20   1  12  80  21  26 
 16   9  14  39  31  13  40  50  31  47   5  13   5   7   4   3 
  7   2   4   4   7   4  10  10  11   6   4  13   2   7  12  31 
 20  44  92  35  24  57  54   5  13   2   2   8   5   8   5   5 
 21  16  14   4  10  21  17  21  13  22  14   6  13  43   9   7 
 20   8  18   6   2   1   1  18  17   8   6   6  10  12   3  17 
  8   2  12   9  14   1  41  46  17   7  40   3  36  48  13   8 
 15  14   4  31  71   7  39  17 115  48  69   7  36  20  24  18 
 28   0   0   0   0   0   0   0   0   0   0   0   0   0   0   2 
 10   4   4   8  10   9   7   1   1   1   4   7   1   1   3   5 
  6   7   6   4   1   4   3   4  12   5   4   9  11  10   5   4 
  4   4   7   1   3   2   3   5   8  14  13  20  32   4  56   5 
 27  10  15  30   2  20  12  41  13  14   8  15   8   0  18  14 
 12   5   5   1   7  18  14  14   6   2   7   8   7   7   2   5 
 26   8   7  18  22  16  10  19  32  14  13  21  24  20  17  25 
  1  17  12   8   7   3   4   9  21  29  41  53  56  33  23  49 
 36   3   1  15  13   3   2  15   8   2   7   7   8   6   4   4 
  3   7   5   2   1   3   3   5   7   1   0   2   1   1   2  10 
 12   8   5   1   1   5   2   2  16  22  21  10   8  23  24  22 
 13   1   6   7   4   1   3   1   3   7   5   7   4  11  12  11 
  0  30  42   2   5  25  48  26  24  33  32  17   1   3   5  11 
 51  15   4  10   2  14  12   1   8   4   2   0   3   9  10  16 
  2   9  11  19   1   1  15  20   7   3  35  10  13  61  41  50 
102  22  27  27   1   9  18  16   2   5   3   2   2   5   4   2 
 20  10   2   3  14  42  32  89  14   9   8  30  63  42   9   3 
  2  25  56  48  11  50  61  15  42  31  25   9   9  13   5   9 
 16   5   5   1  12   2   9   2   1   9   3   2   3   5   1   0 
 25   8  10  16  59  49   2  36   2   1   2   2   6  12   8   7 
 22  16  12   5   3   4   1   0   1   8  13   7   5  14  12   5 
 14  12   0   3  10   4   4   2   7   4   1   2   2   7   3   3 
  2   9  22  46   8  41  16   3   5  35  18   8  14  49  20  26 
  5   2   2   7  11  21  20   3  29  49   2  59  14   3  24  14 
 27   0   0   0   0   0   0   0   0   0   0   0   0   0   0   4 
 17   3   5   7   8   8   8  15   4   3   2   4   5  10   8   1 
  3   0   2   3   5   1   0   4  12   4   4   7   6   7   8  17 
 12   4   2   0   0   2   1   9  18   3   9  16  18  18  56  41 
 73  28  25  15  24   8  12  17  34  19   9   4   9   2   5   4 
  5   8  10  13   5   1  14  61  27   9   2   1  11   7   3   0 
  7   3   0   3   4   7   4   3   4   4   3   1   1   2   3   4 
 12  11   2  10   3   2  10   3   6   8  25   9  18   2  14  33 
 20  21  19   1   5  30  22   9   5   4   5   9   7   7   5   6 
  2   2   5   0   1   2   3   4   3   1   2   0   2   4   5   4 
 15  14  16  17  11   6   7  17  14   4   2   6   5   9  13  16 
  7  10  19  22  13   1   4   4   1   2   1  10   3   9   7  27 
 38  22  30  11  65  21  30  18  20  21   2   2  27  16   9  15 
 22   9   1  14   6  20  13  20   7   1   1   1   1   2   1   4 
 13   8   2  18   0  15   5   8   2  14   8  12  25  41  38  78 
 14  54  33   1   1   5   7  12   7   1   1   2   1   1   0   3 
  5  35  18  18  22 119  50  45   6  18   1  68 120  37  55  22 
 17   2   3  69  76  15  21  31  22  12  31   8   1   7  16   0 
 10   3  14   9   7   3   5   5   3   3   4   3   6   2   3   8 
  1   1   9  16  31  60  33   3  10   1   5   2   7  14   8   6 
 11  10   8   2   2   1   3  10   2   3  13   7  13   8   9   2 
  5   9  10   2  14   5   5  10  10   3   1   5   3   1   3   2 
 12   3   7  25  31  82  31  22  20  30  25   1   3  49  18  19 
 24   6  16  15   4   4   1  27  23  42   4  38   3  21  22   1 
 27   0   0   0   0   0   0   0   0   0   0   0   0   0   0   1 
  2   4   7   2   7   9   7   9   3   2  10   7   1   2  10  13 
  1   4   3   2   1   2   2   3   1   3   3   2   2  10  14  18 
  5   3   2   3   5   3   2   5   1  10   4   4  13   4  10  37 
 73  68  16   7  24  14  42  48   6  19   1  15   3   4  13   7 
  2  14  13   5   3   1   5  19   3   8   8   3   7   1  12   1 
 21   8   5  10  16  16  11   1  13  15  11   0   4   2   7   5 
  6   2   8   5   8   3   1  24  33  28  15  42  32  29  38  14 
 24   2   7  19  11  10  11   5  15  13  15  19  21  22  19  16 
  5   5   3   2   4   0   3   9   7   1   1   2   4   4   0   2 
  0   3   5   2   2   4   5   5  13   7   9  16  14   5   2   2 
  1   2   8  13   9   0   7   7   8   6   9  13   2  10  11  17 
 16  33   1   2  53   4  34   3  12   4  22  19  27  20   4  39 
  5   5   5   7  12  25  12  15  11   3   0   2   5   9   9  18 
 14   8   1  16   1  27  18   8  15  15   5   7  28  52   9  46 
 95  51  66  18  10  12  10   7   6   4   2   2   0   1   5   4 
 53  17   7  68  12  72  35  26  12  20  31  30 122   3  61  14 
  4   2  75  15  38  30  27  20  31  13  12  25  10  17   4   0 
 13   4   6   9   7   5   3   1   4   0   7   2   4   2   8   9 
  7   9   5  18  36   2  10  66   7   1   3   1   1   1   2   5 
 22  11   4  11  13   9   1  12   4   4   7  18  14   6   5   7 
  4   4  15  25   1   8   4   5   8   1   2   9   7   0   1   5 
 14   4   6  26  21  65   8  91  27   1  12   3   8  39   7  15 
  9   5  22  29   1  11   4  52  49  25  44  23  29  24  35   3 
 27   0   0   0   0   0   0   0   0   0   0   0   0   0   0   1 
  7   4   5  14   6  12  31  43  42  37  25   9  14   1  15   4 
  9   6   7   7   3   2   3   8  14   1   7   7   5   5  12  13 
 10   7   5   4   1   3   2   4  12   6   6   3   1  36  37  74 
179  20   1  26  25  61  27 232   2   9   4   3  19   4  18   2 
  9   5   2   4   8   8   3  30  32   1   6   3   3   6   7   4 
  1   4   1  10  18  13   4   3  14   8  13  24  29  22  14  21 
 17   5   8   2   9   1   2  24   1   1   5   5   3   3  22  31 
  9  16  14  10  12  13  11  12   9   4   3   0   1   2   1   3 
  9   4   4   4   3   5   0   1   3   2   2   3   6   5   3   3 
 12  15  20   9   4   9   6   7  14  15  13   5   7  14  19  14 
  2   4   5   1   5   2   3   8   2   1   4   5   4  19  24  12 
 28  46  41  25   1  22   8   1  38  15  36  27  18   4  22  13 
 13  10   1  13   7  21   5   5   2   0   1   2   5   6   9  13 
  4   3   8  23   9  22  11  34   9  18   3   6  16  56   4  54 
 63  29   4  33  12   5  10   8   5   1   3   4   7   4   2  27 
 22 140 111  72  84 105  67  45  16  21  82  67  63  44  36  12 
 14  39  37  37   3  36   1  43  18   8  19  10  17  33   8   5 
 31  33  43   7  13   3   4  13   3   6   1   7   7   7   5   2 
  5  14   9  27  10  40  22 101  13   1   4   0   2   7   8   7 
 10   1   3   5  14  15  10   9   1   1   1  27  13   3   4   0 
  2   4  23  44   2  10   5   4   0   1   3   4   3   2   2   3 
  5   5   7  47   7  52   9  46  10   3  31  20  26  38   1  31 
 14   9   3  16   9  32  18  40  47  21  35  15   9   7  52  14 
 26   0   0   0   0   0   0   0   0   0   0   0   0   0   0   2 
  9   3   4   7  16  30  25  14  23  22  15   7  22  20   1   7 
  7   6   4   3   2   3   2   2   5   4   4   2  10   8   4   2 
 18  10   8   1   5   2   2   5  10   1   6   7   7  15  58  36 
 17  33  19  39   3  48  24  39  14   8   5   5  10   4   5  19 
  8   3  21  15  18   4  15  12  14   9  10   3   1   9  14   7 
  8  10  13   3   3   2   3   4  21  15  19  21  20  18  20  23 
 15   3   7   5   1   7   8   7   8  16   1   3   0   8  21   1 
 19   6  12  24  19   3  10   4   7   8  16  22  22  18  12   9 
  6   1   2   0   2   4   5  10  15   7   4   1   7   4   0   2 
  8   0   9   1   9  10   3   7  15   7   7  11  13   8  10  24 
 26   3   6   1   4   7   3   4  10   4   0   4   0  10  14   1 
  0  52  31   3  23   8  39  25   5  15   1  12  36  13  19   5 
  7   7   2  11   2  13  14   5   3   1   2   3   5   8   9  16 
  9   3   7  10   0  33  27   2  32  10  18  21  44  28   1  43 
 30  24  27  34  25  12   9   6   4   1   1   4   4   2   1  20 
  3  54   8 105  39  42  28  22   4  44  42  59  38   2  27   4 
 22  51   4  21  14   2  19  83   5   8   7  18  73   8  10  14 
 31  25  32  13  12   1   7   7   2   6   1   3   9   7   6  19 
  8   3  19  18  12  39  73  39   9   2   1   5   0   5   2   4 
 10  13  15   7   0   2   3   2   3   8   3  34  16   1   5  10 
  5  10  38  48   2  13   2  14   5   2   4   1   2   4   4   3 
  5  14   5  35   4  53  26   2  25   1  35  21  14  50   9  44 
 24  45  19  26  22  18  21  25  25  21  12   8   9  10  49  20 
 26   0   0   0   0   0   0   0   0   0   0   0   0   0   0   1 
  5   2   5   6  12   7  60 119 103  37  20  24  13  33  33  58 
  4  12  11   4   4   2   3   7   2   6   8   3  12  29  51  67 
  5  20  13   7   2   3   1   2   1   8   9  13   7  20   6 154 
 50   2   3  44  44  41  61  96  43  26   5   9   8   0   4  15 
 21  22   7  16  33   5  22  27   7  13   5   3   5   4  12  12 
  2   5  13  12  15  21  13   1   3  12   9   4   4   9   9   1 
  6   7   1   8   1   3   9   6   7   2  21  27  33  13  12  18 
  1   0   1   6   4   2   8  12  24  17  12   6   8  10  14  21 
 20   3   2   0   3   0   3   9   9   3   2   1   2   3   1   9 
  8   7  12  10  10  16  20  26  12  14  12  15  14  10  11  13 
 11   2   4   1   3   2   1   0   1   1   2   9   9   7   2  20 
  6  12   9   3  34  18  12  13   1  19  20   4  20  19  12  27 
  0   3   7   8   4  10  17   2   3   3   1   1   3   5   6  10 
  2   5   1   2   4  32  36  21  60  19   7   8  23  32  10   4 
 47  30  12   3  23   2  10  10   2   5   7   1   1   3   3   5 
  8  62  46  29  32  17  17  53   7  44  23  14  45  27  26  20 
 11  26   4  26   8  32  71   5  31  12  42  26  47   3   5  67 
  3   0   5  15   8   2   1   7   6   8   5  16   1   9   5  35 
 37  14  14   7  47  29  61  33  28   2   6   1   4   1   1   2 
  7   3   7   4   6   9   9  15  10  12   7  35  18   1   1  10 
  3  12  49  55   7  19   4  15   3   2   3   1   1   4   3   1 
 14   8   7  38   5  37   4  32  29  14  25   1   8  32  13  15 
 54  29  12  28  48   3  27  27  24  24  10  30  12  36  42  19 
 28   0   1   1   3   4   1   2   2   2   5   1   2   2   2   1 
 11   5  15   2  24  26   4  83   7  39  32  31  39  27  64  48 
 29  21  27  26  19   8   0   1   3   5   3  10  30  43  13  61 
 20  15  37  31  13  11  10   0   9  12   6   3   8   8  74  11 
 64  19  30  13 132  55 129 112  46  16   8   1   9   7   7  13 
 49   8   4   9   4  89  84  51  13   2   8   2  17  13   5  21 
 27   8  20  36  23   3   1  14  20  14  21   2   4  21  21   5 
 12  20   5  11   4  10   3  12   7   4  48  16   4   3  29   2 
  4   3   4  19  12  13  10  14  20  10   2   2   5   9  14  25 
  7   2   4   2   2   0   2   2   1   3   1   6   4   1   1   9 
 31  10   3   2   1   2   3   9  10   9   9   0   1   9  10   4 
  2   1   3   1   2   8   7   1  11   2   4   3   9  14   6  19 
  3  47  12  38  37  48  26  44  47   7  23   1  17  20  16  20 
  8   9   1  16   4  13   7  14   7   5   4   2   3   4  10  16 
 13  15   7   9  12   4  28  31   7  10  15  41  36  50   6  15 
 18  33   2  15   8   1   1   3  10   4   2   9  13   7   4   5 
 11  24  51  25  46  38  32  20   2   1  11  47  12  10  33   6 
  1  12   2   2  11  69  90  72  36  50  23  35  33  81   9  30 
 35  22  16  10  19   4  19   3   3  12   4  15   7  20   5  17 
 23  36   2   3  10   3  91  16  48   3   5   5   3   0   7  19 
  2   2   5  10   7   3   3   1  16   5  15  65  13   7   8   0 
 13  19  77  59  12  22  16   4   8   5   7   7   4   1   1  17 
 16  12   7  37  10  63  27   4   7  10  14  19  26   5  24  36 
 56  62  36  32  53   1  38  33  40  29   6   9  16  21  57  51 
 17   1   4   1  10  12   3   5   5  12  19   8   6  13   9   8 
 15  13   0   2   3  60  10  28  63  49  20  13  21  54  28  68 
 40  67  49  12  13  34  39  27  20  11   3  72  64  50 107  84 
  9  20   9  13  47  42  22  25   3  17   7   5  13   7  37  14 
107  18  10  32  47  55  97  26  40   1   1   1   7   9   3  21 
 82   9  30  22  10  31  27  26  14   2  24  33  10  24  19  14 
 21   3   3  14  14   5  14   2   7  10  11   4   7   3  10  15 
  7   1   4   3   3   3   1   4   7   2   3   5   1   7   2  10 
  8   4   5   1   9  19  21  16   5  14  20   9   2   5   9  12 
 18   2  13   3  12  14   4   3  11   0   0  11   6   6   4   0 
 41  12  12  29  28   9  10  32  18   9   6  10  12   4   4   4 
 24  10   4   2   5   3   2   4   9   7   6  13  13   5  10   3 
 33  12  19  60  24  46  15  22  18  10   4   1  33  19  25  41 
  3   1  19  10   1  25  19   6  10   8   5   2   3   2   6   9 
 26  32  41  10  19  24  55   5  19   4  15  11  28  32  24 118 
107  36  33   3   5  10   7  13   7   7   5   2   6   6   4   9 
 21  12   4  52  59   5  16   7  20   8  26  36  29  68   1  42 
 37  17   7  61  54  48 117  15  56   9   9  18  32  28   2  52 
 58  31  15  20   8  26  25   4   9  12   4  38  27   1  16  36 
  2   7   7  47   9  15 116   9  75  11  28   2  24  12   1   3 
  5   2   3   4   4   0   1  23  27  22  37  26   3   5   2   9 
 18  44  28  58  23  14   1   4  16  21  29  45   1   3   2  27 
 55  25  15  24   6  25  14   3  20   1  29  16   8  30   3   5 
 18  15  24  26  23  16   7  37  63  37  33  54  24  16  29  72 
 26   1   3   2   4   2   2   4  11   3   9   1   7   1   6  10 
  2   7  10   3   6  48  35  69  16  41  29  12  19  50  41  56 
 13   7  13  37  72  64  19  18  39  82 107   4  77  50   1  20 
 33  26  37  41  25   9   8  19  49  30  18  20   3  10  22  12 
 61  46  30  43  39  30  24  68  42  29  14   4   1  12  17  23 
 16  10   8  15   4  13  15  10   2   1   4   8   3  12   5  24 
 10   1   7   4   7  17  14   0   8   4   4   1   4   8   8  12 
  6   7   0   4   4   0   4   4   5   2   3   1   2   2   4  11 
 13  12  10   4   5  16  13  14  12   2   3   7  13  12  13  14 
 10   6   0   3   2  13   8   1   5   9   9   1   2   5   3   7 
 18   5   1   4   2  10  13   7   3   6   5   2   1   2   4   3 
  3   4   3   3   1   0   3   6   3   9   8   7   7   7   7   7 
 15  32  33  10  26  30  28  34   2  14   3  16  10  15   4   1 
  1  14  10   3   2  25  18   2   3   3   1   4   2   2   1   6 
  3   8  17  50  35   5  18   2   8  12  10   7  33  24   1  52 
 36  37  14  11   6   7   2   1   1   1   0   1   3   0   2   4 
 13  13  19  30  10  35  35   9  39  23  24  31  41  64  22   6 
 21  39   8  43  82  53  55  59  36   8   3  18  20  39   1  22 
 29  40  16   0  35   7   2   8   8   2   2  29  12   9  33  29 
 68  45  50  60  61  31  68  15  34  18  23   2  14   4   3   5 
  2   3   1   1   1   4   5   2  10  13  11   2   3   5   8   5 
  2   9  24  43   2  32   4  29   8   3  21  21  13   3   7  22 
 56   3   3  19  10  46   4  16   7   7  30   4  12   6   7   1 
 10  13   7   7  13   4   4   5   9  29  13   1   0  15  10  17 
 24   3   3   1   4   5   2   8   8   1  11   2   9   1  14   7 
  0   6   3   3   7  48  10  44  42  10  22  10  19   7  25   6 
 28  27  30  31  31  16  13  49  17   7  48  94  61   2  13   3 
  1   7   7  23  24  26  22  18   4   3  21  73  75  36  46  43 
120  13  63  22  31  10  24   9  23  11  10  14  13  13  12  18 
  3   2   0   2   9  12   6   8   3   5   3   9  10   6   5  14 
 11   6   0   4   4   5  13  26  12  12   5   2   2   3   5  14 
  1   2   2   3   4   1   5   4  12   5   2   1   1   3   3   5 
 24  11  10  18  18  14  13  20  13   8   7   9   7   4   7   8 
 13  10   3   2   8  13   9   5  18   7   8   8   4  18  20  13 
 20   7  10  13  11   8   5   3   1   5   4   2   2   0   1   4 
  8   1   4   2   3   5   1   7   2  14   5   4   5   5   6   5 
 16  25  13  29  35   5   7  14  30   4   2   2  34  46  11   7 
 18  36   1  14   3  26  15   1   1   1   0   1   2   1   3  10 
 15  42   8 104  28  20   8  14   2  11  31  13  10  55  50  89 
 29  35   3  15   5   4   7   3   1   3   5   5   2   1   2   2 
  3   2  13  47  41  15  42  26   2  29  39  39  43  54  29  53 
 12  10  18  66  68  59  39  32   1   8   5  39   3  43   9   7 
 26  33   4  30  21   1  16   3   8   5  19  20   1   3  18   1 
  5  29  44  37  72 126  88   9   1  16  15   3  10   1   5   5 
  4   4   2   2   4   3   4   2  13   1   3   3   3   2   3  21 
 11   4  18  13   4  10  14   4   1  13  20  11  18   7  11   9 
 24  15  17  31   6  54  23   4  44   7  23  12  27   3   1   7 
 15  13  14  18  12  18  18  22  21  15  20  19   7   4   8  24 
 70  43  38  36  31  25  20  10  27  12  31   9   7  20   3  15 
  0   2   9   3   5  19   7  30   2   0  31  48  21   5   2   9 
 16  12  20   7   1  10  12  44   9  35  53   4  35  12   9  59 
 27  41  35  22  13   8  27  35  13  26  56  31  15  37   1  54 
 80  54  19  27  21   8  15  37  18  10   1   5   2   1   4   7 
  3   3  13  27  20   2   3  12   2   1   2   4   5   1   3  19 
  4   2   8   3   8  18  20  18   6   8   2   4   5   8   5   1 
 10   6   4   1   1   3   6   6   3   4   5   8   3   2   2   1 
  4   1   4   0   5   4   2   6   1   3   3   0   4   9  10   2 
 20   1  16  14   1   9   5   3  12   1   2   8   4   8   8  13 
 33  10   9  13   9   4  12   7   2   3   2   5   4   2   4   1 
  9   4   1   1   5   3   3   3   7  15   1   9   9   4   5   1 
 38   5  43  14  58  14  16  23  23  27   6  39   7  25  20  47 
 25  55   9  20   3  27  11   3   7   3   2   0   1   1   1   2 
  8  37  11  95   9  16   2   8   2  10   3  26   2  71  74  76 
 55  26   3  13   7   1   6   9   3   1   4   4   1   5   1   4 
 12   4   6   9  25  37   3  69   5   2   2  29  81  70  11  47 
  3  15   5  54  12   4  14  41  15   1  12  36  16  20  11  41 
 16  46  15  13   6   9  33  14   5  17  14  11  29  50  52  26 
122  88 111 129  73  85  47  13  10   1   2   7   4   9   8   3 
  3   2   1   4   5   2   2  10   9   4   9   1   9   5   9  16 
  2   8  28  42   4  13  15  16   8  22  28  14   4   2   8  19 
 46  15   6  38  17  25   2  44  53  13  26   7  17  13   2   1 
  6   3   4   4   5  10  11  35  63  23  26  25  10   5   4   9 
 79  47  35  21   7   7  25  40  13   6  18  14  27  48  39  46 
 46  36  49  30  19  50   7  24  19  26 103   9  31  13  12  20 
  2   7  25  35  19  58  38  36  49  19  38  32  20   5   3  14 
 10   1  15  17   6   5  11   0  12   7  52  56  52  66  43  22 
 16  67  24  18  22   5   5   4  31  24  19   3   4   0  13  21 
 31  14  43  19  13  20   2   9   2   7   8   5   5   8   1  13 
 14   2   5   4   7   4  11  26  16  14  12   7   5   4   7   6 
  2   7   7   2   2   6   5   1  13   7   7   6  11  12   8  13 
 12  11  13   9   5   5   7   7  17   5   1   1   0   1   1  12 
 27   5   6   5   7  15   9   4  19   1   2   3   2  14  18   9 
  2   8   9   2   2   7   4   7   1   1   2   2   2   7   6   5 
  4   2   5   2   2   1   1   8   1   6   2  16  16   9   3   8 
 27  12  36  14   9  49   3  63   5  24  12  15   7  23   7  26 
 36  65  10  15   3  20   5   7   4   1   2   0   2   2   3   0 
  4   8  13  20   3   8  33  36   9  48  41   7  30  42  47  30 
 20  12   2   8   6   2   7  22   7   0   2   3   6   5   1   5 
  7  22   5  30  10  52  10  59  26  35   2  68  10  67  48  56 
 13  19  22  24   3  14  14   2  19  14  22  14   3  26   8 122 
 45  87   9  30   2  14  13  18  18   7   7  24  20  39  56 127 
120  56  10  95 116  50  77  50  36   9   6   4   5  11   5   9 
  3   1   2   3   3   0   2   9   9   5   3   5   9  13  21  10 
 37  41  31   7   5   1   6  28  15  15  50  24  13  11   1  31 
 38  22   6  38  18  25  27  15  21   9  38   9   2  16   1  14 
  2  10   9  12  15   1   7  32  38  43  33  28  15  21  11  13 
 10   1  10  29  54  70  74  80  40  47  69  45  43  61  45  63 
 22  37  22  38  44  41  25  63  56   4  81  21  27  22   4  13 
 14  32  28  16  63  72   5  77   4   0  17  26   8   3  26  47 
 21  19  27  24   2   3   2  10  26  13  12  22  23   9   4  36 
 52  14   5  16  39  43   8   4  14   4   2  10  15  12   8   4 
  9  22  41  25   3   1   8  10   3   1   2   3   2   4   5   9 
 10   2   1   8  10   4   5  14   5   5   2   5   3   2   0   5 
 15   1   7   5   7   7   1  11   2   4   8   5   3   6   4   2 
  8   6   4   5   8   8   7   5   8   1   7   4   1   2   3   3 
 10   3  13  12   5   1   1   2  10   7   8  10   4  17  14   7 
  3   8  10   3   2   5   3   5   3   2   1   2   2   1   1   5 
  8   1   2   1   6   8   2   7   6   2  10  22  18  18  12  17 
  2  18   6   8  13  45  12  36  66   9   2   5  19  27   8  33 
 27  60   3   5   2  12   3   5   7   4   7   4   2   1   0   2 
  5  16  30  34  14  23  12   7   3   1  24  48  13  50   7  37 
  7   7   5   7   2   4   9  18   3   1   2   3   6   5   1   7 
  3   8   6   3  14  13   3  14  19  26   2  50  35  11  22  47 
 32   7  16  54  32  76  69  65   7  20   4  14  12  31  15  70 
112  89  14  23   8  30  59  48   7  12  18   9  11  10  44  17 
 71  82  63  38   2  42  90  94  64   1   2   3   6   6   3  17 
  5   2   1   2   2   5   3   2   3   2   5   3   8   5  14   8 
 22  39  31   7   5   6   8   4   2  10  69  20  24  17   1  39 
 20  12  18  35  14  30  53  20  15   4  28   3   2  14   1   4 
 12   5   3   2   8   7  14  43  27  32  14   4   5  16   7   3 
  2  13  16  18  23  26  32  43   8  35  14  35  24  45   2  17 
 20   7  11  46  64  64  10  16   2  25  21  41  11   5  19  61 
 86  53  67  15  66  80  58  22   8  13   7   3   5  33  17  45 
 10   8   7   8  20  12   7   5   5   3  10   6  15  10  47  19 
  7  33   2  11  41  19   9   2  39  14   2   8   6   3   1   5 
  5   6  24  26  13   0   4  22   7   8  10   5   5   7   2   8 
  3   2   2   2   2   5  10  16   8  10  12  11   5   3   1   1 
 13   1   3   0   2   3   0  10  13   9   9   8   7   7   4   7 
  5   3   3   3   2   0   3  13   8   8   6   1   4   2   5  16 
 19   1  12   7   1   2   2  10  13   9   2   4   2   7   2  20 
  8   3   0   0   2   5   3   5   1   1   2   5   3   2   4  13 
  1   1   1   2   3   4   1   4   1   8  12  29  19  28  19   8 
  7   1   3   1  24  12  22   2   1  12  24  59  38   8  20  80 
 13  43  10   8   5   2  13  10   1   3   3   3   1   2   1   5 
 12   9  20  22  23  27  14  36   9  41  59  47  39  41   6  23 
  4  13   8   8   7  11  10   2   9   1   1   1   1   1   0   6 
 10  10   7   6  11  11  10  69  26  45  38   5  12  48  21  26 
 24  39  15  60  12  31  33  97   9  27   6  29  11  30  59  31 
 97  47  11   5  29  15  72  41  15   9  15  14  12   8  17  31 
 18   3  17  10   5   8  57  18  38   3   1   1   2   2   3   7 
  1   1   3   1   2   5   5   2  13   4   5   5   4   1   1  28 
  2  18   4  31   7  13   3  25  10  26  68  13  22  12   7  46 
 64  41   4  25  15   2  18  40  20  15   8   4   4  12   3  12 
  5   5   1   5  15   5   4  30  41  18  32  42   8   2   8   3 
  0   4   7   4   1   2   3   5  25  18  60  69  39  58  35  25 
  6  24   9 104  37  30  23  43  13   8   9   1  46  34  21  32 
  8  50   8  71  35  18   4   2   4  21   2  19  15  35  10  17 
 12  18   3  13   1   8  12  34  13   0   8   3  34  19  39   8 
  2  27   4  26  46   7  35  15   7   1   4   2   5   2  10  13 
 17   8   1   1   1   3   0   1   3  13   9   8   0  26  24   8 
 10   3   4   7   2   5   8   0  13   8   5   9   8   4   6  15 
 11  13  18  12   3   1   3   2   9   1   7  11   3   8   9   3 
  4   2   3   4   9   9   4   5   1   1   0   7   5   4   4   9 
 22   2  21  19   0  17   8  19  10  10  13   4  13  13   0  10 
  5   5   5   1   2   8   3   2   2   1   1   3   8  11  10   3 
 13   6   1   3   2   2   1   4  16  12  17  35  17  32  24  15 
 18   1  20  15   4  13  43  30  18  28   4   2   6  39  54  34 
 41  30  28  15  10   9  26  17  17   8   5   6   4   5   0   3 
 12  14   3  10  26  10  15  28   5  26   9   9  56  29   2   5 
 15  19  12  11  12  20  18  19  18   4   6   4   4   1   3   6 
 12  19   3   2   0   5   5  53  10  47  33  12   7  35  44  32 
 16  32   9  20  17  75   4  55   7  37   5  21  21  22  86  39 
 21  27  27   2  15  13  53  46   8   3   4  28  31   3   8  11 
  9   4  32  14   1  18   4  59  54   2  14  10   6  11   2  16 
 11   9   1   4   2   8   4   0   4  15   2  13   8   9   3  18 
 25   9  26   2  26  12  17  35  10  51  59   9  17  11  21  24 
 33  21  18  20  11  13  15  48  42  30   4   4   6   1  15   1 
  4   1  11  10   7  19  13  42  29  41   1  21  12  15   0   3 
 15  11  10   1   4  13   1  20  53  22  66  39  43  20   1   4 
 27  47   8   9  69  92  33  54  13  60  47  14   8  17   9   3 
 68   1  50   5   4   2  26   9  19   5   7  13   6   6   8   1 
  3  16  10  15  19   5  25  70  10   6   4   4  14  18  27  13 
 32  10   7   2  11   9  24  32  18  14   8   2   1   1   3  14 
 18   4   8  17   5  15   5   6   8  10  10   0   1   9  10   2 
  3   3   5   7   4   1   1   4  10   2   0   5   1   5   8   1 
  4   3  23  55  37  14  29  16  12  10  13   4   5   7  11   1 
  1   2   1   1   5   8   6   9   9   1   3   7   4   0   4   8 
  9  12  13   2   6   4   1   3  11   3  19  15   9  12   8  13 
  9   4   1   0   0   2   1   1  13   8   1   5   0   5   0   8 
  3  10   3   8  11   1   4   7   2   8  12  36  62  24  13  11 
 39  14   4  11   2   6   4  14  15  35  39  72   6  47   1   9 
 22  34   2   1   1  12  17  13  13   7   7   5   1   3   4  10 
 11   1   7  10  20  26  34  33  50  30   7  33   3  12  11   2 
 18  13   1   7   1   7   0   6   5   1   7   1   4   6   3   1 
  3  14   1   8   2   5  22   1  58  29  70  42   8  15  10   7 
 15  26  27  26   0  31 124  42  25   2  30  23   0  78   1  31 
 21  27  12   1  42  33 101  53  35  16  21  27  34  12   5   2 
  8  35  35  35   2  16  58  22  22   5  20   4   5  18   4  22 
  5   4  19  17  13  16   3  14   4   1  21  10   4   5  32   8 
  9  65  18  53  13  15   9   7   3  31  46   7  16   4  15  36 
 23  26  33  10  45   7  53  37   1  11  26  29  11   7   4  10 
  3   5   4  20  16  28  18  33  39  26  22  14  12  10   6   5 
 82  28  13  25  41  35  10  16  21   4   4  25  53   1  44  52 
  2  26  18  37  37  58  75  10  27   9   9  10  21  38  16  13 
 14   1  15  48   6   8   9  15   1   7   1   2  10  10   1  19 
 21  15   9   7   8  22  58  14  21   9   3  10  10   5   4   5 
  9   9  22  30  27  20  11   9   2   1   1   1   2   4  10  21 
  7   1  11   4   9   0   8  16   9   4   3   2   3   4   8  12 
  2   2   1   0   2   2   2   0   2   2   1   2   3   0   1  12 
 13   6   2  13  13   9   6  12   2   2   2  10  11   2   0  13 
  5   2   0   1   3   1   2   2   2   3   2   1   1   4   4   7 
 34   2  18  12   8  11   1  17  12   1  12   1   3   1  19   7 
 11   2   1   1   2   2   2   4  24   9   2   2   3   5   7   7 
 17   2   1   4   6   6   2  26  10   7   4  22  28  51   3   9 
 10   4   9   1   5   4   2   9   5  26  16  32   9  18  22  42 
 24  37   7  13   5  10  10   6   5   1   2   2   2   0   3   3 
  6   2   3   1   3   0   2   4  12  13  12  21  10  15   4   7 
  4  12   2   7   1   4   1  11   2   0   1   2   1   2   1   2 
  4   7   4   1   7   2  22   5   7  61  26   5  40  39  24  22 
 44  29  32  73  48 120   9  77   0   1  17  27  10  54  19  16 
  5  20  30  32  22  32  47  67 104  24   9  16  29  12   1  28 
 52  10  18  22  24  19  48   8  21  18   2   7   8  15   8   4 
  7   1   3   1  10   3   9   4  12   4   3  19   8  10   9   3 
 33  16   3  19   7   8   9  10  29  10  54   4  25  13   2  39 
 56  32  52  29  17  46  50  46   5   1  26   7  11   4   4   5 
 19   5   4  13   3   7  21   4  13  18  10  15  10   4   6   4 
 28  19  13   1   5   3   2   2  35  37  13  15  29  39   8  20 
  8  18   1   5  43  10  42  31  36   3   6   3   8  10   7  48 
 16  25  24  28   9  14   2  37  12   6   5  13   3   7  14  13 
  4  15   3  14  29   6  41  10  17   1   6   7  14   4  18  16 
  6   1   1   1   4   4   1   3  24  16  18  24  26  26  18   9 
 14   1  12   0   9  13  18  18  12   5   2   3   2   4   9  16 
  5   2   0   1   1   3   1   4   4   4   1   4   2   1   1   8 
  7   3   3  10   7   7   7   2   7   5   3  13  10   2   3   7 
  9   0   1   4   3   4   2   5   3   2   3   2   4   7   3   5 
 14   8   3   5  22  22  10   8   4  12   1   4   9   8  29   1 
  9   1   1   1   2   1   3   1  12   2  10   2   5   8   6   9 
  4   2   4   8   2   4   3   6   3   3   7   3   2  70  11   7 
  5   2   3   0   1   1   4  10  17  39  19   8  12   8  31  39 
 36  42  19  14   1  10   8   6   4   1   1   0   1   2   7  13 
  2   1   1   5  10   8   8   5  25  14   5  25  11  21   1   1 
  3   7   8  15   2   5   2  10   4   1   1   2   0   1   2   5 
  4  10   2   7  13   4  28   9   5  20  10  36   9  77  23  12 
 42  15  15  48  22  37   9  16  16   5   5   2   3  53  27  44 
 11  66  18   9   1   8  38  64  58  56  53  36   6  37   1   8 
 11  37  22  14  12  26  29 108  16  12   2   8  13  11   2   1 
  4   3   4   5   9   0   9   4   2   2   4  26   3  31   2   9 
 15   5  19  10   3   4   1  27  49  41  41   5   1   3   2  30 
 26  39  18   8  13  39  39  49  51  19  25   4   1  20   1  15 
 22  25  27  13  13  14  46  35   7   2   1  18  12   7   1  15 
 94  64  53  53  59  51  44  21  43  41  51  39   4  81  47  62 
 66  68  50  46  76  46   8   9   4  12   7  13  11   3  10  25 
 38  27  10  58  18  37  11  41  13   5   2   5   1   5  13  12 
 31   4  12  13  26  13   8  52   5  12  10   2  25   4  36  30 
  3  14  14  16  20  13   2  10   8   7   7   3   3   9  14  13 
 14   8   2   2   6  13  16   7   4   4   1   5   8   5   1   2 
  2   1   3   2   1   1   1   1   1   1   1   3   1   4   5   5 
  4   2   6  14  13   6   4  12   2   7   4   1   4   4   7   2 
  6   2   0   3   4   1   2   9   9   1   0   1   1   3   1   3 
 11   5  16   2  22  29   4  29   7  14   0   2   7   3  22   5 
  4   3   4   2   1   0   2   5  19  16  10   4  13  13   3   5 
  6   3   3   2   2   3   4   8   4   1   7   6   7  68   8   4 
 15   8   2   8   9  10   1   7  19  15  22   5   9  35   1  10 
 44  43  10   2  14   9   1   2   3   2   1   3   3   4   2   0 
  5   7   7   2   4   4   4   7   4   2   1  27   7  22   4  12 
 12   0  14  16   2  10   0   0   2   1   2   1   1   3   1   9 
  2  14   1  12  12   9  29   9  22   3  30  42  54  12   6  16 
  4   9   5   8   4  16  20  54   1  17   8  10  11  38  31  35 
  9  76  38  37  37  12  15  18 103  22  66  39  26  24  18  33 
 19  81  10  13  16  22  94  17   5   9   4  10  13   8   2   4 
  7   9   1   4   3   3   4  14   9   4   4  16   8  28   7  15 
 36   5  13   3  15  11   8   5  30   0  38  33  31  14  10  12 
 18  41  14   8  27  24  52   2  30   5  37  12   2   3  28  63 
 29  21  12  12  56  41  18  30  26   9   3  15   9   7   2  13 
 48  15  38  42  38  46  58  76  49  70  78  40  14   5  62  56 
 52  43  14   7  25  20  69  44  46  56  90  82  50  58  63  12 
 47  38  45  35   8   7   0  20   9  15  18  15  21  16  17  37 
  3   3  10  18  17   1  13   4   4   9   4   1  36  20  43  38 
  9  11   5  14  14  10   5   4  21  16  14  15  18  14   5  13 
  4  12  12   3   1   4   2   1   2   1   2   3   6   4   3   7 
  1   2   3   2   0   1   0   2   2   1   2   4   2   4   5   4 
  2   8   3   8   5   6   2   9  18   3   4   2   2   5   1   3 
  1   1   2   2   0   0   1   7   7   0   2   5   3   1   1   2 
  9   1   9   3  14  20  12   2   0   2  13   7   2  17   5   6 
  1   2   4   3   2   2   1   2   6   1   3   9   8   4  10   4 
 30   7  14  20  13   2   7  10   7   3   3  30  46  37   5   7 
  5   2   5   8   8   7   1   4   3   8   6  17  22  26  20  10 
 40  41   1   9  14  16   5   5  10   5   5   4   6   9  11  14 
  4  10   8   5   2   5   6   3   5   2   6  24  12  15   3   0 
 17   1   8   6  14  16   2   2   2   0   3   1   1   1   1   9 
  1  13   1   7  12   9  29  20  10  36  13  15  19  49  37  69 
 62   9   8  24  18   3   3  24  34   2  10  24  21  53  20  53 
 58  26  70  26   5  16  12  12  47 113  65   3  12   6  11  14 
 76  42  48  47  63  19  56  37   2  18   2   7   8  16   4   2 
  6   4   7  10   3   0   4   9   1  15   5   2  15  11  25  24 
 16  19   5  18  10   4   9  23  13  40  24  27  23  13  24  55 
 26   8  74  63  63   3  41   3   2   6  16   2   5   2  19  11 
 40  31  39   6  54  45  17  50  56  20   4  14   5   2   1   5 
174  76  75  72  72  66  55  52  48  22  27  29   6  13  55  33 
 69  84  82  92 144 111  61 146 121 113 105 105  89  45  27  85 
 13  24  39   7  12  47   8  27   2  12  10   3   9   2   8   7 
 15   7   9  20  22   8   4  19   8   7   5   9  32  26  54  42 
 24   2   4   3   4  13  19  44  25   5   8   4   3  10  12  33 
  7   8   9  10   3  11   5   3   7   1   5   3   2   5   4   1 
  2   1   1   1   3   2   2   2   2   1   1   4   4   2   1   8 
  4   4   1  18   9  10   7   2  23   5   4   6   0   3   3   2 
  1   1   1   2   2   1   1   1   2   3   1   3   3   1   3   4 
 10   2   3   2   8  13   4   9   1   8  15  15   8  12   7   8 
  8   1   1   1   2   2   3   2   9   7   7   3   5  12   8   7 
 14   3   1   2  12  16   6  12   0   4   5  34  54  29   3  21 
 21  13  11   0   8   8   1   1   1  22   5   4  42   7   8  39 
 30  36   1   1   1  22   2   4   5   2   4   5   5   2   2   5 
 10   2   3   5   3   2   1   4   7  15  15  21  19   8   1  13 
 20   2   4   3  13  12   3   8   3   1   1   0   1   1   1  10 
  0  13   1   3   8   5  24  16  29  25   6  20  14   3  29  19 
 23  41  47  48  13   9   7  46  54  10   4  14  15  53   9  22 
 88  26  60  12  35  27  40  15  12  38 106  16  62   2  25  22 
 65  10  74  74  46  22   6  57  31  14   4   4   7  15   1  14 
 14   3   9   4   9   1  12   7   4  24   7   6  20   8  21   5 
 21  13   8   8  12   4  22   2   1  24  78  58  56  70  64  31 
  5  42   4   0  41   8  27   1  43  20   2   6  26  13  19   9 
 19   6  14   9  19   9  40  59  48  17   1  19  12   3   2   4 
 39  12  12  14   3   1  19  30  58  27  55  42  19  38  58  70 
100  78  54  80  73  80  97  22  54  36   9  39  36  38  54  82 
 41  35  61  47  19  15   9  58  10   1  16  19   8  13  27  39 
  6  12  14   1   2  23   9   5   4   4   9  24  21  32  53  32 
 31   2   9  22  26  27  22  45  27   3   7   9   9  10  16  46 
  9   3   1   6   0   5   1   2   4   2   4   2   2   4   4   0 
  3   1   0   1   2   2   1   2   2   3   1   3   4   1   3   8 
  2   3   3   1   1   6   9  13   3   1   1   5   7   5   3   0 
  2   0   0   3   1   0   0   4   4   2   3   1   0   4   2   4 
 29   2  17   4  14  19   6  12   6   3   7  10   6   1  20   5 
 11   1   1   0   2   3   1   1   4   0   1   1   5   5   3  17 
 14   4   9  18  18  14   1  25   8   5   8  23  34  51   6  15 
  9   9  14   2  11  11   4   6  21   5   5  16  41  26   2  43 
 20  35   2   8   4  15   9   5   2   5   7   8   8   8   8   7 
 12   5   5   8   8   3   4  10   5  16  20  20  20   2   5   7 
 18   4   1   4   4   2   7   8   4   1   3   1   2   1   1   8 
  4   8   2   1   8   2  22  11  15  19   1  31  16  25  24  52 
 55  56  91  61   8   1   6  17   1  15   9  16  22  23  50  73 
 22  27  32  69  61  45  38  37  34  37  67   9  17  69  77   3 
 68 105  80  97 112  91  49  26  50   5   9   2   5  12   5  18 
 13   1   0   1   7   2  10   6   8   8   7   2  10  13   9  27 
 15   1   2   7  15   2  19  23  39  26  48  10  61  27  25  18 
  1  97  90  65  20  12  49  18  32  10  21   5  22   2  53  83 
 56  14  14  16  16  24   5   3   8  17  12  18  19   5   5  15 
107   1  11  12   1   9   6   9   5  28  25  17  55  26   1  24 
 29   9  30   4   2  41   2  24  21  40  37  59  99  64  41  81 
 57  39  42  14   8  12  56  31  12  16  41  34   9  28  10  13 
 31  16   7   1  11   2  11  10  11   0  18  35  30  49  39   9 
 20  24  13  10  26  30  21   5  24   3  12   4  11  22  25   1 
 32   2   2  10  17   6  14  13   5   2   3   3   8   3   5  13 
  5   2   4   4   0   2   1   4   2   2   1   1   1   4   2  13 
 15   2   4  19   7  19  20   5  23   1  14   7   7  14   4   9 
  1   2   1   1   1   1   1   9  12   1   7   3   1   1   4  18 
 14   4   9  19   9   7  13   4   7  13   3   5  16   1  24  28 
  3   8   5   3   1   2   2   4   3   5   1   5   4  12   7   0 
  0   3   3  19  23  13   1  13  20   3   1  16  24  66   9  21 
 31  11  12  17   1   8   7   1  21  74  43  30  16  69  12  12 
 18  37   7   2  14   5  24   6   4   3   1   1   5   5   1   9 
  5   1   1   4   1   8   4   9  13   5  20  17  14   6  19   5 
 11  15  12   0   3   7   8  11   4   2   7   5   3   7   3  10 
  3   4   5   1   6   5  14  30   1  48  24   6  13  17  15  23 
 83  26  61  19  49  12  20  60   6  43  55  70  59  15  76  83 
 76   8  23   2  66  35  42  26  72   7  78   4   2  69  12  17 
 72  15  35  31  19  44   5  11  38  21   1   7   9  24  18  21 
  5   6   4   2   2  17  19   4  11   2   8  25  16   3  18  10 
 14  12  10  13   7  17  22   9  59  82  63  31  48  49   8 104 
 26  24  18  21 111  23  24  35  37   0  13  57  16  17   4  15 
 14   3  18  35  31  25  25   0  21  53  46  12  27   4   5  13 
 94  25  18   2   5   3  10   4   4   8  19  19   2  32  10   4 
 15  10  19  11  18  28  15   9   7   9   2   5  22   3   4  32 
 15   2   4  17   1   4   3  26  12  24  20  12   3  13  11  21 
 21   1   3   9  11   3   4   1  22   9   1   2   8  39  33  11 
 15   4   4  20  23  26  14  15  24   5  16  28  15   2   8  20 
 23  31  20  14  14   7   3  12   1   0   1   2   2   3   1   1 
  9   2   1   2   1   3   1   1   1   1   1   1   0   2   4  11 
  5   2   1   3   3   7   3   4  12   1   4   1   7  10   5   1 
  5   1   0   0   1   0   1   1   6   2   7   1   6   9   5   3 
  7   2   7   7   5   2   6   5   5   3   7   5   4   5   2  18 
  3  12  16   7   4   4   2  13   2  14   1   9  16  25   9   2 
  8   0   3   1   1   5   5   6  36  17  11  46  17  72   1   3 
 26  22  34   4  22   2  10   9  13  13  36  21  29  53  32  84 
 13  32  13   3  26   8   1  12   8   5   1   2   1   1   2   7 
  1   7  16  18  10   2   1  11   3  15  11   6  15   3  11   3 
  3   3   2   8   3  16  11   5   4   2   8   7   4   0   1  10 
 18   6  14   9  19  10  52   4   8   0  18   1   3   6  22  30 
115  44  99  72  17  47  53  60  41  27  51  70  66  37  48  30 
 75  46  63  60  35  31   3   7   5  70  22  95  60  12  66  35 
  3   8   9   4   8  22  11  10   2  19   6  22   0  13   2   2 
 24   1   5   8   9   7  13  30   3   9   4   4   2   5  13   3 
 20  24  21   9   8   2   2   2  16  33  36   7  58   5   8  18 
 27 158  16  84   8  12  73  31  19  14  41  14  19  41   4  65 
 37  10   3  26  36  51  49  96  18  19  11   9  15   8  10   8 
 80   7   3   2  10  14  12  22  26   9  24   3   8  33  15   2 
  4   1   3   6   3   1   1   1   6   9   1   1   6   1   5  11 
  4  10   1   3  13   3  16   5   2   5   1   1   8   0   6   7 
  2   2   1   6   8   3   2   2   9   7   2   3   3  32  40   2 
 34  26  32   1   3  24  14  12   6   8  13  22  21  10   9  30 
 22   5   2  10   5   3   3   7   0   2   1   1   1   1   2   1 
  2   3   2   3   1   1   1   2   3   1   1   2   1   2   0   1 
  4   7   5   2   2   3   3  19   5   2   2   2   0   2   2   1 
  1   1   1   1   2   1   1   3   1   0   3   3   1   2   4  10 
  4   0   3   4   2   3   1   4   2   5   1   1   3   0   5  14 
  9   4   2   5   5   1   4   3   0   1   5   2   6   8  14   5 
  2   3   2   4   2   1   1   6  31   1  20  20  47  47  27  14 
  7   8   4   2  12  17   7  25   3  26   6   7  15  26  21  37 
 25  25   4  12   8   2   2   1  19  15  13   8   1   6   7  12 
  3   3   2   4   7  10   8   8   8  13   9   7  10   3   2   5 
  8   2   1   5   2   8   5   6   4   2   1   1   1   2   2   7 
  7   8   9   8  15   5  43   1  18  11   8   0   2   4  31  46 
 69   7   3  15  44  36  39  60  18  15  13   9   5   2   2   8 
 39  32  31  27  27  31  30  26  36   4  34  49  21   8   3  15 
  9   5   6  13  16  19  22  31   5  16  24  33  43  22   9  21 
  3   1   2   1   5   8   4   6   2   2   2   3   5   2   2   7 
  9   1  21  34   8  19  22  35   3  27  56  43   2  28   2  52 
 18  99  20  66  35  12  85  38   4  21  15   0  15   2  26  25 
 35  25  14  41  12  43   7 110  35  12  20  23  21   1  17  37 
 26  28  25   9   6   8  30  26  19   6  11   4  37   9   4  13 
  8   1   7  14  12   6   5  11   1   5   3   3   7   1   7   1 
 20   4   5   5  16   7  22   3  21   8   7   1   8   1   9   7 
  9   8   3  10  10   1   3  10   9   8  19  19  10  29  42  13 
 38  20  29   4   7  23   3  38   7   4  10   4  11   2   2  21 
 24   5   5   1   6   4   7   1   1   1   2   3   2   1   1   1 
  1   2   4   1   2   2   2   1   1   1   2   1   1   2   2   9 
  8   0   1   0   4   1   1   3   2   0   1   2   3   3   2   0 
  1   2   1   2   0   3   1   1   2   3   3   4   2   2   0   2 
 11   1   9   6   1   7   1   7   2   3   3   7   8   3   2  18 
 14   9   7   2   7   5   1   2   1   7   9   6   5  26  27  13 
  8   6   5   1   2   7   5  10  25  17   6   9  48  82   8  10 
  1   1  12  25  19   9  12  14  30   9   9   9  12   2  28  59 
 37  27  12  15   5   8   1   8  26  16  10   8   2   2   7   9 
 11   8   7   7   4   6   5   9  15   5   3   6   5   3   1   7 
  8   2   2   1   2   8   2   6   5   2   3   1   2   2   3   4 
  1  12   5   4  14   3  46  14  31  19   5   4   0   4  24  19 
 22  24  22  14  14   1  13   2  13  14  20  27  27  22  19  20 
 15   1   1   4  10  11  12  11  15  27  13  36  47  16  14  24 
 13  23  28  17   9   6   7   9  17  17  18   2   6  20  32  19 
  7   2   6  10   6   1   4   2   4   3   2   0   2   1   1   1 
 13   4  24  28   3  18  12  39   2  39   1   7   8  15  19  35 
 28  69  43  26  39   7  43  13  12  37  20  20  31   2  36  41 
 13  26  41  14  12  27  25  18  26  12  10   3   8   1   5   2 
 78   5   3  16  28   6  10  18  36   2   9  25  24   2   1  22 
  3   2   2   8   8   2   1   8   8   1   9   8   5   5   2   2 
 28   1   2   7  17  10  23   9  14   3   6   1   9   0   9   1 
  4   9   9   0   2  12   6  13   6   9   1   5   3  12  58  10 
  3   1   4   2  12   8  21  18   0  15  26  11   4  18  17   1 
  3  12  12  12  13   1  13   7   3   2   3   3   4   1   1   2 
 10   3   2   1   1   1   0   6   6   3   1   1   1   1   2   5 
 10   2   1   0   1   3   4   7   1   1   4   4   2   3   1   7 
  1   1   1   1   3   1   1   1   5   0   2   4   3   2   4  10 
  3   3   7   4   5   8   4   3   6   3   1   3   1   5   6   5 
 12  10  13   4   3   6   3   2   3   1   3   7   7  15  18  14 
  5   2   1   1   1   3   2   2   2  11   9  15  31  53  42  26 
 33   8  18   3   6   9   3  21  14   3  11   3  26  16  72  63 
 14  56  46  13  12   5  10  13  14  13  11   7   4   1   1   0 
  9  11  12  11   5   5   4  12   7   5  14   5   3   2   3   3 
  2   2   2   1   1   4   2   3   2   1   1   1   0   1   1   8 
  2  14   4   1  16   7  49  31  16   7   8   8   0   4   4   7 
  4  25  42  28  20  26  11  23  14  18  20  23  25  29  31  32 
 26  16   8  14  20  22  18  12  27  23   9  36  32  11   2  23 
 10   4  10   8   3   7  14  24   4   5  18  19  11  15   4  32 
  3   3   9  13   9   4   1   6   4   3   3   1   2   1   2   1 
 13   5  12   2  38  52  20   1  10  16  15  25   3  13   7  16 
 35  69  29   8  41   9  14  59   4  12  13   7  12  26   6  67 
 36  13   6  43   2   8  15  62  27  11   2  20  14   5   3   3 
 95   7  10  18  13  13   2  50   1   5  35   2   6  32   6  24 
  4   6   3   1   1   4   5   1   1   6   4   5   9  10   2   8 
  9   4   1   8  17  11  20  17  11  10   4   1  10   4   4  10 
 12   4   7   2   1  12   8   6   5  13   9   5   8  30  38   3 
 20   7   1   4  12   2   7   9   8   8  11   3   3  12  13   4 
  3   1   9   5  12   9   2   3   2   1   2   2   2   2   1   1 
  7   3   1   0   1   1   2   6   9   1   0   3   0   0   2   6 
  8   4   2   2   4   5   4   4   3   4   6   4   1   2   1  10 
  3   1   1   1   1   1   5   2  15   7   3   3   5   7   2   2 
  8   2   3   5   3   1   1   2   6   5   9   8   6   3   2   8 
 22   9   1   2   1   3   2   2   7   9   4   1   8   5   1   5 
  8   9   9   7   7   8   5   5  13   3  26  13  39  75   8  26 
 26  12  15  18  20   8  33  52  17  10   1   7  15   8  56  50 
 49  32  24   2   2   8   6   7   2   1   3   5   7   7  10  12 
  3   6   4   4   1   0   5  13   5   8  17   4   5   0   3   7 
  8   2   1   2   1   3   2   5   4   2   0   1   0   1   1   9 
  3  13   4   3  19  10  52  36   6  17   0   2   3  10   7  26 
 75  41   2  18  21   3   6  16  14   7   5   5   6  10  10  12 
  1  11  16  13   4   5  12  15  16  13  25   5  18  34   6   2 
 10   5   7  12  11   7   7   3  15  29  21   3   3   7   3   6 
  4   1   7   9   7   3   2   3   0   2   2   3   3   0   0   5 
 20  10  13  22   5  24  20  32  10   6  12   9  19   7  21   6 
 19  77  13   7  56  31  52  21  15   4  26  10  22  22  18  56 
 49   7  17  22   8  44  16  44   1   8   9   9   8   4  11  38 
 73   4   2  12  13  15  14   9  15   2  35  13  25  17   2   7 
  6   1   1   1   1   3   2   3   1   9   2   8   5   5   3   2 
  8  10   1   8  15  13  19  26  12  12   0   4   4   2   7   4 
  2   1   3   8   8   1   5   4  22   6   5  13  19  48  30   3 
 12  21  15  12   4  19  11  13   7   4   3   8   4   2   3   5 
  4   1  17  18   4  14   5   7   2   1   1   1   1   1   3   3 
  5   3   5   4   1   2   1   2   7   1   4   3   2   2   4   7 
  5   4   7   3   2   3   3   1   1   1   2   0   2   3   1   3 
  2   1   2   1   0   2   3   5   3   2   1   0   5   4   4   4 
  4   3   9   9   3   3   6   4   6   4   1   3   2   1   4   9 
  6   8   1   5   4   2   2   7  12   9   3   9   5  14   5   2 
  6   6   3   1   3   6   4   3  10   7  29   5   4  98  16   5 
 27  16  14   5  19  31  29  16  18  22  32  13  26  51  31  53 
 71   1  13  26   7  16  13   6  33  25  19   9   3   7  10   8 
 19  15  18  18  16  12  10   6  13   2   8   1   2   2   5   1 
  7   3   1   3   1   1   1  13  13   0   1   0   2   1   1   5 
  5  13   5   3  18   7  53  27  20  13   4   5   9   9   2  21 
  7   6  32   8  12   9  13   0   8   5   1   4   3   1   1   5 
  1   3   6   2   3   3   2   1   3   4   2   8   5   9  20   2 
  9   7   2   1   2   6   4   1   4  23  14  15  13   5  10  23 
 14   1   3   1   1   3   2   2   3   4   1   3   4   1   2   4 
  1   3   9  21  16  16  20   2  26   1   4   3   5  11  19  13 
 27  80   1  31  56  21  44  36  41  28  21  24   2   6   4  53 
 61  38  59  66  43  39  19  43   6  13  11  15  14   1   6  13 
 87  39  46  37  39  32  14   7  15  22  14  26  20   8  16  44 
 20   1   1   4   3   2   1   3   7   7   2  10   1   2   9  11 
  3   6   5   6  15  16  21  29   7   2   8   8   2   4  13   5 
  4   3   3   1   7  10   2  12   1   3   7   8   2  31  55  39 
 22   9   8  17   9   9   3  19  13   7   5   5   2   2   1   1 
  7  10   5  18   0  13   5   4   2   1   1   1   1   1   2   3 
  3   2   5   3   2   3   0   7   4   1   4   2   1   2   1   2 
  0   9  11   5   3   4   5  12   4   1   2   2   3   1   2   2 
  1   1   1   1   1   0   1   2   9   7   5   3   3   1   1   1 
  1   2   2   3   1   2   3   8   3   2   8   8   7   3   2  18 
 25   7   4   7   4   3   6   4   4   3   4   2   8   2   7   9 
  6   3   9  13   5   3   0   4  25   6   7   4  11  44  54  10 
  3   8   0   3  18  50  55  33  62  75  57  36  21  30  38   2 
 13  31   5   4  21  13  12  17  27  27  23  19  18  13   7   2 
  3   2   1   3   5   7   7  10   3   4   0   1   1   2   3   2 
  3   2   2   0   1   1   1  15  14   1   0   1   0   2   1   3 
  5  10   6   4  13   3  47  21  39   9  13   3  14   5  10   9 
 14  30  19   4  10  16  10  12   3   3   2   5   1   1   6  10 
  2   1   0   5   3   1   2   6  10   7   1  18   2   9  19  13 
  1   4   4   8   1   2   2   4  10  13   6  18   8   1   3  13 
  5   2   1   4   3   2   2   2   1   4   1   2   5   0   1   1 
 29   4   1   5  18  18  14  32  10   8   2   2   3   2  20  16 
 43  70   9  41  30   2   4   0  41  43  19  35  14   7  10  22 
 45  59  32  50  45  79  25  54   8  22  17  26  22   7  20  40 
 53  18  13   4  28  48  31   7  15   1  20   3  33   8   7  13 
  0   5   6   9  12   3   2   5  11  12   7   7   4   4   6  10 
 12  15  19   1   6  27  32  22  16   0   1   3  15   5   8   3 
  3   6   4  18   8  14  12  19   8   3   9  11  21  60  33  29 
  6   1  11   5   7   5   5  33  17   7   2  12   1  22  22   0 
 14   6   4  22   5   9   6  10   4   0   3   2   2   4   1   4 
 10   4   2   2   3   2   5  12  14  13   9   2   5   0   3  11 
  5   3   1   1   7   7   2   5   5   1   2   0   3   1   5   8 
  2   4   5   1   1   3   6   9   1   1   2   1   2   6   8   6 
  3  10  13   9   1   6   2  14  10   4   2   6   9   8   1   6 
 30   1  12  12  10   8   2  10   6   8  14   7  16  14  19  32 
 10   5  14  18   4  11   5  14  21  24  21   5  65  44  60  31 
 17  15  36   1  16  19  36  26  35  53  88  35  49  75  27 100 
 16  70   8   4  30   6   3   9  18  10   9   7   4   6  13  26 
  2   2   2   1   5   7   1   7   0   9   5   7   9   1   4   1 
  2   5   3   1   3   1   0  13  20   5   7   3   2   0   1   9 
  3   8   8  12   8   1  51  30  19  29  15   3   4  16  15   4 
 22  39  20   1  18  10  24   9   2   1   3  12   9   4  14  18 
  7   1   0   5  12  17   5  10   6  15  22  13   5  12  22  24 
 15  10   7   2   0   3  10  33   2   4  22   7  10   8  20   1 
  7   6   6   3   2   6   7   1   4   9   6  20   3   9   2  21 
 30  15  13  26  12   7   4  16  13   1   3   1  12   3  17  52 
 22  74  12  62   7  11  20  54   8  17  30  14  36  15  41  11 
 11  22  15  24  43   2  22  40  12  44  50   1  20   7   3   8 
 91  59  62  87  91  94  64   5   8  14   1   5  24  13  11   5 
 10  12   8  26  22  15   3   9  15   2   6   2   0   4   8   7 
 13  11   7   6  25   6  24  24  25   1  16   9   2   8   7   1 
 18  11   2  15   8   5   1   9  21   8   3   5   9  29  26  39 
 26  18   5  26  16   9  15   7  15   5   7   5  12   9  22   5 
  2   9   5   1  33  32   3  11  11   2   6   3   4   5   1   5 
  3   1   1   2   1   1   4   0   4  17  11  14   9  10   1  25 
 78   8  17  11   1   6   3  13   1   5   2   7   9   3   7  10 
  1   9   8   1   8   1   2   7   4   4   3   4   3   4   6   3 
  2   7   5   4   3   3   5  19  14   5   2   2   5   5   1   7 
 12   2   3   2  17   8   8   4   6   7  12   9   3   1   4  31 
 26   2   7   5   1   2   1   4  19  10  10   1  30 102  41  29 
  9  14  61  30  30  48  59  32  40  32  16  19  13   8   6  19 
 18  14   8  14  13   8   5  10   1   4   2   0   2   1   2   3 
  4   0   4   4   2   1   2   7   2   4   1  14   7  12  10  10 
  2   4   5   5   2   0   1   3  11  15  14   2   1   1   2  19 
  4  16  12   0  18   5  22  22   9   2   3   3   0   5   7  25 
  9  29   8  10   8  15  12   3   8   9   5  13  11   9  10   7 
  1   2   1   6   7   3   4   7   0   1   7   4   3  14   8  31 
 13   3   6   2   7   6   6  18  12   4   4   3   2   2   3  14 
 10   2   5   2   2   6   5   7   5  23  19  40  16  29  11   5 
  1   7  12   1  12   4   4   5  37   5  18   7  12  30  67  53 
 59   6  27  78  73   6  44  31  59  12  19   6  39   0  63   4 
 25  38   1  19  25  24  16  27   1   8   5  12  10  10   8   9 
 83  21   4  24  30  28  18  13  24   6   5   4   2   2   9  15 
  1   4  18   1   2  18   2   7   8   0   1   2   2   1   1   1 
  3  19   2   4  21  11  10  28  36   4  11  10   3   1   5   2 
 44   7  18  18   4   6   6   3  16   9  21   8  19  54  42  42 
  2   1   4   3   3   4   5   1   4   1   3   3   2   0   2   9 
  4   0  10  11  17  39   3   7   0   4   6   3   1   4   1   3 
  2   2   2   1   1   3   3   4   4   7   4   5   0  12   9   5 
 27  17  12   7   2   5   6   1   1   2   4   1   4   0   1   0 
  1   3   4   2   0   0   3   3   5   0   0   3   2   2   2   2 
  4   1   3   0   0   2   1   7   3   1   1   1   2   0   2   5 
  1   5   2   1   8   1   6   7   3   4   5   4   1   4   9  27 
 16   2   4   5   2   3   1   1   2   9  14  13  14  79  62  65 
 25   2   4  11  24  11   2  25   4   4   5   8   5   2   3   9 
  7   6   0   8   2   1   5  12  13   5   3   2   2   1   1   2 
  1   1   2   1   1   2   0  10   7   5   4   7   7   1   7   2 
  3   3   1   1   1   2   0   3   4  10   8   2   2   1   6   2 
  8   1   1  14   3   9  25  31   2   2   1   1   3   6   7   3 
  5  30   6   3   9   3   5   5   8   4   4   5   4   8   8   1 
  0   2   1   5   5   1   2   5  12   2   4   3   4  15  11   0 
  3   1   1   2   7   5   1   1   3   1   2   1   0   0   0   5 
  4   1   0   1   2   1   1   2   4  16   8  21  10  14  10   1 
  4   3   1   8   5   2   5   4  29   3  24  18   5   7  67 141 
 53  16  28  29   8  33  31   6  36  11   7   5   9   7  18   6 
 10  12  11  20   1   1   5  28  18  42  61   9  18   3   3   7 
156  59  76  87  76  63  41   5   2   0   2   1   2   5   5   4 
  5   7  16   3   5  19   3   2   1   0   1   1   3   2   1   1 
  8  16   2  16  12  18   2   1  31   2  11   1   7   1   5   4 
 18   4  17   9   4   5   3  11  12   1   3  12  16  40  45  19 
  4   9   7  11   5  11  12   9   2  16   8   2  15   5   8   5 
  2   4   5   7  20  36   1   3   3   3   5   4   1   2   1   3 
  4   3   2   1   2   1   2   0   2   2   0   3   0   8  10  10 
  7  13   2   6   8   7   5   1   3   3   3   1   1   2   2   1 
  1   3   2   1   1   4   3   1   6   0   1   2   1   3   5   3 
  3   1   0   1   1   1   1   4   2   1   1   1   1   2   0   2 
  2   5   0   2   5   2   9   9   9   2   8   4   2   7   1  13 
  3   2   1   4   4   4   2   2  10   9   8   3   7  73  48  71 
  3  24  20  18  11   9   1   4  16   5   5   8   8   4   3   6 
  6   5   1   9   2   2   5   8  11   5   3   3   1   2   3   6 
  5   0   1   1   2   0   2  10   7   8  12   3  17  12   1   7 
  3   3   2   1   1   2   1   5   9   5   6   2   2   5  11   6 
  7  10  12  13  11  13  23  30   7   2   0   1   2   2   1   2 
 21  21   0   5   7   5   3   1   9   3   4   5   5   6   9   2 
  2   2   2   6   8   4   2   3  10   5   1   4   1   8   8   3 
  5   2   6   5   4   1   3   2   4   1   0   1   0   1   2   2 
  2   1   0   2   1   1   0   1   7  15   2  15   4   2  12   0 
  5   3   5   8   5   2   2  15   9   2  19   2  32  15  17   7 
  2  50  69 116  62  81  53   4  26   3  32  14   4   8   2   7 
 11   1   6  10   9   5   3  30   4  41  46  17  35   8   4   8 
 72  30  25  24  39  20   0  24   8   6   2   1   3   1   3  11 
  0   9   9   0   1  11  10   5   5   1   2   1   1   3   2   2 
  7   5   8  16   2   8   8  18  15   4   1   5   1   1   4  19 
 23   2  11  13   3  13  11   1   4   1   9  11   4  26  41   5 
  8   0   0   8  10   1   1  13   1  23   1  12  19  12  13  10 
  9  10  14   1  31  18   5  20  20   6   3   0   1   2   1   2 
  2   2   1   1   2   1   4   9   6   2   4   0   3   6   3   2 
 12   3   8   3   6   3   1   2   1   0   3   1   1   2   3   2 
  7   1   3   3   0   4   1   9   2   1   1   1   0   4   2   2 
  3   1   2   2   0   1   2   2   5   3   4   1   0   2   4   9 
  9   3   4   4   2   5  10   9   6   2   2   1   4  12  10  11 
  6   2   4   5   3   1   1   2   5   0  17  17   1  59  13  15 
 16  37  16   1   5  14   9  16   7   5   5   3   4   1   3   4 
  5   9   4   5   3   1   3   7   1   3   2   3   1   1   1   3 
  2   0   1   1   2   1   1   7   5   7  16   4  15  20   4   4 
  3   2   1   1   1   1   3   8   7   1   2   3   1   2   9   2 
  0   5  17   5   6  18  31  21   6   4   4   2   7   7   3   4 
 22  18   3  10   3   8   3   4   7   5   7   2   4   1   2   1 
  2   3   5   1   7   6   1   7  15  10  10   2   1   0   2   6 
  2   4   8   6   2   5   5   0   5   1   1   1   2   1   1   5 
  4   0   0   3   1   2   2   0   6  12   5   8   2   3  10   5 
  3   1   3   4   4   1   2  16  30  10   5   7  14  16   3  76 
140  46  61  64  80   9  63  26  32  20  32  24   0   7   5  13 
  1   7   4  13   4   0   5  18  11   3   7  21  13   9   3   9 
 75  14   6  11  36  18  14   2   3   4   8   3   3   8   3  11 
 29   3  13   1   1   3  16   2  10   2   3   2   1   2   2   9 
 12   1   7   1   5   3   7   4  15   3   1  18  14   8  20  14 
 11  17  22   6  16  27   6  27  13  13  20   9  12  45  45  37 
  3   8   1  10   2  12  10   5   7  12  19  32   7   6  16   1 
  3   9   3   7  33  20   4  17  18   5   1   1   0   2   2   1 
  3   0   2   2   1   1   3  10   5   5   2   2   0  10   8   1 
  6   7   5   4   3   4   2   3   1   3   2   3   5   2   1   4 
  6   1   3   2   1   3   1  11   3   3   4   1   1   2   2   1 
  1   0   1   1   1   1   1   1   1   3   4   4   1   2   1   5 
  7   3   4   5   3   2   6  12   1   1   1   4   5   1   6   9 
  5   3   5   4   1   3   2   1   1   8  12   5   5  43   3  12 
 11  20   5   3   9   4   9  10   3   5   6   2   2   2   2   2 
  3  10   5   2   3   2   2   4   5   5   3   3   1   1   2   2 
  1   1   2   3   2   2   1   0  16   6  20  12   4  12   4   4 
  8   2   3   1   2   1   1  13   5   3   2   5   3   2   5   8 
  8   9  10  20  20  20  42  21  10   5   6   3   1   0   2   1 
  7  30   3   5   4   6   3   1   7   3   6   1   7   2   1   2 
  5   3   9   3   2   1   1  14  28  15  15   9   2   2   3   8 
  7   5   7   0   5   8   4   2   3   0   1   3   1   1   1   4 
  5   3   2   2   3   1   1   2   7   8   8   1   2   3   1   9 
  2   2   4   2   2   6   0   1   6  13   2   2  18  27  44   3 
 84  97  93  99  54  77   2  66  37  55   2  25   1   4   5   4 
  8   5  10  11   2   0   5   3  12   3  13  18  24  15   3   5 
 42   4  24  32  12   4   2  15   5   3   7   2   2   3   2   4 
  9  11   4   3   3   7   9  15  12   2   1   4   2   3   2   8 
 16   2   1  10   3   7   1  18   4   4   1   9   2   4  13  59 
 11   4   2   0   0   3   1  12  10   8  11  12  17  50  37  31 
  5   5   7  22  11  12   8  19   3   5  19  29   3   5   7   1 
  4   3  19  23  24  39   3   8   4   2   2   3   0   0   1   2 
  4   2   2   1   3   1   2   1   0   1   1   5   5   0   0   7 
  2   8   5  10   5   5   1   0   3   2   2   6   5   1   3   1 
  2   1   3   1   1   5   2   3   4   2   3   2   2   0   1   3 
  1   1   1   0   1   0   1   3   6   2   0   2   1   2   2   9 
  5   5   4   1   8   2   3  14   2   6  10   1   9   5   1   1 
  3   3   4   1   3   5   2   1   9  14   8  19  11  36   2  64 
  6   8   9  10   4   7  11  16   1   1   1   2   5   3   4   8 
 10   7   2   5   2   1   4   5   3   2   2   0   1   2   1   1 
  2   1   1   1   2   1   1   4  14   1  14  15   7   1   2   7 
  1   2   1   2   2   4   2  13  20   8   1   5   2   3   8  14 
 18   9   1  10  18  14  38   5  37   8   6   2   3   0   7   1 
  4  31   4   7   4   5   2   1  13   1   5   2   5   4   3   7 
  3   3   9   4   1   1   2   4   1   2   0   1   4   5   5   6 
  8   4   0   5   7   5   2   4   3   1   3   2   1   3   1   1 
  2   1   1   2   2   2   2   0   3   0   7   7   1   4   2   8 
  3   1   7   7   2   8   1  11   9   3   3   2  15   7  18   3 
107  69  63  85   0  49  19  18   5  40   7  19   6   1   3   9 
  3   3   2   2   2   4   2  13  31  37  55   4  14   4   2  20 
 75   8   7  22  15   5   4  25   9   2   2   1   2   0   5   2 
 21  26   7   3   3   7   6  19   7   1   1   0   3   2   0   7 
  4   5   2   1   5   2   5   2   2   2   5  13   7  14  28  13 
 33  20  14   4  14  12   0   8   4  19  26   3   1  47  20   9 
  4   1   9   8   3   4   1  14   3   5   1   4   2  10   7   4 
  3   1  12  14  21  37   2   9  10   4   2   2   1   1   1   1 
  2   3   3   1   1   2   3   1   1   2   3   1   2   5   5   4 
  2   7   8  10   9   4   9   4   3   2   1   3   2   2   2   5 
  1   3   4   1   1   2   3   0   0   3   1   2   4   2   2   2 
  3   1   2   4   1   2   1   1   4   2   1   1   1   1   3   7 
  8   4   5   4  11   4   3   5   3  10   9   0   3   2   2   1 
  7   2   1   2   1   3   1   1  10   7   1  16   4  37  12  84 
 11  19   8  19   9   1  16   1   3   3   0   4   2   3   7   5 
 11   6   1   6   2   2   5   5   6   2   3   2   1   0   1   2 
  1   1   1   1   0   1   0   1   3   4   3   4   6   6   4   3 
  2   1   1   0   3   3   3  16  25   7   2   5   5   0   6  12 
  8   3   3   5  13   4  28  22  43   8   8   7   4   3   2  12 
 12  22   1   8   3   8   1   2  11   1   4   2   4   4   2  10 
  1   1   4   0   1   3   0   1  16  12   8   4   4   5   4   1 
  1   1   6   5   3   0   2   1   5   2   4   4   1   2   2   2 
  1   1   0   2   2   0   1   1   0   4   3   8   2   2   5   0 
  2   1   2   4   1   7   1  10   0   9  10   3  20  18   5   1 
 58  60   9  69  39  35  59  64   7  14  10  13   5   1   4   3 
  4  10   4  14   5   1   8  20  20  36  38  24  43  14   2   9 
 67  20   3  14  26  14  23  16  12   9   3   4   8   2   1  14 
 21  17   4   3  11   9  20   5   3   0   1   4   1   0   5  29 
 20   3  10   5  15  14  20  21   8  10   1  14  25  43  16 145 
 55  15   5  11  10  17  12   7  30  15  13  46   9  58  12  13 
 14   8   5  12  11   5   9   1   4   5  10  14   0   8  14   3 
 25  19  25   9  24  24  16  12   3   1   1   4   4   2   0   3 
  6   4   0   2   1   1   2   3   5   8   2  13  10   3   0  11 
  5  16   1   2  22   1  21   7   1   5   4   2   1   8   1  15 
  4   4   5   1   3   2   5   2   2   6   1   8   9   2   3   1 
  6   0   5   2   1   4   5   5   2   2   4   5   1   6  10   5 
  7   2  13   7  14   7  13  13   9   2   1  10   4  12   4  12 
 19  12   5   1   2   1   1  10  12   5  24   2   2  40  19  46 
  2  22  13   2   4   1  13  19  15   0   5  10  11   5   8  13 
  1  10   1   8   4   3   3   3   2   1   1   0   1   3   2   3 
  3   2   3   4   3   4   1   2   3  11  14   3   9   6   2   2 
  1   1   2   2   2   1   0  21  32  17   5   2   8   0   8  13 
 10   7  14  15   8  14  34  50  22  29  12   1  12  30  25  27 
 15  16   7   9   9   2   1   1   5   2  15   4  12   9   4   3 
  3   3   4   9  10   0   2  10   1   1   1   7  10   1   5  15 
  3   4   8   8   3   9   2   8   8   1   5   3   1   2   1   3 
  5   2   2   1   1   3   1   5   2  14   3   8   4   2   4   6 
  2   6   5   3   4   3   3  13   7   3   8   6   1  20  15  15 
  3  46  20  35  57  70  59  53  47  13  42  46  35  44  29  34 
 12  42  15   7  30   9   8  37  33   3   4   1   6   5   5  12 
 73  17   1  13   0  14  24   8   9   6   2   8   5   5   7  15 
  3  24  21  34   3  11   8   2  12   8  13   4   7   1   4   2 
 21   4   4  10   9   2   4   1   3  15   8   7  16  17  12 147 
 14  15   3  21  21  22   4  30  13  10  53  42  37  95  15  16 
  9   2   7   2  20   6  10   2  18   8   9   2   5   0   1   9 
 19   8  14  12  25   4  38  12   2   1   1   1   1   1   0   1 
  6   2   1   3   2   2   2   2   2   5   1   8   4   6   1  24 
  8   9   8   2   1   4   4   9   5   7   6   5   5   7   5   5 
  2   3   1   4   1  10   9   4  13   7   2   2   6   3   3   9 
 12   2   1   6   9   4   3   8   2   3   2   7   3   5  12  17 
  8   4   7   4   7   3   3   6   3   0   1   4   2   8   5   5 
  3   3   2   2   1   3   2  10  30   7  21   4   1   2  67 112 
  0  39   2  19   3   9   7  16  18  13   2   5   7  19  30   7 
 11   3  12  13   2   6   1   3   1   2   5   3   2   2   2   2 
  0   1   0   0   1   2   4   5   3   0  10  18   7  17  16   3 
  4   3   5   0   2   2   3   2   6  25  25   1  16  15  10  10 
  6   2   3   9  14  20  14  54  21  66   7  17  22  69  20  39 
 25  29  16   2   1  12   4  24  12  11   8   3  25   1  19  17 
  7   3   1   2  10   1   7  11   2   1   2   9  18  12  27  22 
 27   9   4   2   0   4   1  16   8   7   5   4   3   4   4   3 
  4   1   1   3   2   2   1   4   7   3   7   4   2   2   3   1 
  1   5   1   2   7   4   4   1   2   9  10   1  17  26   9   5 
  1   7  14   4  26  53  70  49  26  19  36  54  44  17   3  12 
 10  11  23   4  21  67  36  48  19  29  10  23  21   8  36  31 
 91   5   9   3   9   7   5   9   9   3   1   4   4   2   2   7 
 11  33   1  14   2   4   2  11   2   8  20  21   1  15   4  26 
 19   4   2   1   1   4   3   3  11   1  10   2   6  23  16 118 
 48  25  25  10  10   9  30  12  19   0  26  20  14  76  36  15 
 19   1   7   1   5   2   1   1   1   3   1   4   3   5   5   1 
 17  16  13  12  15  20  27  31   5   1   1   1   0   2   0   3 
  2   1   1   2   1   3   4   2   4   3   2   8  10   5   4  14 
  1   3   8   8   7   3   0   4   0   2   1   1   3   9   6  12 
  4   1   1   2   0   3   1   5   2   1   1   1   1   1   1   1 
  3   2   2   3   1   2   1   9   6   2   0   6   6   1   1   4 
  9   1   4   9  12   8   0   2   4   4   1   2   1   1   2   1 
 13  10   4   2   1   4  10   4   8  12   6  17  14   5  64  63 
 55  23   3  11  14   9  11   2   1   8   5   8   8   0  14   8 
  5   3   2   3   2   0   1   3   2   0   2   1   1   3   0   2 
  1   0   1   2   2   0   0   0   1   3   1   5   4   4   7   7 
  1   3   5   1   1   2   2   2   1   8   9   5   6   9   4   6 
 16  12  15  15   3  11   4  27  16  22   3   9  32   3  20  47 
 38  13  10   5  12   9   4   2   4   8   1   2  13   2  16   1 
  1   8   2   0   6   2   9   1   1   3   9  13   3   9   5   3 
  8   1   1   0   1   3   1   4   2   4   2   3   2   4   3   1 
  7   0   0   2   1   3   1   2   1   1   3   2   1   2   1   4 
  3   1   2   1   1   1   1   8  28   7  15  14  10  32  10  14 
 21   9  24  39   8  38   2   2  13  16  14   5  10  12  27  47 
 53  66  59  77  77  59  61  22  66  48  46  11   9  25  63  53 
 74   4   3   2  19  16   2  13   6   4   3   1   1   1   1   3 
  9  27   1  10   3   1   7   4   4  19  22   9   7   7   0   2 
 16   4  16  13   5   8   8   8   9  22  13  13  16  16  14  92 
 98  31  19   7   2   7   0  17   8  16  22  16  19  83  46  38 
 23   5   4   7   7   0  10   3   7  10  10   9   7  12  11  15 
  9   9   5   3  28   4  20   1   3   1   0   1   1   2   1   0 
  8   5   4   2   3   2   2   1  14  12   5   2  12  21  11   6 
  5   2   1   4   6   8   1   7   0   4   5   4   4   7   6  34 
  9   1   3   2   2   1   1   9   1   3   1   2   1   1   1   1 
  0   1   3   3   4   5   1  12   7   2   2   4  10   7   4   2 
  7   4   1   3   4   2   1   8   3   3   3   5   3   5   6  10 
  9   0   4   5   6   4   5  19   7   2   3   6   3  14  60  76 
 55  27   5  10  12   4   3   1   5   6   4   5  12   6   2   9 
  4   4  10   9   2   3   2   4   3   1   1   1   3   1   1   1 
  3   1   1   1   1   1   1   1   2   3   4   1   9  11   1  14 
  2   3   2   1   4   1   2   4   8   5  13   7   5  10   6   3 
 10   5   8   9   1   9   3  29  18  19   4   2  28  10   9  33 
  6  20  17   8  18   0   2   4  11   7   1   8   1   1   9   1 
  2   9   4   4   3   1   8   3   4   6   6  20  13   4   3  15 
  2   1   0   1   1   3   2   0   5   2   2   3   0   4   2   2 
 11   2   3   1   1   1   2   5   7   2   1   2   2   0   2   7 
  4   1   2   1   2   1   2   3   8   8  13   2   4   1   1   0 
  9   2  27  14  34  14  66  39   6   1   0  12   9   6   3  17 
  0   9  56  82  49  24   0   4  18   2  11   6  30  46  69  55 
 74  10   2   5   4   6   1   8   4   0   2   3   3   5   4  14 
  9  20   7  13   6   1  10  14   8  19  33  13  14  21   5  12 
  1  14  16   6   1  10  14  15   5   7   4  12  20  44  48   4 
 47  17  38  25  19   9   5   2  15  19  38  29  35  85  27  37 
  7  19   2  17   9   6  14  14   3   8   7   5   4   9   4  13 
  7   7  18   1  30   9  18  18   7   0   0   2   2   2   1   1 
  5   3   4   2   2   3   3   5   1   2  21  41  35   9   4   3 
  8   5  15  10   2   4   1   3   5   2   3   1   3   2   9  38 
 13   1   3   2   2   2   1   8   8   1   0   0   2   2   3   4 
  1   1   0   1   6   9   2   7   1   7   6   1   5   5   0   0 
  5   1   8  10   8   5   1   3   2   2   4   0   1   3   3   8 
  5   5  10   8   8   9   6   2  12   7   1   1  10  13  56  81 
 12  42   2   1   6  24  14   8   1   2   3   2   6   4   2   8 
  8   2   8   5   1   5   4   1   2   1   1   1   1   1   1   0 
  7   4   2   3   1   1   1   1   5   1   2   3   5  19   7   9 
  1   1   3   4   5   3   1   2  16  10  28  18   5   2   1   2 
 21  16  14  10  14  10  10  19  35  15   9   6   4   2  10  33 
  8  27   8  19   1   3   3   6   7   5   2  18  11   1   8  13 
  3   3   2   7   2   1   3   1   9  13   4  13   3   5   5   5 
  3   1   2   4   1   6   4   2   8   4   4   3   4   6   3   4 
  8   0   1   1   3   2   1   2  11   1   1   2   2   2   0   7 
  1   1   2   1   1   3   2   7  33   1  20  13   5  13  10   8 
 27  20   8   7   9  21  50  46  43  31  22   4   9  11  21  27 
  2  25  19  30  12  13   6   5   4  20  29  14  10  15  27  15 
107   1   2  11   8   8   3  23  11   2   0   1   2   1   1  21 
 20  32   5  15   2   8   6   8  13  24  35  27   6   7   2  23 
  8   4   2   9  10   2   3   8  19  13  19  25  25  27  20  10 
  9  33  28   2   2  15  17  26  11   1  41  36  15  48  18  12 
  3  21   3  19  15  14   9   9   1   5   7   3   4   3   2   7 
 24   1  22  27   8  23  20  15   4   2   2   0   1   2   3   2 
 14   9   9   9   7   5   3   3   3   7   7  29  28   8   4  10 
  9  12  19  10   3   4   2   2   7   5   7   7   5   4   1   8 
  7   4   5   3   5   1   0   1   4   2   3   1   1   1   1   2 
  1   1   4   4   3   8   5   1   3   7   9   1   4   2   3   3 
 12   4   1   5   4   1   5  13   6   2   5   5   8   9  11  18 
 11   2  19  32  27  14   4  10   8   0   5  15  14   9  59  38 
 36  38   2   1  14  14   5   9   4   2   2   4   1   7   1   5 
  4   4   2   1   0   2   2   2   1   1   0   2   1   1   0   1 
  3   1   2   1   1   1   1   4   4   4   3   5   1  10   7   6 
  9   2   3   1   3   0   2   2  17   3   9   3   2   1   2  13 
 16   3   3   9   9   9   7  33  69   3  18   1   5   2   2  16 
 36  32  14  17  11   1   9  11   1   3   1   8  10   6  15   8 
  5   5   2   8   1   5   1   7   5  14   8  10   1  12   5   3 
  3   2   1   2   0   4   3   5   5   5   5   2   6   6   3   4 
  3   0   2   3   5   4   2   4   4   1   3   2   4   5   0   2 
  6   2   3   5   4   2   2   5   6   8  15   7  12  15   2  22 
 14  15  35  33  55  20  25  13  13  25  26   9   3   4  15  35 
  1  30   4   9  37   5   5  21  14   3  27   5  14  18  30   4 
 98  12  19   5   3   9   9   0   1   2   2   1   1   7   6  14 
 20  29   8  15   4   8   7  16   1  10  15  10   3   9   7   4 
  9   5   6   3   3   5  14  25  16  14  10   7   1  24  40  57 
  4   6  10  19   2  23  14  25  25  12  10   1   1   3  16   5 
 15   8   4   8  15  18   4   5   6  14  12   4   6   3   3  11 
  7   4  16  30  13  10  10  12   5   1   0   1   1   1   3   2 
 15   8   7   5   4   2   0   2   4  19  26  21  11   9   5   8 
 16  15  11   5  13   9   2   1   7   4   2   1   3   2   5   6 
  5   4   2   2   4   1   3   5   3   1   1   0   1   1   4   6 
  1   2   3   7   1   4   3   5   1   3   4   0   3   1   3   4 
  1   1   1   2   3   3   1   4   1   2   1   0   1   2   0   5 
 22  13  13  16  14   7   6  14  10   3   3   3   7  15  49  29 
 72  25   8  13  14   9   7  14   4   7   4   9  11  10   1   3 
  4   2   5   4   2   4   4   1   3   1   1   0   1   1   0   0 
  3   1   4   3   3   3   2   6   4   3   5   2   4   1   3  22 
 15   4   9   6   0   1   3   4   1   3   8  14  10   3   3   1 
 16   7   3   4   2   5  15  57  26   5   8   2   4  12   5  10 
 50  44  42  11  14  18  26  12   5   4   9  10   1   5   7  13 
  3  12   2   7   2   7   2   5   2   9   6  17   3  10   8   8 
  1   2   1   3   3   2   3   4   2   2   7   2   4   5   3   3 
  3   3   4   5   3   1   3   5   1   3   2   0   2   3   2   1 
  5   2   1   4   4   3   3  10  15   1  11   8   0   3   4  14 
 19  26  35  30  41  44   1  18  79  40  10   3   1   8   5  14 
 16  31   1   2   1  22   3  29  19  16  19  36   4  14   8  30 
 67  21  18   4   5   2  10  15   8   2   0   1   0   5   6   9 
  9  16   9   9   9   1   3   0  13  19  29  22   7   3   4  25 
  4   6   2   7   5   5   4   8   8  11   5   7   4  19  31  21 
  7   2   8  13  16  32  15  48   1  20  26  22   4  18   2   4 
  5   1   4   2   1   4   3   2   1   2   0   0   2   0   3   3 
 39   7  18   2  13   8   1  10   1   2   1   1   1   1   1   3 
  1   3   2   3   3   4   3   9  22   7   7  10   3   9  15  19 
  2   7   3  10  13   4   4   7  12   9  11   5   2   1   2   1 
  4   4   1   2   2   4   2   1   5   3   1   2   1   3   2   3 
  2   2   1   3   3   3   3   0   1   2   2   3   3   1   2   1 
  6   5   2   1   1   2   5  12   8   4   3   4   9   8   9  15 
  8  11  24  33  32  27  13   2   7  10   4  17  10   7  47  40 
 50  27   2  16   5   3   9   8   7  10   1   8   9   7   7   3 
  4   0   1   2   1   3   2   0   0   0   2   1   2   2   0   2 
  2   2   3   3   2   3   1   1   2   1   1   3   0   4   1  23 
 11   3   8   7   0   1   1   3   8   1   4   3   1   1   3  10 
 12   4   0   4   5   3   3  27  19  10   4   7   6  14   7   2 
 22  40  25   9  14   3  14   8   3  11   2  16   0   2   3  15 
  3  13   3  10   2   7   1   1   3   3  13  18   3  12   4   4 
  2   3   4   2   5   2   2   5   8   4   9   4   3   2   2   2 
  8   0   4   5   2   5   1   1   1   1   2   0   2   4   1   3 
  1   2   3   1   4   5   1   3   4   3  14  11   9  20   3  29 
 18  35   9  66  29  65  64  56  28  22   8  10   1  24  33  29 
 36   9  13  18  13   3   5   3  35  54   9  13   4   3   2   7 
 73   4  15  26   1  16   9   4   6   4   3   7   9   4  14  36 
 34  18   5   5  13   7   2   7  10   9  16   3  10  10   3  18 
  1  16  14   1   9  39  31  21  38  27  37  16   5   9   8  30 
  1  23   3   6  24   2  16  44  10  16  22   4   4   3  31  29 
 14   1   4   4  27  13  11  13  16  13  12   8  12   8   8   7 
 18  21  21  13  28  22   5  13   8   4   1   2  11   7   1   2 
  6   2  11   3   3   3   4   7  11   7   4   2   4   4   4  13 
  2   2   3   3   1  12   3  19   7   7  17   6   5   5   2   9 
  7   4   4   1   3   8   4   5   2   1   1   1   2   1   1   4 
 10   1   2   1   3   1   1   5   7   8   7   0   4   0   1  10 
 15   5   3   5   4   1   2   3   6   9   8   4   4   6   3   4 
  4   4   3  10   9   0   2  12  16  20  12   2   9   1  75  40 
 16  30  35   2   5  13  10  15  26  16   3  13   7   1  17   5 
  4   5   6   4   3   3   4   3   2   2   2   1   2   0   3   8 
  3   5   7   3   3   3   5   8  10   4   3   8   9   6   4  25 
  7   2   3   5   7   1   8  14   4   1   7  27  24   0  10   7 
  5   1   7   2   2   7  16   1  36  54   2   3   9   5  38   9 
 12  23  18  20  22  53  28  24  19  48  20   6  12   8   1   5 
 13   7   4  20   5   4   3   0   2   2  18  21   9  16   2  13 
  3   7   9   3   9   2   5   7   8   7  12   3   0   3   2   1 
  8   2  10   4   8  10   4  10   4   3   1   5   5   2   2   6 
  9   3   6   2   8   9   1  10   1   8   8   9  13   2   7  14 
 33   5  43  18  76  26  87  34  22  10   4  31  27   9   1  51 
 13  21  22  47  39  15  60  18   1  50  19  18  14  13   4  16 
 54   9   3  10   7   7   1  25   8   3  13   9   2   4   5  10 
 26   3   7   5   1   4   2   1   7   6   2  10  13   2   4   3 
 13  21   4  44  38  10  39  16  42  20  34   6  13  21  15   1 
 30  20  28  11  22  18   1  27  20  14  18   5  26  25  10  19 
  2  14  23   9   2   1   3   9  32  34  25   0   0   7  10  14 
 14   1  15  14  14  24   8   9   7   7   9   9  22   5  27  13 
 13  14  21  13   5  20  19   2   8  12  35   9  27  19  11  20 
 30   3  12   5   5   7   0   8   1   2   6   7   7   0   0   4 
  2   2   3   0   1   2   3   6   5   2   0   2   2   3   3   2 
 12   4   4   5   5   1   2   6   3   4   8   5   2   3   4   3 
  8   1   3   1   3   2   1   5   8   2   5   1   5   8   3   4 
 13   9   4   0   2   4   1   2   4  34   7   8  17  17   2  27 
  8   3  11   4   3   1   4   2   6   1   1   7   1   2   7   4 
  6   5   5   3   2   1   1   1   2   2   2   1   4   4   2   4 
 12   8   9   7   3   1   3   4  13   5   5   8   7   0   0   5 
  9   7  26   7  21  10   4  29  12   1   1   7   5   1   3   1 
  4   2   8   3  15   4  26  10  29   9  14  28  10  16  20  39 
  2  13  10  31   3  11  10  23  27  49   5  15  10  13  30  12 
  5   5   4   2   4   2   2  11   3  20  14  10  12   1   2   6 
  2   2   0   4   1   8   7   2  14   5  13  12   5   3   7   7 
  3   2   3   1   0   1   1   5   7   4   0   4   3   5   2   9 
  1   1   2   5   6   1  10  31  20   0   5   3   1   3   9  24 
  4  16  15  17  16  46  35  70  55  45   7  35  17  15  14   3 
 13  20  19  13  13   7   7  27  13  31  47  33  19  27  13  23 
121   3  24  12  16  25   7  13  20  13   5   4   7   5   5  12 
  2   1   1   1   2   2   0   7  29   2  16  18  10   4   3  16 
 60  52  22  21  32   9   1   8   7  17  19   4   7   3   9  12 
 43  32  14   1   6   4   1  22  23   7   0   4   1   4   2   4 
 21   1  16  18   3  10   0  16  15   0  25   8   4  18  16  16 
  7   5   9  10   5  16   6  14   3   8   4   2  21  17   7  29 
 10  10  12  12  12  10   7   1  19  10   3  13   9   8  17  19 
  3   9  13   7   4   2   2   0   4   2   2   3   3   1   2   3 
  4   3   2   2   1   0   1   3   3   0   0   1   0   1   1   3 
  0   2   2   1   3   3   4   5   5   8   8   8   6   2   3   2 
  2   1   2   1   1   3   4   2   3   3   3   2   1   2   0   7 
 16   8   4   3   5   4   5   8  14   2  14   3   3   2  20  17 
  8   1   2   3   3   1   1   1   1   2   1   1   2   0   1   2 
  2   1   2   0   1   2   1   1   3   1   1   1   1   1   1   7 
  4   0   1   1   1   3   1   2   4   0   2   3   1   1   1   1 
 13   2  16   5  16   5   3  15   7   1   1   1   0   1   1   2 
  1   1   4   0  13   1   4  24  45  13   4   3  10   4  25  26 
  1  18   1  14   1   2   5   7  28  26   7  15   4  10   8  12 
  3   3   0   6   8   1   2   5   2   3   2  10   9   1   2   1 
  2   1   0   2   1   4   2   3  13   3  10  10   7   2   4   7 
  3   1   3   1   1   2   1   4   1   2   1   1   0   2   1   7 
  3   1   1   2   1   1   1   7   2   2   2   4   8   8   0   2 
  8   6   4  12   7  37  41  39  39  27  36  40  52  48  30  12 
 74  43  17  42  80  78  47   6  56  55  46  19  50  73  46  37 
 59   8  24   6  27  36  22   8   7   3   7  14   8   1   0   9 
  7   2   3   1   1   1   1   1   6   1  12  20  15   1  21  50 
 18   8   8  41  36   5  27  16  57  10  26   6  11   8  18  40 
 39   4   1  13  25  19   5  18   1  10   3  14  19   8   1   5 
  3   9  14  11   5   5  11  19   9  17  21  12  35  10   9  22 
 16   9   1  10  11   2  10   5   0   4  19  21   6  11  18   1 
 12   2   5   8  18   3   1   2   3  11  20   2   8  10  11   7 
 14   5   1   4   3   1   3   4   7   1   1   3   2   0   3   1 
  2   1   3   2   1   1   0   2   1   1   0   1   2   2   4   5 
  1   4   2   3   0   1   2   6   2   1   1   1   2   0   2   5 
  3   0   2   1   5   5   2   4   9   3   2   2   0   2   1   5 
 14   0   7   9   7   1   2   8  27  19   2  13  12   8   1  13 
  4   3   7   6   6   2   5   5   1   2   1   1   1   1   0   3 
  3   1   0   1   1   1   1   3   7   3   1   1   1   1   0   2 
  1   1   2   2   1   1   2   1   1   3   7   7   4   2   3   4 
 21   8  12   5   7   6  19  16   7   1   1   3   4   2   1   2 
  1   0   5   2   9   2   2  31  13   2   4  12  13  12   9   4 
 19   6   1   7   1   1   5   9  24  22   7   8   5  23  24  22 
  2   1   2   4   1   9  13  21  10   1  16  14   1   4   7   5 
  0   4   3   2   1   2   3   7  10   5   5   5   3   2   5   4 
  4   1   1   1   2   2   1   3   1   2   1   3   0   2   2   8 
  5   0   1   1   3   3   1   7  12   1   5   4   5   8   2   5 
 22   1   6  18  23  12  36  49   9   4  11   2   9   4   6   2 
 23  21  21  16   7  10  27  49  10  33  35  36  14   9  43   1 
111  13  19  39  24   3  13   7  21   8  10   4   1   9   4   2 
  2   1   1   1   1   1   0   1   5   3   5  20  40  39  13   7 
 18  18  18   4   1  14  14   1   2  38  26  15  14   5   4  11 
 13  18   1  18   5   7   7   9  23   4   7  10  11   4   6  21 
 52  14  12  14   3  13   4  14  12  14  21   3  15  45  15   3 
 26   6   7   4   7   5  21   7  30  14   1   5   1   3   7   3 
  9   4   1   8  16   1   8   9  13   4  18  18  15  15   2   7 
 17   8   5   4   3   2   3   7   7   1   2   3   4   1   2   2 
  8   3   3   1   2   2   1   2   1   1   1   1   1   2   2   7 
  2   0   2   6   6   4   2   3   8   8  10  10   4   2   3   4 
  4   1   1   2   2   2   3   3   1   1   5   2   2   3   1   5 
  4   5  12  11   4   1   0   3   3   5  20   7  16   5  14  28 
  9  14  16   1   8   4   4  12   2   2   0   1   1   1   0   4 
  4   0   0   0   2   1   1   1   5   1   2   1   0   1   1   1 
  2   1   0   1   0   1   1   4   0   2   8   7   1   4   1   2 
 10   2  12  13   3   3  14  10   7   2   1   2   2   2   2   3 
  3   1   3   3   2   4   5  18  36   9  15   4  16   1  19  19 
 16   2   4   6   2   1   2   2  25  43   1  18   5   2  24  30 
  4   3   6   2   1   6  13  21  14   1  16   7   5   2   2   1 
  5   4   4   1   3   0   2   9   7   5   0   5   5   1   6   2 
  4   1   1   1   1   2   1   1   2   0   2   1   2   1   1   6 
  2   0   1   2   0   3   2   7   5   2   8   6   2   2   2  10 
 16   3   8   9  27  10   2  22  44  26  42  57  56  51  53  47 
 33  33  16  33  48  32  26  16  33  30  20  24  39  33  74  12 
 12  33  11   9  32  43  20  20  15   1   7   4   3   1   1   6 
  4   2   2   2   1   1   1   1   2   1   1   5   8   4  32  56 
  3   9   8   3   1  13  20  13  42  25   5  14   1   3  15  15 
 20  24   3  37  14  13   1   5  17   5   6   3   3  20  17   3 
  5  11  13   3   9   8   1  13   1  35  31  48  46  14   1  13 
  4   9   7   4   1   2  18  13  27   7   5   9   4   6   9  16 
  4   4   7   3   1   3  10  14  33  16  18   4  39   1   1  22 
 12   8   4   4   2   2   4   3   1   3   4   0   1   0   2   2 
  3   3   2   2   3   2   3   1   1   1   1   0   0   1   0   3 
  4   5   2   3   5   2   3   5   0   3   4   3   1   4   3   3 
  1   2   4   7   2   5   3   9   3   2   3   3   1   2   2   5 
 13   3   5  10  13  14   9   4   9  10  25   2   4  21   3  30 
  7  13  17   2   8   4   4  14   2   1   1   1   0   1   0   1 
  4   1   1   0   1   2   1   1   2   1   1   2   2   0   1   3 
  2   0   1   1   1   1   1   4   0   1   2   1   3   4   1   7 
  4   1  11  12   8  13  10  28   3   1   0   3   3   0   1   5 
  4   3   1   2   2   9   8   9  14  19   6  14   2   2  10   7 
 14   4  12   4   1   2   3  21  12  40   7  19   2   9  21   5 
  4   8   7   4   8   4   5   7   2   8  14   1   3   9  13  12 
  8   4   4   2   4   1   2   4   0   8   2   3   4   1   7   2 
  0   1   2   1   1   2   1   1   4   3   2   1   1   2   1   4 
  1   1   1   1   1   1   1   3   2   1   3   2   2   1   4  17 
  0   2   9   9   1   8   7  20   3  12  10  12  27  23  13  11 
 16  14   4  16   8  39  27  14   7  21  28  10  13  32  36   3 
139  77  70  26  24  41  16  15   4   5   6   1   4   3   2  10 
  5   1   0   1   3   3   2   4   1   6   2  25  49  43  15  36 
 66   1  12   5   2  26  21  31   4  37  43   1  18  16  11   7 
 13  27  20  15   5  23  15  10   1   3   2  13   3  12  12   9 
 35  12   4   4   3  15   7   5  12   7   7  37  35   4  29  20 
 36  27   5   4   5   1  15  10   5   9   2   4  14  16   7  15 
  7   5  10  12  19   8   6   3   2   3   5   4  24   8   2   6 
  4   4   3   0   2   2   1   4   0   4   4   1   3   1   1   6 
  9   5   4   4   0   2   4   4   0   1   0   1   2   2   1   3 
  2   5   6   1   1   6   5   2   6   3   0   2   2   2   1   4 
  4   3   2   6   4   3   2  18   0   3   2   1   1   1   1   3 
  5   3   7  10  10   4   1   2  24  19   2   6   9  35  12   2 
  8   4   7   3   4   3   3   7   0   1   1   0   2   1   1   1 
  0   0   1   1   1   1   1   4   6   1   2   1   1   2   2   3 
  1   1   2   1   1   1   1   3   0   2   3   2   3   2   1   2 
  8  11   4  11   0   7   1  13   5   0   2   4   3   3   1   1 
  5   1   3   1   5   5   6   5  25   2   1  16  12   4   5   1 
 31   7  18   2   1   2   4  37  20  45  10  18   1   2   5  14 
  3   2   2   2   1   8   8  28  29   8   7   6   5   4   8   4 
  3   2   1   3   3   0   1   2   7   5   3   3   6   3   4   4 
  1   2   1   1   1   1   1   0   3   1   4   1   2   1   0   1 
  1   0   1   1   0   1   0   4   8   2   4   3   7   8   1   5 
 21   2   3   8   9  14  10  12  20   8  16  13   4   6   9   4 
  6  18  32   7  34   8   2  15   4   1   5  20  22  69  35  36 
 47  52   5  62 108 104  58  20   1   1   2   7   5   4  10  13 
  3   2   2   1   2   0   1   4  20  15  37  35  14   5  13  50 
 43  18  25   0   3  19   5  62  11  35  14  26   3  12   8  16 
  4   1   7   4  16   3   2  26   5   1   7   8   6   3   2  11 
 16   6   9   4  28  49  30  12  25  35   1   7  15  25  33  19 
 32  19   4   5   6   3  11  12  22   3  18  22   5  14   1  10 
  7  16   2  42  26   2   5  16  29  18  10  12  13   8   1  28 
 25  10   8   3   2   6   0  13   7   3   4   2   1   1   1   4 
  6   4   4   4   1   0   0   1   1   1   0   1   1   1   0   4 
  8   3   5   1   1   8   6   3   5   1   2   2   3   3   3   4 
  2   4  10   2   4   1   1   6   2   2   2   2   1   1   1   1 
  8   5   2   2   6   8  11  15  13   2   9   6   8   5  20  30 
  5   3   1   2   1   1   2   2   2   1   1   2   1   1   0   1 
  0   0   2   2   2   1   1   3   5   1   2   1   1   1   2   4 
  3   0   1   0   0   1   0   1   2   2   3   2   1   2   2   5 
 12  18   3  13   3   5  14  20   5   1   1   2   1   2   2   3 
  1   1   3   3   5   2   5   6  26   3  28  27  12  15  14   0 
 32  13  15   3   2   0   5  34   7  26  12  43  15   4  32  31 
 11   4   2   2   5  15  15  30  24   2   1   5   6   2   3   8 
  4   1   2   4   2   4   2   6  12   5   1   4   6   7   5   6 
  3   1   1   1   0   1   1   1   3   2   3   2   2   1   2   1 
  0   1   1   0   0   0   1   4  10   2   1   1   4   8   5   6 
 18   9   7   4   3   5   2   5  21  17   4   3   8   8   6  31 
 20   2  82  25  46   6   8   5  10   4   6  14  12 101  25  17 
 27  11  44  83  97  81  16  42  77  62  41  31  13  11   7   5 
 18  13  12   5   3   5   7  14   4  10   7  19  22  17   3   6 
 26  11  23  21   0   6   1   3   3  56   6  49  29  34  19   8 
 18  16   3  12   4   2  20  24   9   4   2   8   5   3   7   5 
  1   9   9  40  33   2  10   2  24  27   2  16  24  67  22  26 
  8   5  30  15   8  13  10  12   7  19   4  22   6   9  10   2 
  9  19  27  89  35   1  18   6   4  25   4  17  21  15  11  19 
 18  13   5   3   3   5  15   9   9   0   2   3   6   2   2   5 
 10   3   1   4   8   5   1  10  11   2   3  10   8   7   7   1 
 20   2   2   6   2   8   4   8  10   3   2   3   1   1   4  10 
 16   9  22   5  24  14   6  14   2   0   3   0   1   3   8  12 
  1   2   2   0   3   2   4  11   6  15   8   7   8   8   2  15 
 15   2   1   3   4   0   3   0   3   0   3   3   4   4   1   1 
  2   2   2   1   2   3   1   3   3   3   5   6   3   1   1   3 
  2   1   1   1   1   0   1   1   1   2   1   1   6   8   1   7 
 12  12   6   7   4   9   3   3   2   1   1   1   1   0   2   5 
  3   1   7   5   4   5   7   2  36   8  26  26  13   7  16  16 
 18   9  13  12   1  10   7  32  15  37  26  48  15  52  27  21 
 39  10   3   5   5  10  21  12   5   1   4   9   8   4   2   1 
  1   1   4   4   7   9   1  10  19  10   4   2  11  10   4   3 
  1   3   7   3   1   1   1   2   1   5   6   1   5   2   1   2 
  3   2   1   4   4   4   3   5   5   7   9   5   1   2   4   1 
  2  17   5  17   5  13   8   4  26   1   2   2   9   4  12  17 
 21  22  78   9  48  32  12   4   7   5   1   7  15 129  39  19 
 43  16   4  35  15  29  35  59  79  83   3  22  37  80  53  53 
 45  35  32  13   5  11  18  20  53  22   7  16   2  13  31   3 
 71  46   2   1  47  18  10   6  32  31  30  15  18   0   9  23 
  7   3  13  10  24  21   7  23   0   5   8   7   2   7   1  16 
  4   9   4  21   8  20  15  22   8  27  12  25  11   1   8  30 
 11  15   5  10   8   8  12   2  15   7  25   7  34  20   2  23 
 15  20  43  10  22   3   5   8  13   3  26  17  37  24   3  12 
 77  66  10   2   4  30  27   8   2   5   4   0  14   1   7  24 
  5   8   7   9  22  14   0  18  25  12   2  34  24  22  22  19 
  2   8   8   1   8   5   1   2   5   3   2   2   3   1   5   8 
 13   2  18  15  35  30   3   2  19   9   4   4   9  15  12  14 
  3   8   9   5   1   7   5   2  12   4   8   1   3   1   8  31 
  3   5   2   3   2   4   4   0   4   2   2   3   3   2   0   3 
  2   1   0   3   3   2   0   8   4   1   2   3   2   1   2   1 
 15   3   3   1   6   9   4   1   2   1   1   7   5   2   2   7 
 16   3  12   9   1   5   6   1   7   1   3   8   7   1   0   5 
  3   7   3   4   3   1   4   4  15  11  18   3  15   7   7   4 
 31  82  31  10   7  16   8   4  24  22  79   6  48  46  37  47 
  4   9  18  12  13  33  29  35   2   1   2   4   8   7   1   1 
  8   3   7   1  16   3   9  10  10   6  10   2   7   7   2  15 
  1   7  10   2   4   2   0   2   4   1   1   1   3   4   1   6 
  4   2   1   2   1   1   1   2   3   3   6   2   9   9   3  13 
  3   1   5   1   8   3  12   2   7   9   4   3  10  14   9   5 
 14   2  24  21  22  41  13  29  15   2  14  11   5  55  26  30 
 38  11   3  10   6   5   5   1  31  16  18  61  74  32  20  13 
 37  16  20  27  18   1  12  20  48   9  88  43  19  26  25  14 
 43  12  13   7  85  15  97   5   6   5   1   3   2   1   4  14 
  5   4   2   3  13  13  32   4  22  19  18  14   9   7   1   9 
  2   9   5   4   4   4   7   3   3   4  10   4   7   3  20  31 
 10   6   7   9  11   0   5   2   9   5  35  18   4   5   3  10 
  2   1   1   1  11   7  12  29   1   2   8  12  18  19  17  32 
 16  38   4   8   4  11  15  20   1   2   2   1   2   2   3   9 
 15   2   1   1   1   2   0   5   6   5   4   0   2   8   8   1 
  2   3   5   2   4   2   2   0   3   2   2   2   2   2   4   9 
 38   1   8  11  30  20   2   5   1   0   3   0   3   3   2   6 
 10   2   0   1   2   2   2   5   1   2   2   1   4   5   4  10 
  5   3   3   1   0   2   2   5   1   0   2   1   1   1   2   2 
  3   1   1   1   2   3   0   4   3   0   1   1   0   1   1   2 
  4   1   3   1   3   2   2   2   1   4   2   0   3   3   2   2 
  8   1   5   4   1   3   2   3   1   2   2   2   3   2   2   2 
  3   2   3   5   3   1   4   3  22  10  19   5   9   8   3   3 
 10  28  15  52  69  45  27  25  29  36   3  14  25  17  16  19 
  3   9  16   3   5  14  19   4  13   5   5   3   3   1   3   3 
  2   5   1   2   7   5  13   9   2   4   2   1   3   4   2   5 
  4   5   4   0   3   1   2   2   2   1   3   0   0   2   1   3 
  1   1   1   1   1   0   0   1   2   2   2   1   5   3   2   5 
  3   5   3   6   4   1   7   1   0   3   9   7   5   3   8  25 
 46  34  37  28   9  13  16  13   9   5  11  16   1   1   0   5 
 33   3   8   9   5   1   2   9   9  11  12   1  19   9  32  51 
 39  41  24   9  30   8   1   3  65  30   8  50  38  22   6  32 
  5   1  22   2  55  13  40   4  18  13  14   6  17   0   7   6 
  7   4   6   5  24   1  18  13   1   6  11   6   1   1   2   4 
 11   1   1   9  16   6   2   2   8   3   9   1   1  13  29  33 
 11   8   6   7  12   4   4   7   9  25  26   1   5   2   5  32 
  6   4  14  19  17   6  35  22   2  13   2  22   1  24  24  31 
 34  10   8   2  10   2  12   7   2  10   7   5  13   4   7  26 
 13   4   1   1   7   7   2  14  15   8   5  11  10   8  12   7 
  1   4   5   1   3   0   2   5   0   2   3   4   1   2   4   3 
  1  18  20   4   3  12  12   5   6   4   1   2   2   1   3   1 
  9   7   4   5   3   0   1   1   2   0   1   3   2   4   4   2 
 15   7   7   2   1   0   4  12   1   1   2   2   1   1   1   4 
  5   0   2   1   1   1   0   2   3   1   1   0   1   0   1   8 
 15   4   1   0   4   4   2   4   2   3   3   2   1   2   5   3 
  2   0   1   0   3   1   2   1   5   5   4   2   0   2   2   4 
  5   2   4   5   3   2   5  10  29  12  19   6  10   6   3  13 
  1  78 104  64   3   1  47 100  22  40   9  12   5   5  15  30 
 15  10   7  22   8   9  13  16   2   1   2   2   1   2   2   3 
  5   8   4   2   6   2  15  22   3   2   2   1   3   3   0  14 
  7   4   5   0   3   1   1   1   1   1   3   2   0   3   3   3 
  1   1   1   1   2   1   1   1   1   2   4   1   3   4   1   1 
  2   4   1   3   5   2   8   0   2   4   9  15  13   7   3   4 
 34  41  48  27   2   4   2   6  14  15  10  10  20  12   5   3 
 25   8   3  18  26   1   9  15   9   7   4   4   4   4   1  14 
 14  14  24  14   3  13  19  19  37  37  39   3  11  21  20   7 
 34   2  29  19  65  19  42   2  32   0  13   1   7   3  16  31 
 14   7  36  36   3  11   8  11  23  10   8   7   7   1   2   1 
  7   1   2  10  13   7   0   5  20   5   5  18  13   3  18   8 
  8   7   4   4   5   4   1   1   5  25   9  32  14  12   3   2 
  8   9   9  32  26  10  38   9   6  16   8  23  16  19  11  23 
  2  13  33  16  25  13   1   2  11   8  10   5  24   2  20  18 
  9   8   3   1   2   2   3   2   5  10   6  10   7  13  13   3 
  2   3   4   2   2   2   2   7   8   2   1   3   2   1   2  14 
 27  26  21   1  21  27  20  13   4   3   3   2   4   5   3   1 
  1   1   4   0   2   1   3  14   8   2   4   1   1   4   3   9 
 13   5   6   1   1   2   2  10   1   2   1   2   1   0   1   3 
  4   2   1   1   2   1   0   4   5   1   1   1   1   1   1   5 
  7   1   4   3   3   1   2   3   1   1   1   4   3   1   3   4 
  3   0   2   1   0   1   2   2   5   3   3   0   2   2   1   4 
  4   3   4   4   3   2   6  10  29  16  18   4   7   5   2   8 
 67  40  34  37  13  31   3  37   4  26   7   6  23  11   8  44 
  1  27   1  48  42   6  12  11   4   1   1   1   2   5   4   6 
 13   8   7   2   4   8   3  14   4   2   4   0   3   5   3   0 
  1   1   3   1   5   4   3   3   3   1   3   1   0   4   2   2 
  1   1   2   1   0   2   0   2   1   1   2   1   1   4   1   7 
  5   6   0   1   9   5   3   5   2   3   3   1   7   7   3  18 
 18  45  65  41   7   0  13  26   2  18  20  27  37  21   2   1 
 12  20  14  21  56   3  18  22   7   2  10   3   9  12   5   9 
 22  16   3  22  19  12  14  18  35   3  19  14  10  20   6  26 
  4  18   4  63  16   7  19  26  13   7   4  10   5   3   1   9 
 14  27   4  31   0  20   3  12   9   6   1   6   3   3   2   3 
  6   5   4   2   3   7   7   3  13   8   8  27   7  35   7  22 
  4   3   3   2   6  12   1  16   5  14  38  19   5  17   4  10 
 50  21  10  29  22   6   9   9   1  18  10   7  19   1   2  41 
  7   4  39  18  30  19  11   7  15   7   4   3  26   7  31  12 
 15   7   9   3   5   4   1   5   2   3   2   3   1   0   0   5 
  1   2   1   4   2   1   2   3   5   3   1   1   1   2   3   7 
 12   1  19  19   8   2   3  25  18   4   2   3   4   5   2   1 
  4   1   2   5   7   5   2  18  10   3   5   2   5   7   5   5 
  2   2   1   2   2   4   1   2   3   1   1   0   1   1   0   0 
  1   3   1   0   2   4   1   6   5   1   0   1   1   0   1   1 
  5   2   1   4   7   7   2   2   2   1   1   3   5   1   0   6 
  2   2   2   1   2   1   1   5   0   1   1   3   3   2   1   4 
  4   3   4   3   3   1   4  13  26  13  14   8   6   7   3  21 
  4  69  15  11  25   5  13   8  14  24  25   7   5   6   8  13 
 15  49  41   7  20   1   4   0   1   1   1   2   2   2   1   3 
 15   7   3   7   5  12   3   3   0   0   2   2   3   1   4   9 
  4   3   2   2   5   2   1   2   3   0   1   1   0   2   2   4 
  2   1   0   0   0   1   1   2   1   1   2   2   2   3   2   8 
  2   5   1   3   9   5   0   8   3   5   8   5   1   5   4   1 
 37  24  16  18   5  10   7   1  25  17  30  30  15  13  10  10 
 13  12   0  35  79   4  36  25  10   8   1  48  43   4   2  16 
 22  15   5  11  20   3  17   3   9  29  66  27   2  18  17  31 
 28  48  18  33  23  31  15  20  10   0   2  12   4  11  19  24 
 10  42  33   1  12  22  10  15  15   2   5   8   3   4   1  14 
  1   4   2   4   8   7   2   8   5  11   3  14   8  58  24  36 
  1   2   2   3  11  12   0  15   8   5  30  16  28  31  14  40 
 54  18  33  16  12   9  12  14  16  19   3  22   5  29   6  19 
 16  14   9   3  16   2  13   3   3  10   1   2  13   9  31  26 
  4   3   8   6   1   3   2   1   7   3   3   6   6   3   7   2 
  0   2   1   4   3   1   1   2   2   2   1   1   1   0   2   1 
 12  14   1   5   3   3   8  18  19   4   2   1   3   1   1   1 
  1   1   2   6   9   6   3   8   1   1   6   3   1   2   1   7 
  5   4   2   3   2   7   4   3   5   0   0   1   1   1   0   2 
  3   2   3   1   3   4   2   1   3   0   1   0   1   1   1   1 
  6   1   3   2   5   7   1   7   1   4   3   2   3   1   1   0 
  4   2   1   2   3   1   1   7   1   2   1   3   3   2   1   2 
  2   4   2   3   5   1   5  12  24  16  16   9   4   8   3   4 
 65  73  73  38  60   0   9  12  48  13  40  18  29   4  22  52 
 19  20  41  27  25  18   6   3   1   1   1   1   1   3   0   2 
  9   4   0   8   3   2   2   7   3   5   8   1   9   9   2   8 
  1   3   6   2   1   1   1   7   2   1   1   2   1   1   2   6 
  3   1   1   1   1   1   2   1   1   1   1   1   1   1   1   1 
  7   2   4   7   5   3   4   5   1   2   1   2   7   4   1  15 
 21   7   5  10  15  17  19  27  16  15  20  20  10  15  20   7 
 12   6  16  53  95   9  55  13   4  19  34  21  22  20   5  13 
  9  17  20  30  19  20   3  23  20   5   9  66  47  25  20  12 
 34  72  31  95  30  15  27  43   5   9   5   4   5   6   5  12 
 26   2  11  18   1   1  13   4  16   9   8   7   3   1   1  16 
 15   4   1   2   1   3   4   9   3   7  18   2   7  30  14  25 
  5   1   1   0   3   5   2   3   8   6  24  34  24  30   3  54 
  8  24  39   5   5   6  15  33  13   6  17  46  12  54   2  18 
 33  25   8   8   0   2  28  12   7   3   5   4   1   5   4  13 
  6   4   4   3   1   2   1   2   9   3   5   7   5   1   1   2 
  6   4   2   3   4   1   3   2   3   1   1   2   0   2   1   3 
 15   7  12  14  27   8  14   1   6   1   2   2   2   1   2   4 
  1   3   1   1   1   3   1   2   7   1   2   4   0   0   3   5 
  3   1   1   2   3   5   2   2   4   0   1   1   0   1   2   1 
  1   2   2   1   4   3   1   5   2   1   0   1   1   2   2   1 
  2   1   3   2   0   1   2   5   1   3   4   1   1   1   3   1 
  3   2   1   2   1   1   1   0   2   1   1   2   1   2   2   3 
  2   3   3   5   5   2   7  14  24  16  13   9   3   8   5  14 
 97   4  64  77  48   7  14  21  24  10  46  18   9  22   7   1 
 65  33  23   3  13   2  18  10   0   4   5   4   1   2   3   4 
  0   4   4   3   4   1   7   8   0   2   5   2   7   8   2   0 
  3   3   6   2   1   2   4  10   8   1   3   2   2   3   1   5 
  4   0   0   0   1   1   1   3   2   1   1   1   0   1   1   0 
  4   2   5   8   2   1   5   2   0   0   2   3   5   3   2  10 
 19   1  16  19   2   8   4  25  13  26  30  36  42  22   1   4 
 13  15  33  66 129  12  53   4   9  25  33  41  33   8   3   7 
  3  25  43  70   4  31  20   7  12  10  30  38  37  30   7  51 
 16   8  18  15  39  30  24  18  29  11   4  31  27  16  30   8 
 13   2  44  36  18  19   5  13   6   8  18  14  10   5  14  16 
 32  10   6  15   3  12   1   4  26  18  35  24  35  17   3   5 
  5   3   3   3   3   9  22  26   2  12  37  45  29  12  57   5 
 45  56  24  38  19  22  25  42  26  10  48  80  28  75  43  62 
 97  53   7  12   1  43  18  13  15   1   8   2  20   4  13   2 
 13   9   2   3   3   5   6   4   5   1   3   9  13   5   3   2 
 15   1   2   2   4   5   5   1   9   4   0   5   8   7   2  12 
 11  25   8   1  14   8  29  12   7   2   8   5   3   8   2  14 
 12   7   5   3   0   2   4   9   2   1  10  12   8   3   5   3 
 12   3   1   2   4   3   7  14   3   1   2   1   3   2   2   4 
  7   5   6   1   6   3   3  13   7   0   1   2   1   2   1   6 
 15   2   4   8  12   5   4   4   5   1   1   9   7   7   7   2 
 13   3   3  10  11   5   3   2   5   2   4   1   2   4   3   3 
  5   5   3   4   6   2   8  13  42  22  18   9  10   4   0   0 
 25  66  18 112   5  26  53  16  16  82  10  39   4   1   9  42 
 13  18  64  27  23   8   1  28   3   2   5   5   2   2   1   1 
  3   1   4   4  14   4  12  15  12   2   6   5   3  10   5   5 
  2   3   1   3   3   0   3  16   8   9   2   4   6   8   3   9 
  9   1   2   3   3   1   1   4   2   5   0   5   1   0   0   3 
  0   5   5   8  11   6   5   5   2   4   9  10   2   8  14  13 
  6  33  38   3  15  12   4   9  20   3  11   9  10   2  14   1 
  4  10   4  19  54  33  89  59  20   6  41  40  75  60  12   8 
 23  27   7  51  16   5   8  13  14  15  15   5  15  38  70   7 
 18   8  30   2   5  12  32  14   5   0  12  22  13   8   4   7 
 38  37  47  16  42   8  17  31  16   6  10  10   1  41  47  15 
  9   5  10  27   5  10  21  16  17  58  14  42   3  15  13  20 
 25   2   2   1   5  31  31   1  28  19  12  26   9  13   1   5 
  9  19  14   2  26   2   9   7  37  55  32  35  21  16  50  12 
 12  22  21   7  22  22  22   5  27   0  10   2   9   8  20  10 
  4   2   3   2   0   0   2   4  10  11  13   1   3   8   0  27 
  9   2   2   0   1   1   4  13   4   4   8   4   3   6   1  11 
 17   4   5   9   3   1   8  22   2   1   5  12   4   6   9   2 
  2   5  10  12   9   9  11  20   9   7  15  30  24   1   2  14 
  6   4   8   2   2   9  10  10   7   5   8   0   8   5   1   3 
  9   4   9   2   3   2   2   1   3   2   2   2   1   5   2   2 
  9  17  14  19  22   5  14   7   5   4   0  13   5  17  14   9 
 20   8   3  18  16   9  16   2  11   1   1   2   2   2   1   4 
  3   3   0   1   3   1   0  19   0  25  15   4  19   4  27   1 
  5   8  35  38   9   6  12  10  29  20   5  13   6   1  20  25 
 12  14  54  26  10   1   4   5   1   5   9   9   5   1   3   5 
  2   2   5   5   2   8   5   8   4   3   9   4   3  11  10   4 
  5   4  16   7  25   3  20   4  18  30  19  24  30  15  20  13 
 15   3   4   7   7   3   1  15   7  20   7  12   2   3   3   2 
  7   2   7   2   9   3   5   8   8   4   8   7   5  16   8  12 
 10  32   3  24  14   3  24  18   3  14   3   5   9   5   9  10 
 10  25  12  26  35  42  48   7  12  14  49  34  60  59   1   1 
  6  32   6  59  39   8  12   6  15  29  75  32  50  26  18  13 
  8   5  11   6  19  31   8  33   7  15  29  19   7  20   9  26 
 41   6   1   9   9   2   8   3   2  12   3   6  22  13   4  10 
  3  21  19   3   3   7   1  22   5  13   4  13   9   5   9  21 
 34   1  32  20  12  12   1   9  14   0   2   6   2  22  16  16 
 66  29  17  43  30  17  13  47   8  33  13  10  11   5  31  14 
  4  24   7  16   3   1   9  20   1   1   1   7   5   2   0   7 
  4   2   1   1   3   2   3   3   4   4   6   2   4   2   4   5 
  5   5   4   1   4   4   5   8   2   0   2   3   0   2   1   2 
  5   8   4   1   3   4  14  19  15   4   3   4   3   2   1   8 
  7   4   3   1   3   2   1   1   2   3  10  10  10  12   8   1 
  3   5   3   5   3   4   2   3   8   2   1   2   0   3   1   3 
  4   3   5   3   1   4   3   1   3   1   1   1   1   0   1   1 
  8   5   5   9  10   1   6   2   3   4   1   3   5   3   8   5 
 16   1   2  11   8   2   2  14   2   1   1   1   2   2   1   1 
  2   1   3   2   1   1   3   7  22   8   5   2   3   3  10  10 
 10  16  31  24   9   2  18  44   3  18  19  21  21  14   2  55 
 65  32   5   8   2  10   5   3   1   1   2   2   1   0   1   1 
  4   1   3   2   0   1   1   1   3   0   1   4   2   1   3   5 
  4   5   9   8   7   6  11  13   3   3   4   2   3  13  15  13 
 31  24  29  23  20   2  18  10  12   5  11   5   7   3   5   8 
  3   4   2   2   7   4   1   2   1   3   1   3   4   2   3   8 
 10  20   3  23  15   2   1   2   7   5   3  10   1   1   5   1 
 21   9  53  25  12  15   4  10  27  18  44  35  68  51   3  12 
 18  38   3  70  63  10  10   3  10  22  81  49  53  39   3  34 
 10  16  14  22   6   7  20  13   6  11   9   7  16  15  12  25 
  4  16  25   1  24  15   3  23  32   2   1   6  12  16   1  12 
 10  14  13   4   1   2   5   6  25   7  23  21   7  21  18  19 
  1   1   1  18  29   9   9  14  25  29   1  18  26   8  16  77 
 80  47  27  19  20  15  15  18  14   3   3  16   2   2   8  14 
  5   8   7  19   2   4   5  44  18   4  10  10   4   3   5   1 
  1   0   2   3   4   4   3   6   0   0   0   2   3   1   3   5 
  2   3   4   3   3   2   2   3   3   0   1   2   0   1   1   1 
  3  10   0   6   2   4  13  18  16   7   2   0   2   1   0   8 
  6   3   1   2   5   7   6   3   5   1   8  17  17   6   2   4 
  1   5   3   5   7   1   1   1   7   1   3   3   2   8   3   8 
  3   4   4   2   0   3   3   2   2   1   1   1   3   3   1   5 
 10   1   3   3   7   4   1   3   3   3   2   3   7   2   1  14 
 10   2   5   3   1   1   4  12   0   2   1   1   1   1   3   5 
  6   3   2   4   5   2   3  14  22   0   9   3   8   2  10   5 
  8  10  20  15   3   2   2  16  38   1  52  17  30   8   2  49 
 67  33   7  11   3  16   3   1   3   1   2   2   1   1   2   3 
  6   4   1   2   2   3   2   2   4   2   1   5   7   4   3   6 
  2   6   2   4   2   7   7  17   9  16  17  35  19  33  15  20 
 33  29  14   5  21  29  38  37   9   7   4   1  12   3  10   4 
  3   3   3   5   7   4   2   2   7   1   4   1   1   4  11  25 
  2  44   4  45   3  13   9  10  11   3   5  10   1   3   1   8 
 22   2  63  31  19   1   4   9   9  16  35  25  59  31   4   2 
 23  38   9  84  62   1   2   4   3  14  10  13  13  12  39  50 
 38  12  10  11   0   6  25  29  25  26  39  16  20  24   7   8 
 36   4  21   5  25  15   5  19   1  10  11   4   1   2   3  10 
 12   1  10   2   9   5   9  41   1   4  10  14  14  12  11  21 
 34   7   9  19  12  20  30   3  17  27  31   3  22  26   8  67 
 12   9  47   3  28   1   9  17  32  14   7   9  10  12  18   8 
 17   4   9   6   8   4   4  30  15   5  10   4   3   5  10  10 
  8   4   3   2   1   1   1   5   7   2   5   1   2   3   2   5 
  7   5   7   5   2   3   7   9   4   1   5   3   1   2   0   2 
  9   6   8  15   2   4   3  18   5   1   1   1   1   4   4   5 
  7   2   1   3   5   4   1   0   2   5   3   3   3  10   5   7 
  2   4   4   3   5   0   2   1   3   1   2   1   3   5   1   7 
  5   1   1   1   3   2   2   1   1   2   2   0   2   2   1   7 
  4   1   3   5   1   7   0  10   1   8   6   8  10   2   2  25 
  1   1   5   4  10   2   1   1   3   2   1   1   1   0   1   1 
  4   2   0   1   5   4   2   4  16  11  13   1   5   6   9   4 
  8   3   0   7   9   1  20  31  17  45  16  39   5   9   2   3 
  1   7  16   6   5   8   1   4   6   0   2   2   1   2   0   3 
  3   3   2   1   0   3   1   2   2   1   1   2   7   5   1   2 
  9   1   1   3   8   2   2   3   3  25  43  55  52   2  76 117 
 25  42  64  62  30   7   7  16  25  21   8   4   2   1   5   4 
  2   1   1   5   4   2   5   9   9   1   1   3   1   8  12  13 
 25  19   7  18   4  11   4   2   1   9   2   5   7   9   3  10 
 13  13  22  24  14  23  12   2   2   6  22   6  26  24  10  18 
 10  29  20  81  45   6   1   1  12  12  20  11  18  29  46  13 
 41  16  20   0   8  17   5   2  36   5   3   3   5  18  21  18 
  3  11  14   8   1   2   2   5   8   2   5   9  14  33  14  12 
  8   4  10  20   7  29   1   6  43   8  14   2   5  30  29  23 
 42  16  10  10   6   7   2  14  20  26  38  12  19  34  18  23 
 29  10  45   7  41  22  10  18   1   1  11   3  16   4  13   2 
  5   7   8   2   4   7   8   2  20  18  11   1   7   4  16   6 
  4   1   0   2   2   2   4   7   5   5   2   2   3   3   5   2 
  9   4   0   2   2   3   2   6   7   1   4   4   1   3   1   2 
  1   4  10  14   3   7   3  18   8   5   5   1   1   2   2  10 
 12   3   1   1   1   1   0   5  11   1   3   1   6  14   7   8 
  0   4   5   3   3   2   1   1   2   2   9   3   0   1   2   4 
  4   2   1   0   2   4   2   1   2   0   1   1   1   0   2   5 
  2   1   2   7   1   8   4  12  12   2   5   2   1  11  12   3 
  5   5  11   1   7   2   3  10   5   0   1   2   1   1   1   9 
  6   3   5   4   1   2   2  14  26   8  18   5   1  17   3   5 
 12   1  10  16  10   1   1   2  35  49  32   2   4  21  14   7 
 20   3  12   3  18   3   5   4   9   2   1   2   1   1   2   5 
  3   2   4   4   2   0   0   1   4   1   3   0   5   4   1   5 
  8   5   7   3   2   8   7  10  32  33  31  21  58  44  27  98 
 61  33  48  43  22  27  52  93   5   5  10  12   8  10  11   9 
  2   2   2   5   2   5   6   8   1   1   2   5   1   6   7  30 
 31  25   5  18  10  12   5  14   7  10   3   6   4   4   1   3 
  4   2  30  25  27   7  24   6  15   8   2  26   0  19  16  16 
  8  19  26  45  23   3   3  15  12  20 105  56  49  55  15   4 
 14  13   5  20  10   1  18   9  37   7  10   8   5   9   1   4 
 25   3   2  10  19  12   1   8   4  22   1  16  12  40  20   7 
  2   9   8  17  22  63  10  50  16   1  13  14  36  28  58   7 
 13  15   9   7   4   1   5  18  28   8  19   9  19   3  16   5 
 27  32  33  24   2  21   4  14  10   6  13  11  12  15   4   7 
 13   2   9   4   9  12   5   9  32  18  27   5   3  26   9   1 
  6   3   4   3   4   3   0   0   1   3   0   2   2   1   2   8 
  2   2   1   2   2   2   0   2   2   1   4   1   1   2   1   1 
 10   1   4   6   8   1  12  18  10   3   2   2   1   2   1   2 
  3   2   3   4   1   2   1   1   1   2   1   5   1   5   5   8 
  2   1   5   7   5   1   0   2   7   4  10   7   2   6   3   1 
  1   0   1   2   3   2   0   3   1   2   0   1   2   2   3   2 
  2   1   2   1   2   6   3   3   5   3   4   1   2   0   4   7 
  2   4   6   1   1   1   1  12   3   1   1   2   2   3   2  10 
 12   5   8  10   8   3   0  13   9   4  13   1   4   9   3   9 
  1   3   6  14   7  10  20  30  15   1  13  21  40   1  13   2 
  2  16   6   3  14   4   4   2   4   2   1   0   1   2   1   1 
  8   2   1   4   5   2   1   3   4   0   2   2   1   2   3   4 
  5   7  12  14  15   4  11  11  35  29  10  39  35  45  13  14 
 52  44  26  18  28  15  14  29  44   0  18   1   5  16  10  12 
  9   1   4   4   0   3   0   3   4   8   8   2   1   0   4  13 
  7  24   8  32  19  21  15   3   4   7   2  12   1   2   8   4 
  4  19  12   8  12  15  15   7  20   9  11  11   9  14  15   8 
 20  15  17   4   3   5   1  13   4  27 101  56  49  36  48  19 
 18   8   3   9   2  10  13   3   5   9  25  18  14  40  26   4 
  5   7  13  10   4  13   6   6  14   5  12  31  11   7  17  15 
 11   9  14   3  26  43  29  47  84   4   2   7  45   8  39   7 
 70  11  14   9  24  27  25  19   1  28   4  39  20  31  14  40 
 37  53  15   5  10  32   0  12   1   6   3  12   8   8   7   4 
 15   3   2   3  12   5   5  10  16   7  36   9   9  35   5   4 
  1   1   4   3   1   1   1   6   8   4   4   3   1   5   1  12 
  9   6   5   3   5   7   8   9   5   1   0   0   2   1   1   4 
  4   3   1   1   5   1  13  19  15   0   4   2   1   2   3   1 
  4   3   3   1   3   4   1   1   8   2   3   2   2   1   2  13 
  2   2   3   4   1   1   1   3   5   0   6   3   2   1   1   0 
  2   2   1   4   3   2   2   4   3   1   3   1   4   5   0  11 
  8   0   1   5   6   1   2   3   4   1   3   2   8  14  10   9 
  9   2   0   2   0   1   4   8   1   2   0   0   2   1   0   1 
  2   1   1   3   7   7   1   7   1  10   6   5   7   2  10   3 
  9   7   9   1   2   9  13  24  29  15  46   2  37  22  10  22 
  1  18   8   2   5   9   1   1   2   1   4   3   1   2   1   5 
  2   3   1   2   3   2   2   1   1   0   0   1   1   1   1   3 
  9   3   0   4  15   2  13   3   4  18  11   3  16   2  35  48 
 26  30  16   8  15  16  19  37  21   8  12  12  13   3  11  30 
 19   1   1   1   3   4   1   8   6   8   4   3   7   4   7  19 
 24   7   9   6  10   5   9  12   9   5   5  10   2   1   5   3 
  7  12  13   2  11   1  16  46   9   1  27  12  30  21   2  15 
 24  28   8  53   9   8   6   5   7   2  37   4  40  15   1  22 
 21  16   5  14  12  26  10  19  36   4  21   3  11   8  12   5 
  4   0  11  24  22   0   4  12   1  32   4   2   7  14  16  38 
 14  38  15  18  29   8  80   2  54  64  35  38  13  39   5   4 
  9  29  35   2  14  44   8  32  22  36  27  54  27  58   1  21 
 62  12  38  23  53  18   9   7   9   9   8  15  25  12  25   6 
  8   5   3   8   2   7  15   4   8  16  19  50  35  33  25   2 
 12   9   8   2   4   6   5   2  15   8  10   7  10   9  10   4 
  8   3   4   4   1   5   3   2   9   4   2   7   8   3   2   7 
 17  10   9  12   3   2   1  22   8   1   3   2   1   6   2  12 
  5   1   4   2   9   8   5  12   8  11   2  13  13   5   9   2 
  3   4   7  12  13  10   3   7   5   2   2   3   1   5   1   5 
  2   6   7   3   1   7   6   3   8   2   2   0   9  14  12   5 
 17   5   4  12   7   1   0  10   6   5   3   2   3  15   6  13 
 18   1   4   8  12   2   3   5   7   3   2   1   1   2   7  14 
  9   5   4   1   9   8   1  14   1  18   7   6   7   9  15   4 
  7   9   1  26  23   5   2  26  28  20   4  19  34   0  39  10 
  4  16  13   3  15   3   4   2   6   2   3   1   3   4   2  10 
  3   1   6   4   2   7   3   4   8   2   2   3   1   1   2   3 
  3   2  31  19  15   1   4   7  56  15   3   4  48  42  19  48 
 30   1  12  17  21  10   0  18  14   4   5  12  14  20  41  56 
 20   2   9   4   9   4   8  11   8   4   3   1   9  18  10  11 
 10  48  11  36   4   7  20   2   4   8   2  12   5   6   2   2 
  1  14  22  15  12   8   9   2   1  18  20   6   8   5   5   5 
  7   8   4   5   7   4   1  11   1   4  10  10   6  19   4   7 
  4   7   9   7   2   3   4   3   3  10   1   7   6  18   8  20 
 22  12   8  13   2   8   8  18  15  35  39   7  12   9  16   1 
 22  39  46  39  64  11  37  25  65  14  19   2  10  29   1   2 
 39  22  21  13  22   5  33  26  18  58  32  18  83  75   6   9 
 36  19  20   4  41  20  29   5   4   8   9   0   3   5   3   6 
 11   9   8   8  11   1   2  13  16  10  29   3  48   3  51  18 
  4   7   8   1   5  13  12   7  15   1  10   1  15  14   0  11 
  0   3   4  14  12   2   9  10  10   7   2   7   5   1   0   1 
 25  11  22   2  10  12  13  12   5   6   7   4   3   5   1  14 
  3   7  19   2  31  16  11   9   5   9   3   4  11   4   2   3 
  3   1  10  19  11   4  11   9   5   1   5   7   3   3   5   5 
  1   0   5   3   2   1   2  11   5   8   5   1   3  17  31  58 
  4   3   1  16  22  10   2   9   7  17   4   4  11   8  15  30 
 13   9  14  11  12   8  15   4   4   1   1   0   1   0   5   2 
  5   5   8   7   5   2   5   7   5   5   2   0   6   6   1   4 
 18   9   7   9  20   5  21  27   3  14   9   1   7  16   2  18 
 13   5  14  12   5   7   2   9   7   2   9  11   4   2   3   1 
  0   1   1   3   2   1   1   4   1   0   1   1   1   1   3   7 
  8   4  17  14  25  10  12  12  52  33   2  22  15  31  15   8 
 18  17  15  16  15   7  10   7  32  26  19  32   2  16  16  63 
 26  21  27  18  14  53  15  22   1   1  11  11   1   3   1  49 
  4   9  16   1   1   2   4   3   3   4   5   1   8   4   3   2 
  7  14  26  21  13   3   6   8  14   4   9   6   5  13   8   3 
  2   1   2   5   2   1   4   2   6   4   1   2   3  12   9   1 
  1   5   5   2   1   2   2   6   4  13   9   3   5  16  22  19 
 16  12   8   3   5   7   7   9   2  13  19  15   0  13   1  22 
  4  17  26  13  25   3  11  17  10  32  39  29  21   1   5  27 
 18   3  25  25  39  31  39  48  22   4  13   7  70  50  15  14 
 42  22  40  29  11   3   9  30   9   4   3   5   7   4   4   5 
  7   1   1   8   4   4   3  10   1   2  16   2  38  15  20   2 
  5   1   3   3   2   2   2   2   6   1   6   4   4   7   2   4 
  3   2   1   5   2   7   5   3   0   3   1   1   2   3   1   2 
  2   2   4   5   3   1   3  12   1   1   2   1   3   6   2   4 
  8   3   4   5  15  19   2  10   6   4   2   4   4   5   2   1 
  7   3   7  14  12   1   7   9  11   4   3   3   8   8   7   1 
  2   1   2   4   3   5   5   5   1   2   1   6  13  12   9   1 
  9  13  15  15  18  27  27  21  22   9   5   2  12  15   4   9 
  2   4   3   5   4   7   7   3   3   4   2   2   2   2   5   9 
  6   1   1   2   2   2   4   3  13   1   3   5   3   1   1   5 
 10   6   4   2  19   8  15  28   9  14   4   2   1   9   5   3 
  8   4   1   2   4   3   2   2   9   4   1   2   0   4   3   3 
  4   0   2   0   0   0   1   1   2   2   2   1   0   1   1   4 
  7   2  14   2   1   9  36  26  24   6  43  59  39   8  29  15 
  5   1   3   3   2   8  14  32   8   6   1   8   3  13  18  18 
 23   9  21   4  16  28  14   3   3  10   7   4   5  12   7  28 
 12   1   5   4   3   3   3   5   5   3   2   2   3   2   3   5 
 18  21  33  21   5  14  10   1  29   5   3   1   4   4   1  19 
 17   5   2   0   3   6   4   8   3   0   0   1   1   4   1   2 
  1   4   5   2   3   1   1   0  10   8   8   3   4   4  11   5 
  9   3   2   1  14   8   4   5   9   2   1   9  19   6  25  22 
  7  14   1   5  10   9  17   9  25   8  54  24  36  18   5  15 
 26   9  15  19  11   3   3 117  50   4  12  60  58   4  47   8 
 47  45  12   8   9   1  19   1   2   2   1   8   4   3   4   6 
  7   1   3   6   2   9   3   9  11   8   7  16  20  27   3  17 
  8   1   3   2   1   0   3   7   5   2   7   4   3   2   1   1 
  4   1   5   2   7   9   3  10   2   1   2   2   1   3   2   1 
  9  12  10  12  10  12  12  22   2   1   3   2   2   3   2   2 
 19   8   2  13   7  23   4  22   2   3   3   3   2   1   1   3 
  2   2   2  10  12   5   3   3   8   4   6   4   3   2   4  14 
  1   2   1   4   4   7   5   7  16  10   9  13  13  10  13  19 
  4  12  14  15  25  34  28  22  21  12   5   4   1  14  25  10 
  6   3   5   4   3   3   1  12   9   2   4   3   1   3   3  12 
  5   1   1   2   1   1   1   6  21   5   2   7   6   4   1   1 
  4   4   3   2  19  12  10  39  13  18   1   1   1  17   1   7 
  7   6  13   4   7  14   8   2   5   4   1   7   4   5   2   0 
  6   1   2   2   1   1   1   5   3   0   0   1   1   1   2   4 
  4   5  10   8  19  14  26   5  67  49  35   3  21  12  18  68 
  5  10   7   1   5   5   1   2  32  33  13  23   3  29  41  26 
 44  11  10   1  29  10   1   1  11  27  21   4   8   8   5   2 
 18   7   6   3   3   4   0  10   4   4   5   1   2   2   2   5 
 26   4   5  13   6   5  10  15  14   2   5   8   9   7   8  10 
  7   3   2  10   7   3   4  10   2   2   3   4   4   4   4   0 
  8   1   2   7   8   4   1   8  26   4   1   1  10   7   5  30 
 18   2  12   7   9   2   4  16  11   7  14   1  44   6  31  11 
 25  26   2   6   5   1  13   7  16  17   5   8  12  37  34  25 
 56  26  34   1   3  30  28  76  24   0   7  53  42  42  25   3 
  1  15   1   9   5   4   6   9   3   1   2   5   3   4   3   5 
  2   2   1   1   3  10   4   3   2  13   7  26   2  10   1  11 
  7   1   2   1   2   2   1   4   1   1   2   3   4   3   1   2 
  2   2   2   0   4   7   2   9   8   1   1   1   2   3   2   1 
  1  15  16   3   2  19  14   9   1   2   3   4   2   1   0   1 
  5   7   1  10   9  14   5  21   6   6   6   4   2   1   0   2 
  7   2   5   5   2   2   3  16  16   4   2   8   7   4   2   9 
 10   7   7   4   5   3   3  12  19  13  15  15  19  24  21  10 
 33  30  36  44  41  33  33  38  26  29  27  26  19   9  22   4 
 18   0   9   1   6   0   8  13   2   1   1   3   2   2   0   3 
  4   1   2   1   4   5   0   8  22   8   1   4   3   0   1   5 
  2   2   4   2  14  15   3  48  11  19   3   1   3  16   2   5 
  3   4  12  10   1   9   5   2   2   2   2   4   7   8   5   2 
  5   3   0   1   0   1   1   2   1   0   0   1   2   1   1   4 
  2  12   1   4  18  28   2  21  14   9  50  56  40  25  11  13 
 16  17  19  20  16   8   4   5  39  20  14  14   5  13   9  59 
 22  24   2  17  24  20   4   2   0   8   4   1   4   9  23  15 
  9   8   7   1   2   1   4   5  10   1   2   3   4   2   2   2 
 22   2  13  15   3   9   1   8  10   7   0   2   2   3   1  11 
 30  19   7   7   9   5   5   2  12   3   4   1   2   1   2  13 
 13   2   1   6   7   5   1   5  10   3   4   8   2   2   5  21 
 29   5   9   3   7   4  14   1   9   7   8   2  29  16  16  32 
  9   7  17   4   9   3  13  12   4  24  12   4  10  41  38  44 
 20  25   7   2  30   3  25  25  14  36  40   6  16   0  18  16 
 39  14  10   7   4  15   4   3   3   2   1   1   0   1   2   7 
  6   4   6   2   1   0   5   8   6   7   4  10   7   4   4   6 
  0   2   1   0   1   1   0   1   2   3   2   2   1   1   3   2 
  3   2   0   1   1   5   1   1   7   1   1   2   0   3   1   1 
  3   4   4   3   4   8   7   4   3   2   4   2   1   1   1   7 
 14   6   2   6  22  12   7   2   3   4   4   2   3   4   7   9 
  3   1   8   8   2   3   5  12   1   6   4   5   1   9  14  14 
  8   8   4   4  10  14  13  13  13  12   7   6   7  10   6   5 
 25  20  18   9   4   3   6  16  18  12   7  10  14   4  10  13 
 20   6  11   1   8   1   3   3   4   4   1   2   3   3   2   2 
  5   2   1   2   5   6   4   4  11   1   1   3   2   0   2   2 
  3   3   3   1   9  17   3  54   8  20   5   2   0  12   1   0 
 12   4   6   8   7   3   1   3   9   6   6   3   2   1   4  11 
  5   1   1   1   2   3   1   4   4   0   2   2   0   1   1   3 
  5   7   3  14   2   8   8   8  21  38  31   7  25  36  46  58 
 24  30  19   7   6  14  11  10  15  16   8   3  10   6  29  31 
 11  26   7  32   9   5  22  19  21  25  22   4   6  18  22   8 
  2   3   8   1   8   8   3  12  21   5   5   2   4   2   0   3 
  5   6  13   5  11   9   2   1   6   1   0   9  12   3   1   4 
  1   3   6   1   5   9   8   7  18   4   0   3   1   0   2  13 
  3   7   5   1   5   3   1   2   5  12   1   9   1   3   4   8 
  3   4   5   4  19   8   7   2  10  10  22   7   3  38   2   5 
  1   0  16  10  23   8   4  21  15  13  19  20  29  31  18   8 
  7  33  18  35  15  19  13  89  22  70  15  10  31   8  16   2 
 17  16  17  12   8   5   5   8   4   2   3   1   1   1   1   5 
  9   0   5   1   6   7   1  12   4   5   1   9   6   7   4  10 
  3   1   1   2   2   2   2   5   3   1   4   4   1   2   1   3 
  2   2   1   1   5   8   4   9   2   1   1   2   1   2   0   6 
  1   9   7   2   3   7   4   4   3   1   1   1   2   3   1  10 
 12   4  13   4  22   8   8  15   5   7   4   3   1   1   2   4 
  5   0   0   2   5  10   2   2   4   3   8  11  14  14   6   4 
 14   7   7   7   9   7   4   6  19  11  14  16  15   9   9  18 
 14   3   7   7   0   3   3  11  30  17  26  21   7   5   9   8 
  4   9  10   1   5   3   3   8   2   0   2   1   1   0   2   3 
  4   2   1   2   3   3   1   1   5   3   3   2   1   2   2   4 
  1   4   2   2   1  20   8  52   2  18   4   2   4   8   5   2 
 10   8   3   2   8  12   4   5   6   3   1   1   1   1   2   6 
  1   2   2   1   2   3   3   8   7   1   1   1   1   1   1   2 
  6   2   9   8   5   1  17  10  18  26  19   3  13  36  20   3 
 27  24  27  22  10   5   4   2   8  30   4  10  21   7  29  24 
 11  10   9  23  13  14   1   7   3   8   9   7  13   9  13  23 
  5   3   8   1   5   5   1  18  12  10   8   1   1   8  10  12 
  8   9   9   0   5   5   3   5   2   8   8   5  10   1   4  10 
 28   8   5   4   3  18  15  11   7   4   6   0   2   3   3   1 
  1   7  10   4   2   0   2   1   1   7   1   2   8   5   1   8 
 19   5   4   2  13   9   1  10  15   3  30  21  10  15   1   8 
  3  14   3   8  15   4   2  43  14   7   1  21  31  49  32  55 
 27  33  24  21   4  46  19   1  19  21   3  10  12  36   4   9 
  4  13   8   4   8   3   6  10   7   0   4   3   2   4   1   1 
  7   3   2   1   1   4   3   4   7   7   2   8   2   1   4   0 
  4   1   0   1   1   2   1   2   1   1   1   0   0   1   1   1 
  1   3   1   3   2   3   2  12   4   1   3   0   2   3   2   6 
  1   5   7   4   5   8   6   4   4   0   1   2   2   3   1   2 
  5   5  12  10   6   7   5  14  19   2   0   3   4   6   6   2 
  8   1   5   2   5   5   2   2  13  10  11   5   3   1   8  14 
 15  10   2   1   2   7  12  18   1   2   3   1   7  12  15  16 
  2   1   7  10  10   6   5   3   1  10   4   3   6   9   8  18 
  3   5   3   2   2   2   3   5   2   2   2   1   1   1   2   3 
  1   1   0   1   1   1   1   5  12   3   2   1   2   1   2   2 
  4   4   3   1   3  19  15  46   3  17   4   0   5   2   8   4 
  2   3   8   4   3   4   6   4   1   3   4   4   2   2   3   9 
  9   3   1   0   2   2   1   7  10   1   0   1   0   1   1   2 
  1   3  10   2   0   6  12  14  70  26  18  36   8  43  33   7 
 33  28  19  14  10   4   1   1  13  11   3   2   2   3   1  26 
  5  20  14   3   5  24  16  20   8  21  14   5   7   1   4   9 
  7   1   5   1   2   2   5   8  11  10  10   9  14   7  13   7 
 31   4  21  25   1  15   5   9  16   7  12   2   6   5   4   5 
 11   1   8  20  15   1   5   7   9  13   8   7  14   6   1   3 
 14   2  10   5   1   2   9  15  14   4   3   3  10   3  15  14 
  7  20   7  10   8   8  13  10  35  14  30  36   4  31   8  27 
 18  30   1   8   2   7   1  22   9  22  25  62  14  55   1  45 
 48  12  24  27  47   7   9  24  18  18   9  16   4  10  28   8 
 18   8   0  14   7  16   3   2  13   1   8   5   7  13   6   9 
  6  12   8   6   4   1   4   0   6   2   3  13  22   7  20  10 
  6   4   4   3   3   3   2   1   2   4   6   7   2   0   2   1 
 10  10   4   1   7   7   5  14   7   3   4   3   3   4   2   7 
  4   8   2   9  11   1   7   4   6   1   1   1   3   7   9  10 
  2  21   6  20   0  17   5   7  31   3   0   2   3   3   1  13 
  6   2   2  10  10   1   2   7  21   7  13  30  33  24  18  24 
  5   4   3   4   1   6  10  15   2   9   9   2   9   9  12  21 
 14   2   7   9  10  10  10  11   7  22  14  12   8   4   5   4 
  9   5   7   1   9   4   4   3  16   7   4   2   4   5   1   3 
  2   6   9   1   9   8   5   9  13   2   3   3   0   0   3  10 
  6  11   4   1  12  22  20  43   6  10   8   3   4   3  13  17 
 15   1  12  11   3  13   9  11   5   5   5   2   1   0   0   9 
 31   8   5  12   7   1   1   2   5   0   2   3   1   1   1   3 
  3   2  10   9   2   2  14  16  36  24   7   4   2   7  19   9 
 20   3  14  22  20  12  12  30  15   4  24  19  36  13  27   8 
 19  50   5   3  36   1   8  19  29  19  16  22  18   5   2  13 
  7   2   8   5   7   8   7   6  37  11  19  22  28   5  12  10 
 23  21   1  26   4   3   7   1   9   3   4   3   5   2   2  11 
  7   4   2   2   1   3  10  14  12   4   2   7  11  11   8   7 
 21   1  10   8   3   3   7   7   1   2   1   1   6   9   1   3 
 14   5   5  10  23  14   4   8  11  12  27  25  18   4  52  20 
  3  23  16   7  12  13  64  59  12   9  53  10  19  18  47  13 
 28  11  30  25  53  32  25  16   7   0   2   3   5   7   2  14 
  5   9   4  22  14   6   3  14  14   1   6   2   7  11   3   7 
  6  24  10  14   4  11   3  12   1   4   4   6   8   4  11   4 
  7   5   5   5   3   1   1   2   4   2   1   2   3   1   1   1 
 12  21  10  13  15   7  19   8   5   2   1   2   0   3   1   1 
  4   5   5   1   4   3   1  14  37  22  20  11   3   2   0   7 
  7   3   2  16  26  31  26  32   2   4   1   1  14  11   2  10 
  7   3   3   7   2   1   5   2  45  25   7   8  13  11   9   5 
  9  11  11   9   4   2   5   7  12   9   8   2   2   1   6   7 
  6   7   7   3   6  11   9   4   5   8   3   1   1   3   3  11 
  5   4   3   0   2   2   4   7  12  10   2  15  13   9   1   1 
  5  12   9   2   7   1   3   1   5   3   8   5   5   8   3  13 
  2  15   3   3   6   7  19  28  55  64  25  16  10  15  16  16 
  5   4   7   7  18  21   2  19   5   7   4   4   5   2   3  15 
 33   0  27  25   4  15   9   7  15   3   0   2   5   1   3   4 
  4   4   6   6   4   2   8   3  46   5  14  22  34  27   9   3 
 19  13   9   2  31  53  31  10  10  22  49  31  12  16   9  13 
 38   0  18  49  50  12  10  15  22   1   4   4   4   2   2  11 
  2   8  12   8   1   3   3   2   2   1   8  10   9   3   2   4 
 43  27  18   3   9  12   2   5   3   3   1   3   3   9   4   3 
  2   1   1   1   4  13  13  13   7   3   4   2   4   1   1   0 
  3   1   7  12   8   2   3  10   3   3   5   2   1   1   1   2 
  1  18   2   9  15  27  22  51   1  12   3   4   8   2  10   2 
 21   4   6  20   9  31  64  10  52  15   7  14   1  31   8   2 
 39  15   2   2  10  20  25  22  16   9   7   3   1   1   4   0 
  3   8  12  12  16  17  14   7   9   8   6   3   3   7   6   9 
  7   3   0   6   4   8   2   2   1   2   2   1   5   1   0   2 
  3   2   2   2   1   1   0   1   3   2   1   1   0   0   2   2 
 10  10   9   4   1  14  12   4   7   2   2   1   1   4   0   2 
  8   3   3   1   1   6   3   6   2   4   5   7   9   5   4   3 
 11   7   9  11  10   7   9  12   4   5   3  12   3   7  10   2 
  5   8   8   5   5   5   6   8   5   3   7   8   5   5   7  12 
  4   2   2   1   1   0   1   2   1   1   1   1   2   1   0   2 
  1   3   4   3   2   1   1   3   1   2   3   1   1   1   3   4 
  3   1   2   1   0   1   1   4   8   2   1   1   1   2   1   7 
  2   3   5   2   4   2   3  13  10   1   4   6   6   4   1   1 
 10   5   6   2   4   8  14  30  44  50  20   4   5   3   5   7 
  4   3   3   1   6   4   2   1   5   3   4   3   4   7   5  12 
 15   2   1   6   4   2   2   5   3   0   2   5   7   2   4   8 
  1   2   1   1   2   2   6   3  63  42  54  59  36  14   3  20 
 24   3  20  17   2  15  29  59  39   5   4   3  13  17  13   9 
 20   2  14  15  15  16   2  16   4   2   4   2   2   0   1   3 
  1   2   5   3   3   2   3  12   9   3   5   5   8   0   2   1 
  4   1   1  11   2   0  13  24   5   6  14   8   1   7   5   2 
  9   5   1   3   1   4   2   2   7   2   0   8   9   8   2   5 
 21   3   8  13   9   1   2   6   1   5   7   2   1   6   4  12 
 10   8  35  16   9  25   7  70   3  29   1   2  30   7  19  11 
  7  10   5  39  75  10  37  17  21  31   5   2  22  37  12  25 
 44  35  10  19   1  24  43   4   2   5   4   4   9   4   1   5 
 18  13   4   4   6   1   7  14   4   1   0   1   1   1   3   2 
  4   2   2   3   8   6   1   2   4   4   5   2   1   2   2   1 
  0   1   1   1   1   1   0   1   0   0   0   1   1   0   1   2 
  3   8   4   2   5  18   7  16  13   2   2   0   1   4   3   1 
  4   1   1   1   8   9   2   8   8   9  11   9   9   6   3   2 
  7   2   1  12  18  17  14  12   2   8   3   7   3   8  13   8 
  3   3   2   0   3   1   1   5   1   5   9   5   1   3   2   7 
  5   1   8  10   4   3   5  11   4   4   1   3   2   3   1   4 
  4   2   1   0   1   3   2   3   1   2   3   1   2   3   1   1 
  2   2   3   1   1   1   2   8  10   2   1   4   3   1   1   2 
  2   3   3   1   2   2   4   9   3   3   3   1   7   7   4   3 
  4   5   7   1   3   8  17  17  47  45  11   3   2   2   4   3 
  5   2   3   2   1   3   5  18  14   7   3   4   5   2   0  14 
  7   9  13   5  10  18   5   3  11   4   2   5   4   3   2   5 
  8   1   3   0   1   3   5   9  42  28  10   4   2   1  14   7 
 22  25  33  27   3  13   4  14   8   3   3   5   3   0   1   2 
 30   4  13  14  12   9   2  10   8   5   3   3   1   2   2   3 
  2   1   3   1   0   2   1   6   8   5   6   0   1   3   3   5 
 24   1   7   3  14  18  10   3   4   7  10   7   2   2   1   2 
  4   2   3   6   5   4   5   9  10   2   0   7  12   5   3   2 
 15   8   4   5   3   1   3   5  11   1   2   5   3   5   4   9 
  1   8  53   9  39  13  32  34   1  22   3  14  22  16  14   9 
 12   3  14  35  75  54   1  10  26  30   8  15  10   2  34  30 
 11  25   6  18  26  16  22  26  19   2   1   7  12   8   2   4 
 10   2   4   4   2   6   8   0   8   7   7   3   2   5   6   4 
  7   2   3   9   5   1   0   4   5   5   5   3   2   3   3   5 
  1   1   0   1   1   3   1   1   3   3   3   2   2   1   1  10 
 12   5   0   1   5  10   2  23  12   3   1   0   1   5   4   1 
  7   2   1   1   1   2   2  15  12   2   1   1   1   1   1   3 
  2   9   7   2   4   1   5   9   1   7   5   3  12   7   4   2 
  4   4   6   8   5   6   9  18   4   1   1   4   6   9   9  15 
  6   2   4   3   4   3   3   3   6   3   2   2   3   2   0   2 
  5   4   6   3   2   2   1   4   0   2   2   2   1   0   1   3 
  2   3   3   2   1   2   2   2   4   2   3   4   4   5   3   8 
  8   1   1   1   2   3   5  10  10   1   5   8   2   1   4   4 
  8  10   5   0   3   4  22   3  56  41  11   4   1   2   7   4 
  4   3   2   0   1   1   3   9   1   7  10   4   4   3   6   1 
  2   5  16  10   4  13   8   1   4   2   5   8   4   2   5  11 
  4   3   1   7   9   1  10   9  52  38  30  27  35  19  10  16 
 26   1  18  18  12   7  10  39  12   2   1   1   8  14  10  10 
  7   4   3   7  10   3   1   3   2   2   2   1   1   1   1   3 
  5   1   4   5   4   3   3   6   3   3   5   3   3   5   6   1 
 63  11   6   6   9  18  11   8   2   2   3  10   6   1   1   1 
  8   4   7   5   1  10  10  13  12   2   2   3   6   3   3   6 
  4   1   5  10   4   5   3   4   9   2   2   8   5   2   5   3 
 18  10  31  40  47   9  29   7  17   3   5  26  13  28  19  10 
 64  29   3   7   9  20   4  40  14   6   3   2  13  24  22  13 
 10   1  11  10  57  22  12  15   7   5   8   4   1   1   4   7 
 12   2   3   1   3  10   5   6   5   4   1   3   1   3   4  11 
 15   7   0   7   7   3   7   1   1   1   4   1   3   1   4   4 
  1   2   0   1   3   1   2   1   1   3   2   1   1   0   1  10 
 15   2   2   0   2   3   2  11   4   0   1   3   1   3   2   5 
 12   0   5   1   7   5   2   5  10   1   5   1   2   3   2   2 
  4   4   1   2   1   6   6   2   8   3   1   1   9   5   1   7 
  2   2   1   4   7   5   2   6   7   3   2   1   4   7   1  12 
  3   2  10   8   5   1   6  15   4   0   2   2   2   0   0   2 
  2   2   4   3   1   0   2   4   1   1   1   1   3   2   0   4 
  3   0   1   2   1   0   1   3  10   2   0   1   2   8   5   6 
  4   3   4   1   2   3   5  16   3   0   0   1   5   5   2   0 
  6   9   3   8   2   4  17   8  70  23  25   4   1   4   6   5 
  4   1   4   5   3   1   1   5  27   3  10   4   5   7   1   2 
  0   1   3   9   9   3   2   7   7   2   5   9   9   5   3   5 
  5   7   4   4  10   9   4  17  17   0  14  18   2   1   8   8 
  8  16  24  10   1   7  13  14  10   2   1   2   3   2   3   1 
  2   3   4   6   8   7   1  10   1   2   3   4   3   1   0   2 
 10   3   1   1   1   3   2   3   3   3   1   2   2   2   0   2 
 42  18  16  13  15   3   1  29   7   0   5  10   5   7   5   1 
  4   2   2   5   2   7   8   4   2   7   5   3   2   0   2   1 
  9   9   8   2   6  10   3  13   3   3   3   1   0   4   0   8 
 10  33   2  30   4  22   1  27  17  14  11   8  40  35  27  18 
 12  43   1  14  37  11   2  17  14   5   7   2   0   2   5   5 
  1  18   8   9  41  59  42  29   2  10  11   4   0   0   0   6 
 18  10   7   1   4   9   9   5   1   1   2   2   2   2   1   0 
  1  13   0   2  19   4  16   4  10   2   1   4   5   3   1   2 
  1   0   1   1   1   2   1   4   5   2   3   1   2   2   3   0 
 12  13   1   1   2   8  13   3   3   1   1   1   0   3   1   7 
 10   6  12   2   7   7   1  11   3   7  10   3   1   3   4   2 
  0   1   2   0   4   9   5   9   5   1   9  17   7   7   6   5 
  1   2   6   8   9   8   4   4  10   1   3   4  14  14   9   7 
 20   3   7  10   1   1   2  12   1   3   1   3   3   2   2   5 
  5   1   1   1   1   1   2   1   2   1   2   4   3   1   1   6 
  5   2   1   0   2   1   1   3   4   1   7  14   9   2   8   2 
  1   1   3   4   4   5   0   1  16   2   5   9   3   3   6   9 
 12   1   2  14  10   3  10   2  69   1  30   7   2   7   8   5 
 12   6   1   3   4   3   3   5  20   4   7   9   1   9   9   2 
  1   7   4   2  11  14   2   7   5   5   3   3   0   3   7   9 
  7   1   8   7   4   6   4   4   7   2  15  18   4   3   8   2 
  9   1   9  11   3   5   4   8   4   5   9   4   2   3   0   4 
  9   1   2   2   3   8   3   4   8   3   3   1   1   2   2   4 
  3   1   4   3   2   1   2   1   6   2   2   6   6   7   7  12 
 43  12   1   5   5   7  17   8   7   5   7   3   2   8   8   4 
  8   5   2   4   3   0   5  16   9   5   3   1   0   3   0   4 
  3   8  14   6   0   5   2   5   5   5   3  13   6  12   8  12 
 18  42  28   7  33   1   8   8   5   5  21   5   5  12   7  12 
 67  14  17  16   1   8  26  10  32   3   3  12  14   6   3  14 
 10   8  19   9   5  66  22   4  10   4   1   4   7   3   3   8 
  3  11  16  14   9  10  10  10   7   5   2   2   0   1   8  15 
  3   8   6   2  25   2  25   9   5   1   4   1   8   3   1   1 
  1   1   1   0   1   0   1   2   6   2   0   2   1   1   3   2 
  3  16   7   1   1   6  18   5   5   0   0   1   1   3   2   5 
  4   7   9   3   4   6   1   6   4   7   7   1   5   1   1   6 
  2   5   5   3   8   9   3  12   8   5   5  12   3   3   5   3 
 14   3   1   0   1   2   3   1   1   1   1   1   1   4   2   3 
 14   4   0   1   3   6   3   1   4   1   1   0   2   1   2   3 
  2   1   4   1   1   2   2   4   4   1   1   2   2   3   3   4 
  5   2   1   1   1   1   0   0   2   2   4  15  14   3   7   1 
  3   0   2   0   0   8   5   7  14   3   2   3   5   1   3   9 
 10   2   7   8   4   1  13   4  48   8  28  12   8   5   6   2 
  3   4   3   4   1   0   2   1   5   4   3  10  11   4   5   2 
  2   6   6   2   4   6   3   1   3   1   6   7   5   1   3   9 
 12   5   1   4   8  14  14  12  29  18  19   7  10   8   3  14 
 12   2   3  12  19  12   2  26  15   8  15   9   3   5   3   2 
 10   0  10  12  10   7   3   8   5   3   3   3   0   1   0   5 
 10   5   3   2   4   4   1   2   5   0   1   2   2   3   5   8 
 49  14  14  19  17  16   2  29   5   3   7   2   5   2   1  14 
  8   6   5  13   3  13  10  10  12   6   2   8   4  15   8   7 
 21   2  19   4  21   8   3   9   2  16   4  36  18  12   4  58 
  8  52  63   4  26  70   1  35  31  31  19   9  90  61  10   1 
 66  17   7  13  22  45  49  13  11  36  31  16   2   6  22  25 
  3  22  24  17  24  50  43  22  16   4   5   7   9   5   4   7 
  6  12  13   5  12   1   5   3   5   8  10   4   2   4   2   1 
 11   3  20   5  34  15  33  10   2   8  12   2   7   5   3   9 
  1   1   1   3   5   5   2   1   7   2   1   3   2   1   1   1 
  1  22  20   4   4   3  24  16   3   1   4   0   2   7   1   8 
  3   4   7   9   4   5   6  10  10   1   9   1  15   2  12  11 
  9   4   4   4   3   3   8  27  22   2   2   7  24  12   9  15 
 19   2   1   3   5   4   2   4   2   8   8   3  14  20  12  12 
 16  10   9   5   2   1   1   1   2   1   1   2   3   1   2   1 
 10   4   1   2   7   9   6   2   7   1   2   4   3   0   4   1 
  8   3   2   1   1   4   4   1   1   2   1   3   3  10  13  13 
  8   5   2  10   4   4   4   1   0   5  16  10   2   4   3   1 
  4   8  13   1   4   3  25  13  36   1  35  21  20   9   5   2 
 17   2   9  13   8   2   3   5  10  22  25   9  21   1  10   5 
  1   1   3   2   7   3   4  13   3   0   1   2   7   6   6   8 
  2   1  12  24  20   6  10   8  88  49  21   5   9   1  10  12 
  3   1   7   2   5  20  18   0   3   7   7   6   2   1   2   6 
 12   3  13  16   5   5  11  11   2   1   1   1   2   2   3   5 
  6   7  11   7   2   2   1   3   2   1   1   1   7   4   3   4 
